{
  "within_event_time": {
    "1": {
      "rows_train": 23690,
      "rows_test": 7498,
      "auc": 0.668956995274098,
      "brier": 0.22331005645824767,
      "pr_auc": 0.5425361082606962,
      "event_count": 1,
      "train_ratio": 0.7975264635990494,
      "pos_rate_train": 0.3144364710848459,
      "class_strategy": "none"
    },
    "2": {
      "rows_train": 23690,
      "rows_test": 7498,
      "auc": 0.6276216678384277,
      "brier": 0.24386776547356012,
      "pr_auc": 0.5928672811000946,
      "event_count": 1,
      "train_ratio": 0.7975264635990494,
      "pos_rate_train": 0.43220768256648373,
      "class_strategy": "none"
    },
    "4": {
      "rows_train": 23690,
      "rows_test": 7498,
      "auc": 0.5950534102010958,
      "brier": 0.24661844509932435,
      "pr_auc": 0.64785696469989,
      "event_count": 1,
      "train_ratio": 0.7975264635990494,
      "pos_rate_train": 0.5407344871253693,
      "class_strategy": "none"
    },
    "8": {
      "rows_train": 23690,
      "rows_test": 7498,
      "auc": 0.5208151131989144,
      "brier": 0.2510424219718911,
      "pr_auc": 0.7062682700875851,
      "event_count": 1,
      "train_ratio": 0.7975264635990494,
      "pos_rate_train": 0.6303925707049388,
      "class_strategy": "none"
    }
  },
  "groupkfold_event": {
    "1": {
      "rows_train": 37032,
      "rows_test": 0,
      "auc": null,
      "brier": null,
      "pr_auc": null,
      "event_count": 1,
      "folds": 0,
      "note": "insufficient training data"
    },
    "2": {
      "rows_train": 37032,
      "rows_test": 0,
      "auc": null,
      "brier": null,
      "pr_auc": null,
      "event_count": 1,
      "folds": 0,
      "note": "insufficient training data"
    },
    "4": {
      "rows_train": 37032,
      "rows_test": 0,
      "auc": null,
      "brier": null,
      "pr_auc": null,
      "event_count": 1,
      "folds": 0,
      "note": "insufficient training data"
    },
    "8": {
      "rows_train": 37032,
      "rows_test": 0,
      "auc": null,
      "brier": null,
      "pr_auc": null,
      "event_count": 1,
      "folds": 0,
      "note": "insufficient training data"
    }
  },
  "calibration": {
    "1": {
      "rows": 5844,
      "brier": 0.1923482293377492,
      "ece": 3.070021231680789e-17,
      "method": "isotonic"
    },
    "2": {
      "rows": 5844,
      "brier": 0.2275361242706716,
      "ece": 2.7147650619256478e-17,
      "method": "isotonic"
    },
    "4": {
      "rows": 5844,
      "brier": 0.22778658353741757,
      "ece": 4.627829034885149e-17,
      "method": "isotonic"
    },
    "8": {
      "rows": 5844,
      "brier": 0.21907019184823648,
      "ece": 7.782389836373979e-17,
      "method": "isotonic"
    }
  },
  "ranking": {
    "1": {
      "rows_test": 7498,
      "overall": [
        {
          "k": 10,
          "precision": 1.0,
          "recall": 0.003588087549336204,
          "total_positives": 2787
        },
        {
          "k": 25,
          "precision": 0.84,
          "recall": 0.007534983853606028,
          "total_positives": 2787
        },
        {
          "k": 50,
          "precision": 0.84,
          "recall": 0.015069967707212056,
          "total_positives": 2787
        },
        {
          "k": 100,
          "precision": 0.86,
          "recall": 0.03085755292429135,
          "total_positives": 2787
        }
      ],
      "priority_1": [
        {
          "k": 10,
          "precision": 0.8,
          "recall": 0.0033855268726195515,
          "total_positives": 2363
        },
        {
          "k": 25,
          "precision": 0.88,
          "recall": 0.009310198899703767,
          "total_positives": 2363
        },
        {
          "k": 50,
          "precision": 0.86,
          "recall": 0.01819720694033009,
          "total_positives": 2363
        },
        {
          "k": 100,
          "precision": 0.87,
          "recall": 0.03681760473973762,
          "total_positives": 2363
        }
      ],
      "other": [
        {
          "k": 10,
          "precision": 1.0,
          "recall": 0.02358490566037736,
          "total_positives": 424
        },
        {
          "k": 25,
          "precision": 0.88,
          "recall": 0.05188679245283019,
          "total_positives": 424
        },
        {
          "k": 50,
          "precision": 0.8,
          "recall": 0.09433962264150944,
          "total_positives": 424
        },
        {
          "k": 100,
          "precision": 0.65,
          "recall": 0.15330188679245282,
          "total_positives": 424
        }
      ]
    },
    "2": {
      "rows_test": 7498,
      "overall": [
        {
          "k": 10,
          "precision": 0.7,
          "recall": 0.001969057665260197,
          "total_positives": 3555
        },
        {
          "k": 25,
          "precision": 0.8,
          "recall": 0.005625879043600563,
          "total_positives": 3555
        },
        {
          "k": 50,
          "precision": 0.82,
          "recall": 0.011533052039381153,
          "total_positives": 3555
        },
        {
          "k": 100,
          "precision": 0.8,
          "recall": 0.02250351617440225,
          "total_positives": 3555
        }
      ],
      "priority_1": [
        {
          "k": 10,
          "precision": 0.5,
          "recall": 0.0016512549537648614,
          "total_positives": 3028
        },
        {
          "k": 25,
          "precision": 0.64,
          "recall": 0.005284015852047556,
          "total_positives": 3028
        },
        {
          "k": 50,
          "precision": 0.74,
          "recall": 0.012219286657859974,
          "total_positives": 3028
        },
        {
          "k": 100,
          "precision": 0.77,
          "recall": 0.025429326287978865,
          "total_positives": 3028
        }
      ],
      "other": [
        {
          "k": 10,
          "precision": 0.7,
          "recall": 0.013282732447817837,
          "total_positives": 527
        },
        {
          "k": 25,
          "precision": 0.88,
          "recall": 0.04174573055028463,
          "total_positives": 527
        },
        {
          "k": 50,
          "precision": 0.82,
          "recall": 0.0777988614800759,
          "total_positives": 527
        },
        {
          "k": 100,
          "precision": 0.7,
          "recall": 0.13282732447817835,
          "total_positives": 527
        }
      ]
    },
    "4": {
      "rows_test": 7498,
      "overall": [
        {
          "k": 10,
          "precision": 0.7,
          "recall": 0.001608455882352941,
          "total_positives": 4352
        },
        {
          "k": 25,
          "precision": 0.76,
          "recall": 0.004365808823529412,
          "total_positives": 4352
        },
        {
          "k": 50,
          "precision": 0.76,
          "recall": 0.008731617647058824,
          "total_positives": 4352
        },
        {
          "k": 100,
          "precision": 0.77,
          "recall": 0.017693014705882353,
          "total_positives": 4352
        }
      ],
      "priority_1": [
        {
          "k": 10,
          "precision": 0.7,
          "recall": 0.001912568306010929,
          "total_positives": 3660
        },
        {
          "k": 25,
          "precision": 0.72,
          "recall": 0.004918032786885246,
          "total_positives": 3660
        },
        {
          "k": 50,
          "precision": 0.7,
          "recall": 0.009562841530054645,
          "total_positives": 3660
        },
        {
          "k": 100,
          "precision": 0.78,
          "recall": 0.021311475409836064,
          "total_positives": 3660
        }
      ],
      "other": [
        {
          "k": 10,
          "precision": 0.8,
          "recall": 0.011560693641618497,
          "total_positives": 692
        },
        {
          "k": 25,
          "precision": 0.88,
          "recall": 0.031791907514450865,