{
  "within_event_time": {
    "1": {
      "rows_train": 49986,
      "rows_test": 15940,
      "auc": 0.6538645431274404,
      "brier": 0.21260050056610685,
      "pr_auc": 0.5123661628354096,
      "event_count": 1,
      "train_ratio": 0.796530552328921,
      "pos_rate_train": 0.34713719841555635,
      "class_strategy": "none"
    },
    "2": {
      "rows_train": 49986,
      "rows_test": 15940,
      "auc": 0.646861520998865,
      "brier": 0.23530917541164645,
      "pr_auc": 0.5886409549351996,
      "event_count": 1,
      "train_ratio": 0.796530552328921,
      "pos_rate_train": 0.47073180490537353,
      "class_strategy": "none"
    },
    "4": {
      "rows_train": 49986,
      "rows_test": 15940,
      "auc": 0.6932514497918634,
      "brier": 0.21714842456332326,
      "pr_auc": 0.7535190149715095,
      "event_count": 1,
      "train_ratio": 0.796530552328921,
      "pos_rate_train": 0.5870643780258472,
      "class_strategy": "none"
    },
    "8": {
      "rows_train": 49986,
      "rows_test": 15940,
      "auc": 0.7334515729275788,
      "brier": 0.18998474148754543,
      "pr_auc": 0.8428182302814667,
      "event_count": 1,
      "train_ratio": 0.796530552328921,
      "pos_rate_train": 0.6904933381346777,
      "class_strategy": "none"
    }
  },
  "groupkfold_event": {
    "1": {
      "rows_train": 78341,
      "rows_test": 0,
      "auc": null,
      "brier": null,
      "pr_auc": null,
      "event_count": 1,
      "folds": 0,
      "note": "insufficient training data"
    },
    "2": {
      "rows_train": 78341,
      "rows_test": 0,
      "auc": null,
      "brier": null,
      "pr_auc": null,
      "event_count": 1,
      "folds": 0,
      "note": "insufficient training data"
    },
    "4": {
      "rows_train": 78341,
      "rows_test": 0,
      "auc": null,
      "brier": null,
      "pr_auc": null,
      "event_count": 1,
      "folds": 0,
      "note": "insufficient training data"
    },
    "8": {
      "rows_train": 78341,
      "rows_test": 0,
      "auc": null,
      "brier": null,
      "pr_auc": null,
      "event_count": 1,
      "folds": 0,
      "note": "insufficient training data"
    }
  },
  "calibration": {
    "1": {
      "rows": 12415,
      "brier": 0.21102774489599785,
      "ece": 4.194970768035932e-17,
      "method": "isotonic"
    },
    "2": {
      "rows": 12415,
      "brier": 0.22413332913015216,
      "ece": 2.4198658917725925e-17,
      "method": "isotonic"
    },
    "4": {
      "rows": 12415,
      "brier": 0.20703558021560792,
      "ece": 2.3671045881456216e-17,
      "method": "isotonic"
    },
    "8": {
      "rows": 12415,
      "brier": 0.17282161203591304,
      "ece": 1.1535946047252936e-17,
      "method": "isotonic"
    }
  },
  "ranking": {
    "1": {
      "rows_test": 15940,
      "overall": [
        {
          "k": 10,
          "precision": 0.9,
          "recall": 0.001632801161103048,
          "total_positives": 5512
        },
        {
          "k": 25,
          "precision": 0.96,
          "recall": 0.0043541364296081275,
          "total_positives": 5512
        },
        {
          "k": 50,
          "precision": 0.98,
          "recall": 0.008889695210449928,
          "total_positives": 5512
        },
        {
          "k": 100,
          "precision": 0.92,
          "recall": 0.016690856313497822,
          "total_positives": 5512
        }
      ],
      "priority_1": [
        {
          "k": 10,
          "precision": 0.9,
          "recall": 0.0025817555938037868,
          "total_positives": 3486
        },
        {
          "k": 25,
          "precision": 0.88,
          "recall": 0.006310958118187034,
          "total_positives": 3486
        },
        {
          "k": 50,
          "precision": 0.78,
          "recall": 0.011187607573149742,
          "total_positives": 3486
        },
        {
          "k": 100,
          "precision": 0.76,
          "recall": 0.021801491681009755,
          "total_positives": 3486
        }
      ],
      "other": [
        {
          "k": 10,
          "precision": 1.0,
          "recall": 0.004935834155972359,
          "total_positives": 2026
        },
        {
          "k": 25,
          "precision": 1.0,
          "recall": 0.012339585389930898,
          "total_positives": 2026
        },
        {
          "k": 50,
          "precision": 0.98,
          "recall": 0.02418558736426456,
          "total_positives": 2026
        },
        {
          "k": 100,
          "precision": 0.87,
          "recall": 0.042941757156959526,
          "total_positives": 2026
        }
      ]
    },
    "2": {
      "rows_test": 15940,
      "overall": [
        {
          "k": 10,
          "precision": 0.8,
          "recall": 0.0011220196353436186,
          "total_positives": 7130
        },
        {
          "k": 25,
          "precision": 0.88,
          "recall": 0.0030855539971949507,
          "total_positives": 7130
        },
        {
          "k": 50,
          "precision": 0.94,
          "recall": 0.006591865357643759,
          "total_positives": 7130
        },
        {
          "k": 100,
          "precision": 0.92,
          "recall": 0.012903225806451613,
          "total_positives": 7130
        }
      ],
      "priority_1": [
        {
          "k": 10,
          "precision": 0.8,
          "recall": 0.0017467248908296944,
          "total_positives": 4580
        },
        {
          "k": 25,
          "precision": 0.8,
          "recall": 0.004366812227074236,
          "total_positives": 4580
        },
        {
          "k": 50,
          "precision": 0.8,
          "recall": 0.008733624454148471,
          "total_positives": 4580
        },
        {
          "k": 100,
          "precision": 0.78,
          "recall": 0.01703056768558952,
          "total_positives": 4580
        }
      ],
      "other": [
        {
          "k": 10,
          "precision": 1.0,
          "recall": 0.00392156862745098,
          "total_positives": 2550
        },
        {
          "k": 25,
          "precision": 1.0,
          "recall": 0.00980392156862745,
          "total_positives": 2550
        },
        {
          "k": 50,
          "precision": 0.96,
          "recall": 0.018823529411764704,
          "total_positives": 2550
        },
        {
          "k": 100,
          "precision": 0.97,
          "recall": 0.03803921568627451,
          "total_positives": 2550
        }
      ]
    },
    "4": {
      "rows_test": 15940,
      "overall": [
        {
          "k": 10,
          "precision": 1.0,
          "recall": 0.0010922992900054614,
          "total_positives": 9155
        },
        {
          "k": 25,
          "precision": 1.0,
          "recall": 0.002730748225013654,
          "total_positives": 9155
        },
        {
          "k": 50,
          "precision": 0.98,
          "recall": 0.005352266521026761,
          "total_positives": 9155
        },
        {
          "k": 100,
          "precision": 0.96,
          "recall": 0.01048607318405243,
          "total_positives": 9155
        }
      ],
      "priority_1": [
        {
          "k": 10,
          "precision": 0.9,
          "recall": 0.0014802631578947369,
          "total_positives": 6080
        },
        {
          "k": 25,
          "precision": 0.84,
          "recall": 0.0034539473684210525,
          "total_positives": 6080
        },
        {
          "k": 50,
          "precision": 0.88,
          "recall": 0.007236842105263158,
          "total_positives": 6080
        },
        {
          "k": 100,
          "precision": 0.92,
          "recall": 0.015131578947368421,
          "total_positives": 6080
        }
      ],
      "other": [
        {
          "k": 10,
          "precision": 0.9,
          "recall": 0.002926829268292683,
          "total_positives": 3075
        },
        {
          "k": 25,
          "precision": 0.96,