{
  "within_event_time": {
    "1": {
      "rows_train": 18099,
      "rows_test": 5512,
      "auc": 0.6448163795905102,
      "brier": 0.1988053718945682,
      "pr_auc": 0.38383625586120873,
      "event_count": 1,
      "train_ratio": 0.803808506851753,
      "pos_rate_train": 0.3051549809381734,
      "class_strategy": "none"
    },
    "2": {
      "rows_train": 18099,
      "rows_test": 5512,
      "auc": 0.6263731269155243,
      "brier": 0.2326679528634464,
      "pr_auc": 0.4591961610469495,
      "event_count": 1,
      "train_ratio": 0.803808506851753,
      "pos_rate_train": 0.42543786949555223,
      "class_strategy": "none"
    },
    "4": {
      "rows_train": 18099,
      "rows_test": 5512,
      "auc": 0.6244161940291961,
      "brier": 0.2596938799959858,
      "pr_auc": 0.511456398352748,
      "event_count": 1,
      "train_ratio": 0.803808506851753,
      "pos_rate_train": 0.5406376042875297,
      "class_strategy": "none"
    },
    "8": {
      "rows_train": 18099,
      "rows_test": 5512,
      "auc": 0.6290771703483606,
      "brier": 0.27826699025858564,
      "pr_auc": 0.5634712383175101,
      "event_count": 1,
      "train_ratio": 0.803808506851753,
      "pos_rate_train": 0.6385435659428698,
      "class_strategy": "none"
    }
  },
  "groupkfold_event": {
    "1": {
      "rows_train": 28095,
      "rows_test": 0,
      "auc": null,
      "brier": null,
      "pr_auc": null,
      "event_count": 1,
      "folds": 0,
      "note": "insufficient training data"
    },
    "2": {
      "rows_train": 28095,
      "rows_test": 0,
      "auc": null,
      "brier": null,
      "pr_auc": null,
      "event_count": 1,
      "folds": 0,
      "note": "insufficient training data"
    },
    "4": {
      "rows_train": 28095,
      "rows_test": 0,
      "auc": null,
      "brier": null,
      "pr_auc": null,
      "event_count": 1,
      "folds": 0,
      "note": "insufficient training data"
    },
    "8": {
      "rows_train": 28095,
      "rows_test": 0,
      "auc": null,
      "brier": null,
      "pr_auc": null,
      "event_count": 1,
      "folds": 0,
      "note": "insufficient training data"
    }
  },
  "calibration": {
    "1": {
      "rows": 4484,
      "brier": 0.2159824186120863,
      "ece": 4.185001042311933e-17,
      "method": "isotonic"
    },
    "2": {
      "rows": 4484,
      "brier": 0.2364367019699813,
      "ece": 4.463547184752455e-17,
      "method": "isotonic"
    },
    "4": {
      "rows": 4484,
      "brier": 0.22661646340673242,
      "ece": 1.4159428907393206e-16,
      "method": "isotonic"
    },
    "8": {
      "rows": 4484,
      "brier": 0.21098046758811567,
      "ece": 8.725303164092443e-17,
      "method": "isotonic"
    }
  },
  "ranking": {
    "1": {
      "rows_test": 5512,
      "overall": [
        {
          "k": 10,
          "precision": 0.9,
          "recall": 0.0058823529411764705,
          "total_positives": 1530
        },
        {
          "k": 25,
          "precision": 0.6,
          "recall": 0.00980392156862745,
          "total_positives": 1530
        },
        {
          "k": 50,
          "precision": 0.52,
          "recall": 0.01699346405228758,
          "total_positives": 1530
        },
        {
          "k": 100,
          "precision": 0.5,
          "recall": 0.032679738562091505,
          "total_positives": 1530
        }
      ],
      "priority_1": [
        {
          "k": 10,
          "precision": 0.4,
          "recall": 0.004608294930875576,
          "total_positives": 868
        },
        {
          "k": 25,
          "precision": 0.36,
          "recall": 0.010368663594470046,
          "total_positives": 868
        },
        {
          "k": 50,
          "precision": 0.52,
          "recall": 0.029953917050691243,
          "total_positives": 868
        },
        {
          "k": 100,
          "precision": 0.52,
          "recall": 0.059907834101382486,
          "total_positives": 868
        }
      ],
      "other": [
        {
          "k": 10,
          "precision": 1.0,
          "recall": 0.015105740181268883,
          "total_positives": 662
        },
        {
          "k": 25,
          "precision": 0.64,
          "recall": 0.02416918429003021,
          "total_positives": 662
        },
        {
          "k": 50,
          "precision": 0.44,
          "recall": 0.03323262839879154,
          "total_positives": 662
        },
        {
          "k": 100,
          "precision": 0.36,
          "recall": 0.054380664652567974,
          "total_positives": 662
        }
      ]
    },
    "2": {
      "rows_test": 5512,
      "overall": [
        {
          "k": 10,
          "precision": 0.9,
          "recall": 0.004573170731707317,
          "total_positives": 1968
        },
        {
          "k": 25,
          "precision": 0.84,
          "recall": 0.010670731707317074,
          "total_positives": 1968
        },
        {
          "k": 50,
          "precision": 0.74,
          "recall": 0.018800813008130083,
          "total_positives": 1968
        },
        {
          "k": 100,
          "precision": 0.64,
          "recall": 0.032520325203252036,
          "total_positives": 1968
        }
      ],
      "priority_1": [
        {
          "k": 10,
          "precision": 0.7,
          "recall": 0.0059271803556308214,
          "total_positives": 1181
        },
        {
          "k": 25,
          "precision": 0.56,
          "recall": 0.011854360711261643,
          "total_positives": 1181
        },
        {
          "k": 50,
          "precision": 0.6,
          "recall": 0.02540220152413209,
          "total_positives": 1181
        },
        {
          "k": 100,
          "precision": 0.64,
          "recall": 0.05419136325148179,
          "total_positives": 1181
        }
      ],
      "other": [
        {
          "k": 10,
          "precision": 0.8,
          "recall": 0.010165184243964422,
          "total_positives": 787
        },
        {
          "k": 25,
          "precision": 0.88,
          "recall": 0.02795425667090216,
          "total_positives": 787
        },
        {
          "k": 50,
          "precision": 0.76,
          "recall": 0.048284625158831,
          "total_positives": 787
        },
        {
          "k": 100,
          "precision": 0.57,
          "recall": 0.0724269377382465,
          "total_positives": 787
        }
      ]
    },
    "4": {
      "rows_test": 5512,
      "overall": [
        {
          "k": 10,
          "precision": 0.9,
          "recall": 0.004076086956521739,
          "total_positives": 2208
        },
        {
          "k": 25,
          "precision": 0.88,
          "recall": 0.009963768115942028,
          "total_positives": 2208
        },
        {
          "k": 50,
          "precision": 0.84,
          "recall": 0.019021739130434784,
          "total_positives": 2208
        },
        {
          "k": 100,
          "precision": 0.81,
          "recall": 0.036684782608695655,
          "total_positives": 2208
        }
      ],
      "priority_1": [
        {
          "k": 10,
          "precision": 0.9,
          "recall": 0.006632277081798084,
          "total_positives": 1357
        },
        {
          "k": 25,
          "precision": 0.84,
          "recall": 0.015475313190862197,
          "total_positives": 1357
        },
        {
          "k": 50,
          "precision": 0.76,
          "recall": 0.02800294767870302,
          "total_positives": 1357
        },
        {
          "k": 100,
          "precision": 0.75,
          "recall": 0.0552689756816507,
          "total_positives": 1357
        }
      ],
      "other": [
        {
          "k": 10,
          "precision": 0.9,
          "recall": 0.010575793184488837,
          "total_positives": 851
        },
        {
          "k": 25,
          "precision": 0.92,
          "recall": 0.02702702702702703,