{
  "within_event_time": {
    "1": {
      "rows_train": 18369,
      "rows_test": 5800,
      "auc": 0.6690584341238204,
      "brier": 0.19698582938177334,
      "pr_auc": 0.4160454615729598,
      "event_count": 1,
      "train_ratio": 0.7968547511470702,
      "pos_rate_train": 0.30371822091567313,
      "class_strategy": "none"
    },
    "2": {
      "rows_train": 18369,
      "rows_test": 5800,
      "auc": 0.6319031764887211,
      "brier": 0.2391321529251032,
      "pr_auc": 0.46866770615502784,
      "event_count": 1,
      "train_ratio": 0.7968547511470702,
      "pos_rate_train": 0.4236485382982198,
      "class_strategy": "none"
    },
    "4": {
      "rows_train": 18369,
      "rows_test": 5800,
      "auc": 0.6387527261308267,
      "brier": 0.25202408385620667,
      "pr_auc": 0.5388880067363815,
      "event_count": 1,
      "train_ratio": 0.7968547511470702,
      "pos_rate_train": 0.5387337361859655,
      "class_strategy": "none"
    },
    "8": {
      "rows_train": 18369,
      "rows_test": 5800,
      "auc": 0.6319974956445992,
      "brier": 0.2702312045364817,
      "pr_auc": 0.5840775050650907,
      "event_count": 1,
      "train_ratio": 0.7968547511470702,
      "pos_rate_train": 0.6367793565245795,
      "class_strategy": "none"
    }
  },
  "groupkfold_event": {
    "1": {
      "rows_train": 28551,
      "rows_test": 0,
      "auc": null,
      "brier": null,
      "pr_auc": null,
      "event_count": 1,
      "folds": 0,
      "note": "insufficient training data"
    },
    "2": {
      "rows_train": 28551,
      "rows_test": 0,
      "auc": null,
      "brier": null,
      "pr_auc": null,
      "event_count": 1,
      "folds": 0,
      "note": "insufficient training data"
    },
    "4": {
      "rows_train": 28551,
      "rows_test": 0,
      "auc": null,
      "brier": null,
      "pr_auc": null,
      "event_count": 1,
      "folds": 0,
      "note": "insufficient training data"
    },
    "8": {
      "rows_train": 28551,
      "rows_test": 0,
      "auc": null,
      "brier": null,
      "pr_auc": null,
      "event_count": 1,
      "folds": 0,
      "note": "insufficient training data"
    }
  },
  "calibration": {
    "1": {
      "rows": 4382,
      "brier": 0.21908629949663766,
      "ece": 1.8064559939701885e-17,
      "method": "isotonic"
    },
    "2": {
      "rows": 4382,
      "brier": 0.2369160690096529,
      "ece": 7.997304831650632e-17,
      "method": "isotonic"
    },
    "4": {
      "rows": 4382,
      "brier": 0.2305874964810694,
      "ece": 5.262284852000114e-17,
      "method": "isotonic"
    },
    "8": {
      "rows": 4382,
      "brier": 0.21179122573510223,
      "ece": 6.559487473196098e-17,
      "method": "isotonic"
    }
  },
  "ranking": {
    "1": {
      "rows_test": 5800,
      "overall": [
        {
          "k": 10,
          "precision": 1.0,
          "recall": 0.006261740763932373,
          "total_positives": 1597
        },
        {
          "k": 25,
          "precision": 1.0,
          "recall": 0.015654351909830933,
          "total_positives": 1597
        },
        {
          "k": 50,
          "precision": 0.8,
          "recall": 0.025046963055729492,
          "total_positives": 1597
        },
        {
          "k": 100,
          "precision": 0.65,
          "recall": 0.040701314965560426,
          "total_positives": 1597
        }
      ],
      "priority_1": [
        {
          "k": 10,
          "precision": 0.5,
          "recall": 0.005302226935312832,
          "total_positives": 943
        },
        {
          "k": 25,
          "precision": 0.48,
          "recall": 0.012725344644750796,
          "total_positives": 943
        },
        {
          "k": 50,
          "precision": 0.52,
          "recall": 0.027571580063626724,
          "total_positives": 943
        },
        {
          "k": 100,
          "precision": 0.53,
          "recall": 0.05620360551431601,
          "total_positives": 943
        }
      ],
      "other": [
        {
          "k": 10,
          "precision": 1.0,
          "recall": 0.01529051987767584,
          "total_positives": 654
        },
        {
          "k": 25,
          "precision": 1.0,
          "recall": 0.0382262996941896,
          "total_positives": 654
        },
        {
          "k": 50,
          "precision": 0.78,
          "recall": 0.05963302752293578,
          "total_positives": 654
        },
        {
          "k": 100,
          "precision": 0.7,
          "recall": 0.10703363914373089,
          "total_positives": 654
        }
      ]
    },
    "2": {
      "rows_test": 5800,
      "overall": [
        {
          "k": 10,
          "precision": 1.0,
          "recall": 0.004849660523763337,
          "total_positives": 2062
        },
        {
          "k": 25,
          "precision": 0.92,
          "recall": 0.011154219204655674,
          "total_positives": 2062
        },
        {
          "k": 50,
          "precision": 0.82,
          "recall": 0.01988360814742968,
          "total_positives": 2062
        },
        {
          "k": 100,
          "precision": 0.71,
          "recall": 0.03443258971871969,
          "total_positives": 2062
        }
      ],
      "priority_1": [
        {
          "k": 10,
          "precision": 0.7,
          "recall": 0.0054858934169279,
          "total_positives": 1276
        },
        {
          "k": 25,
          "precision": 0.56,
          "recall": 0.0109717868338558,
          "total_positives": 1276
        },
        {
          "k": 50,
          "precision": 0.58,
          "recall": 0.022727272727272728,
          "total_positives": 1276
        },
        {
          "k": 100,
          "precision": 0.65,
          "recall": 0.050940438871473356,
          "total_positives": 1276
        }
      ],
      "other": [
        {
          "k": 10,
          "precision": 1.0,
          "recall": 0.01272264631043257,
          "total_positives": 786
        },
        {
          "k": 25,
          "precision": 0.92,
          "recall": 0.029262086513994912,
          "total_positives": 786
        },
        {
          "k": 50,
          "precision": 0.88,
          "recall": 0.05597964376590331,
          "total_positives": 786
        },
        {
          "k": 100,
          "precision": 0.65,
          "recall": 0.08269720101781171,
          "total_positives": 786
        }
      ]
    },
    "4": {
      "rows_test": 5800,
      "overall": [
        {
          "k": 10,
          "precision": 0.8,
          "recall": 0.003395585738539898,
          "total_positives": 2356
        },
        {
          "k": 25,
          "precision": 0.84,
          "recall": 0.008913412563667233,
          "total_positives": 2356
        },
        {
          "k": 50,
          "precision": 0.82,
          "recall": 0.01740237691001698,
          "total_positives": 2356
        },
        {
          "k": 100,
          "precision": 0.81,
          "recall": 0.03438030560271647,
          "total_positives": 2356
        }
      ],
      "priority_1": [
        {
          "k": 10,
          "precision": 0.6,
          "recall": 0.004005340453938585,
          "total_positives": 1498
        },
        {
          "k": 25,
          "precision": 0.8,
          "recall": 0.01335113484646195,
          "total_positives": 1498
        },
        {
          "k": 50,
          "precision": 0.8,
          "recall": 0.0267022696929239,
          "total_positives": 1498
        },
        {
          "k": 100,
          "precision": 0.72,
          "recall": 0.04806408544726302,
          "total_positives": 1498
        }
      ],
      "other": [
        {
          "k": 10,
          "precision": 0.9,
          "recall": 0.01048951048951049,
          "total_positives": 858
        },
        {
          "k": 25,
          "precision": 0.92,
          "recall": 0.026806526806526808,