{
  "within_event_time": {
    "1": {
      "rows_train": 41026,
      "rows_test": 13366,
      "auc": 0.6703918829909074,
      "brier": 0.21095132476380887,
      "pr_auc": 0.5397707258447942,
      "event_count": 1,
      "train_ratio": 0.7936485881462956,
      "pos_rate_train": 0.3403938965534052,
      "class_strategy": "none"
    },
    "2": {
      "rows_train": 41026,
      "rows_test": 13366,
      "auc": 0.6632501015062205,
      "brier": 0.23387960508745523,
      "pr_auc": 0.6183961504402933,
      "event_count": 1,
      "train_ratio": 0.7936485881462956,
      "pos_rate_train": 0.46092721688685223,
      "class_strategy": "none"
    },
    "4": {
      "rows_train": 41026,
      "rows_test": 13366,
      "auc": 0.6709210615633987,
      "brier": 0.2356981147997808,
      "pr_auc": 0.7152471465177304,
      "event_count": 1,
      "train_ratio": 0.7936485881462956,
      "pos_rate_train": 0.5770730756105884,
      "class_strategy": "none"
    },
    "8": {
      "rows_train": 41026,
      "rows_test": 13366,
      "auc": 0.6948554182465987,
      "brier": 0.2197292298062694,
      "pr_auc": 0.7995875736401136,
      "event_count": 1,
      "train_ratio": 0.7936485881462956,
      "pos_rate_train": 0.6824940281772535,
      "class_strategy": "none"
    }
  },
  "groupkfold_event": {
    "1": {
      "rows_train": 64773,
      "rows_test": 0,
      "auc": null,
      "brier": null,
      "pr_auc": null,
      "event_count": 1,
      "folds": 0,
      "note": "insufficient training data"
    },
    "2": {
      "rows_train": 64773,
      "rows_test": 0,
      "auc": null,
      "brier": null,
      "pr_auc": null,
      "event_count": 1,
      "folds": 0,
      "note": "insufficient training data"
    },
    "4": {
      "rows_train": 64773,
      "rows_test": 0,
      "auc": null,
      "brier": null,
      "pr_auc": null,
      "event_count": 1,
      "folds": 0,
      "note": "insufficient training data"
    },
    "8": {
      "rows_train": 64773,
      "rows_test": 0,
      "auc": null,
      "brier": null,
      "pr_auc": null,
      "event_count": 1,
      "folds": 0,
      "note": "insufficient training data"
    }
  },
  "calibration": {
    "1": {
      "rows": 10381,
      "brier": 0.2130854109577431,
      "ece": 9.368609667388857e-18,
      "method": "isotonic"
    },
    "2": {
      "rows": 10381,
      "brier": 0.2093084044713162,
      "ece": 5.5184961054482305e-18,
      "method": "isotonic"
    },
    "4": {
      "rows": 10381,
      "brier": 0.18823559200418782,
      "ece": 2.266486990595186e-17,
      "method": "isotonic"
    },
    "8": {
      "rows": 10381,
      "brier": 0.14587206563012006,
      "ece": 5.2778640078269413e-17,
      "method": "isotonic"
    }
  },
  "ranking": {
    "1": {
      "rows_test": 13366,
      "overall": [
        {
          "k": 10,
          "precision": 1.0,
          "recall": 0.002082899395959175,
          "total_positives": 4801
        },
        {
          "k": 25,
          "precision": 1.0,
          "recall": 0.005207248489897938,
          "total_positives": 4801
        },
        {
          "k": 50,
          "precision": 0.96,
          "recall": 0.009997917100604041,
          "total_positives": 4801
        },
        {
          "k": 100,
          "precision": 0.89,
          "recall": 0.01853780462403666,
          "total_positives": 4801
        }
      ],
      "priority_1": [
        {
          "k": 10,
          "precision": 0.9,
          "recall": 0.0027556644213104714,
          "total_positives": 3266
        },
        {
          "k": 25,
          "precision": 0.84,
          "recall": 0.006429883649724434,
          "total_positives": 3266
        },
        {
          "k": 50,
          "precision": 0.76,
          "recall": 0.011635027556644213,
          "total_positives": 3266
        },
        {
          "k": 100,
          "precision": 0.82,
          "recall": 0.02510716472749541,
          "total_positives": 3266
        }
      ],
      "other": [
        {
          "k": 10,
          "precision": 1.0,
          "recall": 0.006514657980456026,
          "total_positives": 1535
        },
        {
          "k": 25,
          "precision": 1.0,
          "recall": 0.016286644951140065,
          "total_positives": 1535
        },
        {
          "k": 50,
          "precision": 0.98,
          "recall": 0.031921824104234525,
          "total_positives": 1535
        },
        {
          "k": 100,
          "precision": 0.86,
          "recall": 0.056026058631921824,
          "total_positives": 1535
        }
      ]
    },
    "2": {
      "rows_test": 13366,
      "overall": [
        {
          "k": 10,
          "precision": 0.8,
          "recall": 0.0013173061090070806,
          "total_positives": 6073
        },
        {
          "k": 25,
          "precision": 0.8,
          "recall": 0.003293265272517701,
          "total_positives": 6073
        },
        {
          "k": 50,
          "precision": 0.84,
          "recall": 0.006915857072287173,
          "total_positives": 6073
        },
        {
          "k": 100,
          "precision": 0.81,
          "recall": 0.01333772435369669,
          "total_positives": 6073
        }
      ],
      "priority_1": [
        {
          "k": 10,
          "precision": 0.5,
          "recall": 0.001184834123222749,
          "total_positives": 4220
        },
        {
          "k": 25,
          "precision": 0.64,
          "recall": 0.0037914691943127963,
          "total_positives": 4220
        },
        {
          "k": 50,
          "precision": 0.66,
          "recall": 0.007819905213270141,
          "total_positives": 4220
        },
        {
          "k": 100,
          "precision": 0.72,
          "recall": 0.017061611374407582,
          "total_positives": 4220
        }
      ],
      "other": [
        {
          "k": 10,
          "precision": 0.9,
          "recall": 0.004856988667026443,
          "total_positives": 1853
        },
        {
          "k": 25,
          "precision": 0.96,
          "recall": 0.012951969778737183,
          "total_positives": 1853
        },
        {
          "k": 50,
          "precision": 0.98,
          "recall": 0.02644360496492175,
          "total_positives": 1853
        },
        {
          "k": 100,
          "precision": 0.92,
          "recall": 0.0496492174851592,
          "total_positives": 1853
        }
      ]
    },
    "4": {
      "rows_test": 13366,
      "overall": [
        {
          "k": 10,
          "precision": 1.0,
          "recall": 0.001367801942278758,
          "total_positives": 7311
        },
        {
          "k": 25,
          "precision": 1.0,
          "recall": 0.003419504855696895,
          "total_positives": 7311
        },
        {
          "k": 50,
          "precision": 1.0,
          "recall": 0.00683900971139379,
          "total_positives": 7311
        },
        {
          "k": 100,
          "precision": 1.0,
          "recall": 0.01367801942278758,
          "total_positives": 7311
        }
      ],
      "priority_1": [
        {
          "k": 10,
          "precision": 1.0,
          "recall": 0.001941747572815534,
          "total_positives": 5150
        },
        {
          "k": 25,
          "precision": 1.0,
          "recall": 0.0048543689320388345,
          "total_positives": 5150
        },
        {
          "k": 50,
          "precision": 0.96,
          "recall": 0.009320388349514564,
          "total_positives": 5150
        },
        {
          "k": 100,
          "precision": 0.92,
          "recall": 0.017864077669902913,
          "total_positives": 5150
        }
      ],
      "other": [
        {
          "k": 10,
          "precision": 1.0,
          "recall": 0.004627487274409995,
          "total_positives": 2161
        },
        {
          "k": 25,
          "precision": 1.0,
          "recall": 0.01156871818602499,