{
  "within_event_time": {
    "1": {
      "rows_train": 42824,
      "rows_test": 13561,
      "auc": 0.6390570867835847,
      "brier": 0.22220621896356946,
      "pr_auc": 0.4942951754257746,
      "event_count": 1,
      "train_ratio": 0.7987653771387022,
      "pos_rate_train": 0.3439426489818793,
      "class_strategy": "none"
    },
    "2": {
      "rows_train": 42824,
      "rows_test": 13561,
      "auc": 0.6547657341106395,
      "brier": 0.23659532672721767,
      "pr_auc": 0.619766602409248,
      "event_count": 1,
      "train_ratio": 0.7987653771387022,
      "pos_rate_train": 0.4659069680552961,
      "class_strategy": "none"
    },
    "4": {
      "rows_train": 42824,
      "rows_test": 13561,
      "auc": 0.6740317332932159,
      "brier": 0.22752502149182555,
      "pr_auc": 0.7333068616988118,
      "event_count": 1,
      "train_ratio": 0.7987653771387022,
      "pos_rate_train": 0.5816831683168316,
      "class_strategy": "none"
    },
    "8": {
      "rows_train": 42824,
      "rows_test": 13561,
      "auc": 0.7103707130532327,
      "brier": 0.2015994893472755,
      "pr_auc": 0.8211151104760873,
      "event_count": 1,
      "train_ratio": 0.7987653771387022,
      "pos_rate_train": 0.6848963198206613,
      "class_strategy": "none"
    }
  },
  "groupkfold_event": {
    "1": {
      "rows_train": 67389,
      "rows_test": 0,
      "auc": null,
      "brier": null,
      "pr_auc": null,
      "event_count": 1,
      "folds": 0,
      "note": "insufficient training data"
    },
    "2": {
      "rows_train": 67389,
      "rows_test": 0,
      "auc": null,
      "brier": null,
      "pr_auc": null,
      "event_count": 1,
      "folds": 0,
      "note": "insufficient training data"
    },
    "4": {
      "rows_train": 67389,
      "rows_test": 0,
      "auc": null,
      "brier": null,
      "pr_auc": null,
      "event_count": 1,
      "folds": 0,
      "note": "insufficient training data"
    },
    "8": {
      "rows_train": 67389,
      "rows_test": 0,
      "auc": null,
      "brier": null,
      "pr_auc": null,
      "event_count": 1,
      "folds": 0,
      "note": "insufficient training data"
    }
  },
  "calibration": {
    "1": {
      "rows": 11004,
      "brier": 0.20805089845313976,
      "ece": 3.698662503941099e-17,
      "method": "isotonic"
    },
    "2": {
      "rows": 11004,
      "brier": 0.21651738462666628,
      "ece": 8.002807189500855e-17,
      "method": "isotonic"
    },
    "4": {
      "rows": 11004,
      "brier": 0.19817716928956117,
      "ece": 1.925032289153761e-17,
      "method": "isotonic"
    },
    "8": {
      "rows": 11004,
      "brier": 0.16556531708069672,
      "ece": 4.0922070046161716e-17,
      "method": "isotonic"
    }
  },
  "ranking": {
    "1": {
      "rows_test": 13561,
      "overall": [
        {
          "k": 10,
          "precision": 1.0,
          "recall": 0.002002402883460152,
          "total_positives": 4994
        },
        {
          "k": 25,
          "precision": 1.0,
          "recall": 0.005006007208650381,
          "total_positives": 4994
        },
        {
          "k": 50,
          "precision": 0.9,
          "recall": 0.009010812975570685,
          "total_positives": 4994
        },
        {
          "k": 100,
          "precision": 0.89,
          "recall": 0.017821385662795355,
          "total_positives": 4994
        }
      ],
      "priority_1": [
        {
          "k": 10,
          "precision": 0.7,
          "recall": 0.002234993614303959,
          "total_positives": 3132
        },
        {
          "k": 25,
          "precision": 0.88,
          "recall": 0.0070242656449553,
          "total_positives": 3132
        },
        {
          "k": 50,
          "precision": 0.78,
          "recall": 0.012452107279693486,
          "total_positives": 3132
        },
        {
          "k": 100,
          "precision": 0.67,
          "recall": 0.021392081736909322,
          "total_positives": 3132
        }
      ],
      "other": [
        {
          "k": 10,
          "precision": 1.0,
          "recall": 0.0053705692803437165,
          "total_positives": 1862
        },
        {
          "k": 25,
          "precision": 0.92,
          "recall": 0.012352309344790547,
          "total_positives": 1862
        },
        {
          "k": 50,
          "precision": 0.96,
          "recall": 0.02577873254564984,
          "total_positives": 1862
        },
        {
          "k": 100,
          "precision": 0.84,
          "recall": 0.045112781954887216,
          "total_positives": 1862
        }
      ]
    },
    "2": {
      "rows_test": 13561,
      "overall": [
        {
          "k": 10,
          "precision": 0.9,
          "recall": 0.0013988187752564502,
          "total_positives": 6434
        },
        {
          "k": 25,
          "precision": 0.96,
          "recall": 0.003730183400683867,
          "total_positives": 6434
        },
        {
          "k": 50,
          "precision": 0.98,
          "recall": 0.007615791109729562,
          "total_positives": 6434
        },
        {
          "k": 100,
          "precision": 0.95,
          "recall": 0.01476530929437364,
          "total_positives": 6434
        }
      ],
      "priority_1": [
        {
          "k": 10,
          "precision": 1.0,
          "recall": 0.0024142926122646064,
          "total_positives": 4142
        },
        {
          "k": 25,
          "precision": 0.88,
          "recall": 0.005311443746982134,
          "total_positives": 4142
        },
        {
          "k": 50,
          "precision": 0.9,
          "recall": 0.010864316755190728,
          "total_positives": 4142
        },
        {
          "k": 100,
          "precision": 0.9,
          "recall": 0.021728633510381457,
          "total_positives": 4142
        }
      ],
      "other": [
        {
          "k": 10,
          "precision": 1.0,
          "recall": 0.004363001745200698,
          "total_positives": 2292
        },
        {
          "k": 25,
          "precision": 1.0,
          "recall": 0.010907504363001745,
          "total_positives": 2292
        },
        {
          "k": 50,
          "precision": 1.0,
          "recall": 0.02181500872600349,
          "total_positives": 2292
        },
        {
          "k": 100,
          "precision": 0.92,
          "recall": 0.04013961605584642,
          "total_positives": 2292
        }
      ]
    },
    "4": {
      "rows_test": 13561,
      "overall": [
        {
          "k": 10,
          "precision": 0.9,
          "recall": 0.0011547344110854503,
          "total_positives": 7794
        },
        {
          "k": 25,
          "precision": 0.96,
          "recall": 0.003079291762894534,
          "total_positives": 7794
        },
        {
          "k": 50,
          "precision": 0.98,
          "recall": 0.0062868873492430075,
          "total_positives": 7794
        },
        {
          "k": 100,
          "precision": 0.96,
          "recall": 0.012317167051578136,
          "total_positives": 7794
        }
      ],
      "priority_1": [
        {
          "k": 10,
          "precision": 1.0,
          "recall": 0.001952362358453729,
          "total_positives": 5122
        },
        {
          "k": 25,
          "precision": 0.96,
          "recall": 0.004685669660288949,
          "total_positives": 5122
        },
        {
          "k": 50,
          "precision": 0.96,
          "recall": 0.009371339320577899,
          "total_positives": 5122
        },
        {
          "k": 100,
          "precision": 0.92,
          "recall": 0.017961733697774308,
          "total_positives": 5122
        }
      ],
      "other": [
        {
          "k": 10,
          "precision": 1.0,
          "recall": 0.0037425149700598802,
          "total_positives": 2672
        },
        {
          "k": 25,
          "precision": 0.92,