{
  "within_event_time": {
    "1": {
      "rows_train": 18711,
      "rows_test": 5865,
      "auc": 0.6479987723140326,
      "brier": 0.18198074365782327,
      "pr_auc": 0.3720983532653529,
      "event_count": 1,
      "train_ratio": 0.7986680855446089,
      "pos_rate_train": 0.30687830687830686,
      "class_strategy": "none"
    },
    "2": {
      "rows_train": 18711,
      "rows_test": 5865,
      "auc": 0.6660605423862368,
      "brier": 0.2162069613410464,
      "pr_auc": 0.4785836613095788,
      "event_count": 1,
      "train_ratio": 0.7986680855446089,
      "pos_rate_train": 0.42627331516220407,
      "class_strategy": "none"
    },
    "4": {
      "rows_train": 18711,
      "rows_test": 5865,
      "auc": 0.6280327653587161,
      "brier": 0.23086331965102375,
      "pr_auc": 0.5121409905278388,
      "event_count": 1,
      "train_ratio": 0.7986680855446089,
      "pos_rate_train": 0.5413393191170969,
      "class_strategy": "none"
    },
    "8": {
      "rows_train": 18711,
      "rows_test": 5865,
      "auc": 0.6590537207862148,
      "brier": 0.24696299163026628,
      "pr_auc": 0.594366610803093,
      "event_count": 1,
      "train_ratio": 0.7986680855446089,
      "pos_rate_train": 0.6388220832665277,
      "class_strategy": "none"
    }
  },
  "groupkfold_event": {
    "1": {
      "rows_train": 29131,
      "rows_test": 0,
      "auc": null,
      "brier": null,
      "pr_auc": null,
      "event_count": 1,
      "folds": 0,
      "note": "insufficient training data"
    },
    "2": {
      "rows_train": 29131,
      "rows_test": 0,
      "auc": null,
      "brier": null,
      "pr_auc": null,
      "event_count": 1,
      "folds": 0,
      "note": "insufficient training data"
    },
    "4": {
      "rows_train": 29131,
      "rows_test": 0,
      "auc": null,
      "brier": null,
      "pr_auc": null,
      "event_count": 1,
      "folds": 0,
      "note": "insufficient training data"
    },
    "8": {
      "rows_train": 29131,
      "rows_test": 0,
      "auc": null,
      "brier": null,
      "pr_auc": null,
      "event_count": 1,
      "folds": 0,
      "note": "insufficient training data"
    }
  },
  "calibration": {
    "1": {
      "rows": 4555,
      "brier": 0.21891195353813822,
      "ece": 5.692482709137328e-17,
      "method": "isotonic"
    },
    "2": {
      "rows": 4555,
      "brier": 0.23380000754401137,
      "ece": 5.75951044388418e-17,
      "method": "isotonic"
    },
    "4": {
      "rows": 4555,
      "brier": 0.22471711663365718,
      "ece": 5.967905764642581e-17,
      "method": "isotonic"
    },
    "8": {
      "rows": 4555,
      "brier": 0.21105454774549934,
      "ece": 4.046037806537343e-17,
      "method": "isotonic"
    }
  },
  "ranking": {
    "1": {
      "rows_test": 5865,
      "overall": [
        {
          "k": 10,
          "precision": 1.0,
          "recall": 0.006854009595613434,
          "total_positives": 1459
        },
        {
          "k": 25,
          "precision": 0.96,
          "recall": 0.01644962302947224,
          "total_positives": 1459
        },
        {
          "k": 50,
          "precision": 0.82,
          "recall": 0.02810143934201508,
          "total_positives": 1459
        },
        {
          "k": 100,
          "precision": 0.66,
          "recall": 0.045236463331048665,
          "total_positives": 1459
        }
      ],
      "priority_1": [
        {
          "k": 10,
          "precision": 0.4,
          "recall": 0.004608294930875576,
          "total_positives": 868
        },
        {
          "k": 25,
          "precision": 0.52,
          "recall": 0.014976958525345621,
          "total_positives": 868
        },
        {
          "k": 50,
          "precision": 0.5,
          "recall": 0.02880184331797235,
          "total_positives": 868
        },
        {
          "k": 100,
          "precision": 0.44,
          "recall": 0.05069124423963134,
          "total_positives": 868
        }
      ],
      "other": [
        {
          "k": 10,
          "precision": 0.9,
          "recall": 0.015228426395939087,
          "total_positives": 591
        },
        {
          "k": 25,
          "precision": 0.96,
          "recall": 0.04060913705583756,
          "total_positives": 591
        },
        {
          "k": 50,
          "precision": 0.82,
          "recall": 0.06937394247038917,
          "total_positives": 591
        },
        {
          "k": 100,
          "precision": 0.63,
          "recall": 0.1065989847715736,
          "total_positives": 591
        }
      ]
    },
    "2": {
      "rows_test": 5865,
      "overall": [
        {
          "k": 10,
          "precision": 1.0,
          "recall": 0.005154639175257732,
          "total_positives": 1940
        },
        {
          "k": 25,
          "precision": 1.0,
          "recall": 0.01288659793814433,
          "total_positives": 1940
        },
        {
          "k": 50,
          "precision": 0.86,
          "recall": 0.02216494845360825,
          "total_positives": 1940
        },
        {
          "k": 100,
          "precision": 0.79,
          "recall": 0.040721649484536084,
          "total_positives": 1940
        }
      ],
      "priority_1": [
        {
          "k": 10,
          "precision": 0.6,
          "recall": 0.004905968928863451,
          "total_positives": 1223
        },
        {
          "k": 25,
          "precision": 0.72,
          "recall": 0.014717906786590351,
          "total_positives": 1223
        },
        {
          "k": 50,
          "precision": 0.68,
          "recall": 0.027800490596892886,
          "total_positives": 1223
        },
        {
          "k": 100,
          "precision": 0.63,
          "recall": 0.05151267375306623,
          "total_positives": 1223
        }
      ],
      "other": [
        {
          "k": 10,
          "precision": 1.0,
          "recall": 0.01394700139470014,
          "total_positives": 717
        },
        {
          "k": 25,
          "precision": 1.0,
          "recall": 0.03486750348675035,
          "total_positives": 717
        },
        {
          "k": 50,
          "precision": 0.9,
          "recall": 0.06276150627615062,
          "total_positives": 717
        },
        {
          "k": 100,
          "precision": 0.63,
          "recall": 0.08786610878661087,
          "total_positives": 717
        }
      ]
    },
    "4": {
      "rows_test": 5865,
      "overall": [
        {
          "k": 10,
          "precision": 0.8,
          "recall": 0.0035026269702276708,
          "total_positives": 2284
        },
        {
          "k": 25,
          "precision": 0.76,
          "recall": 0.008318739054290718,
          "total_positives": 2284
        },
        {
          "k": 50,
          "precision": 0.7,
          "recall": 0.01532399299474606,
          "total_positives": 2284
        },
        {
          "k": 100,
          "precision": 0.75,
          "recall": 0.03283712784588441,
          "total_positives": 2284
        }
      ],
      "priority_1": [
        {
          "k": 10,
          "precision": 0.8,
          "recall": 0.005344021376085505,
          "total_positives": 1497
        },
        {
          "k": 25,
          "precision": 0.72,
          "recall": 0.012024048096192385,
          "total_positives": 1497
        },
        {
          "k": 50,
          "precision": 0.62,
          "recall": 0.020708082832331328,
          "total_positives": 1497
        },
        {
          "k": 100,
          "precision": 0.66,
          "recall": 0.04408817635270541,
          "total_positives": 1497
        }
      ],
      "other": [
        {
          "k": 10,
          "precision": 0.8,
          "recall": 0.010165184243964422,
          "total_positives": 787
        },
        {
          "k": 25,
          "precision": 0.92,
          "recall": 0.029224904701397714,