{
  "within_event_time": {
    "1": {
      "rows_train": 44551,
      "rows_test": 13823,
      "auc": 0.622909009045791,
      "brier": 0.22222308736424756,
      "pr_auc": 0.4765369296156182,
      "event_count": 1,
      "train_ratio": 0.8010105663202142,
      "pos_rate_train": 0.3464344234697313,
      "class_strategy": "none"
    },
    "2": {
      "rows_train": 44551,
      "rows_test": 13823,
      "auc": 0.6300310034503669,
      "brier": 0.23902413374046577,
      "pr_auc": 0.5992081632971024,
      "event_count": 1,
      "train_ratio": 0.8010105663202142,
      "pos_rate_train": 0.4670602231150816,
      "class_strategy": "none"
    },
    "4": {
      "rows_train": 44551,
      "rows_test": 13823,
      "auc": 0.6903098844909135,
      "brier": 0.22050682207384079,
      "pr_auc": 0.75098837885111,
      "event_count": 1,
      "train_ratio": 0.8010105663202142,
      "pos_rate_train": 0.5827254158155821,
      "class_strategy": "none"
    },
    "8": {
      "rows_train": 44551,
      "rows_test": 13823,
      "auc": 0.7361635863601284,
      "brier": 0.19050092035647626,
      "pr_auc": 0.8430632299974926,
      "event_count": 1,
      "train_ratio": 0.8010105663202142,
      "pos_rate_train": 0.6849677897241364,
      "class_strategy": "none"
    }
  },
  "groupkfold_event": {
    "1": {
      "rows_train": 69466,
      "rows_test": 0,
      "auc": null,
      "brier": null,
      "pr_auc": null,
      "event_count": 1,
      "folds": 0,
      "note": "insufficient training data"
    },
    "2": {
      "rows_train": 69466,
      "rows_test": 0,
      "auc": null,
      "brier": null,
      "pr_auc": null,
      "event_count": 1,
      "folds": 0,
      "note": "insufficient training data"
    },
    "4": {
      "rows_train": 69466,
      "rows_test": 0,
      "auc": null,
      "brier": null,
      "pr_auc": null,
      "event_count": 1,
      "folds": 0,
      "note": "insufficient training data"
    },
    "8": {
      "rows_train": 69466,
      "rows_test": 0,
      "auc": null,
      "brier": null,
      "pr_auc": null,
      "event_count": 1,
      "folds": 0,
      "note": "insufficient training data"
    }
  },
  "calibration": {
    "1": {
      "rows": 11092,
      "brier": 0.21512749894260533,
      "ece": 2.6254192152828936e-17,
      "method": "isotonic"
    },
    "2": {
      "rows": 11092,
      "brier": 0.22824965552631948,
      "ece": 5.244082204983187e-17,
      "method": "isotonic"
    },
    "4": {
      "rows": 11092,
      "brier": 0.20588413887314447,
      "ece": 0.0,
      "method": "isotonic"
    },
    "8": {
      "rows": 11092,
      "brier": 0.1681929588974966,
      "ece": 2.0193607574659693e-17,
      "method": "isotonic"
    }
  },
  "ranking": {
    "1": {
      "rows_test": 13823,
      "overall": [
        {
          "k": 10,
          "precision": 1.0,
          "recall": 0.002028397565922921,
          "total_positives": 4930
        },
        {
          "k": 25,
          "precision": 1.0,
          "recall": 0.005070993914807302,
          "total_positives": 4930
        },
        {
          "k": 50,
          "precision": 0.96,
          "recall": 0.00973630831643002,
          "total_positives": 4930
        },
        {
          "k": 100,
          "precision": 0.84,
          "recall": 0.017038539553752535,
          "total_positives": 4930
        }
      ],
      "priority_1": [
        {
          "k": 10,
          "precision": 0.8,
          "recall": 0.0026084121291164004,
          "total_positives": 3067
        },
        {
          "k": 25,
          "precision": 0.8,
          "recall": 0.006521030322791001,
          "total_positives": 3067
        },
        {
          "k": 50,
          "precision": 0.72,
          "recall": 0.011737854581023801,
          "total_positives": 3067
        },
        {
          "k": 100,
          "precision": 0.69,
          "recall": 0.022497554613628953,
          "total_positives": 3067
        }
      ],
      "other": [
        {
          "k": 10,
          "precision": 1.0,
          "recall": 0.005367686527106817,
          "total_positives": 1863
        },
        {
          "k": 25,
          "precision": 1.0,
          "recall": 0.013419216317767043,
          "total_positives": 1863
        },
        {
          "k": 50,
          "precision": 0.98,
          "recall": 0.026301663982823402,
          "total_positives": 1863
        },
        {
          "k": 100,
          "precision": 0.83,
          "recall": 0.04455179817498658,
          "total_positives": 1863
        }
      ]
    },
    "2": {
      "rows_test": 13823,
      "overall": [
        {
          "k": 10,
          "precision": 0.8,
          "recall": 0.001243587750660656,
          "total_positives": 6433
        },
        {
          "k": 25,
          "precision": 0.92,
          "recall": 0.003575314783149386,
          "total_positives": 6433
        },
        {
          "k": 50,
          "precision": 0.94,
          "recall": 0.007306078035131354,
          "total_positives": 6433
        },
        {
          "k": 100,
          "precision": 0.96,
          "recall": 0.014923053007927872,
          "total_positives": 6433
        }
      ],
      "priority_1": [
        {
          "k": 10,
          "precision": 0.9,
          "recall": 0.0021728633510381457,
          "total_positives": 4142
        },
        {
          "k": 25,
          "precision": 0.8,
          "recall": 0.004828585224529213,
          "total_positives": 4142
        },
        {
          "k": 50,
          "precision": 0.82,
          "recall": 0.009898599710284886,
          "total_positives": 4142
        },
        {
          "k": 100,
          "precision": 0.89,
          "recall": 0.021487204249154998,
          "total_positives": 4142
        }
      ],
      "other": [
        {
          "k": 10,
          "precision": 1.0,
          "recall": 0.004364906154517678,
          "total_positives": 2291
        },
        {
          "k": 25,
          "precision": 1.0,
          "recall": 0.010912265386294195,
          "total_positives": 2291
        },
        {
          "k": 50,
          "precision": 1.0,
          "recall": 0.02182453077258839,
          "total_positives": 2291
        },
        {
          "k": 100,
          "precision": 0.96,
          "recall": 0.041903099083369706,
          "total_positives": 2291
        }
      ]
    },
    "4": {
      "rows_test": 13823,
      "overall": [
        {
          "k": 10,
          "precision": 1.0,
          "recall": 0.0012624668602449186,
          "total_positives": 7921
        },
        {
          "k": 25,
          "precision": 1.0,
          "recall": 0.0031561671506122966,
          "total_positives": 7921
        },
        {
          "k": 50,
          "precision": 0.96,
          "recall": 0.006059840929175609,
          "total_positives": 7921
        },
        {
          "k": 100,
          "precision": 0.98,
          "recall": 0.012372175230400202,
          "total_positives": 7921
        }
      ],
      "priority_1": [
        {
          "k": 10,
          "precision": 1.0,
          "recall": 0.0019146084625694046,
          "total_positives": 5223
        },
        {
          "k": 25,
          "precision": 0.92,
          "recall": 0.0044035994639096306,
          "total_positives": 5223
        },
        {
          "k": 50,
          "precision": 0.96,
          "recall": 0.009190120620333142,
          "total_positives": 5223
        },
        {
          "k": 100,
          "precision": 0.94,
          "recall": 0.017997319548152403,
          "total_positives": 5223
        }
      ],
      "other": [
        {
          "k": 10,
          "precision": 1.0,
          "recall": 0.0037064492216456633,
          "total_positives": 2698
        },
        {
          "k": 25,
          "precision": 1.0,
          "recall": 0.009266123054114159,