{
  "within_event_time": {
    "1": {
      "rows_train": 40220,
      "rows_test": 12490,
      "auc": 0.6309964473444987,
      "brier": 0.22515522948763542,
      "pr_auc": 0.5041848189676441,
      "event_count": 1,
      "train_ratio": 0.8010259351303128,
      "pos_rate_train": 0.33751864743908505,
      "class_strategy": "none"
    },
    "2": {
      "rows_train": 40220,
      "rows_test": 12490,
      "auc": 0.6516234251695971,
      "brier": 0.23185115637204054,
      "pr_auc": 0.6183780956181306,
      "event_count": 1,
      "train_ratio": 0.8010259351303128,
      "pos_rate_train": 0.45785678766782695,
      "class_strategy": "none"
    },
    "4": {
      "rows_train": 40220,
      "rows_test": 12490,
      "auc": 0.6659578020207119,
      "brier": 0.2358023239451338,
      "pr_auc": 0.7088746658583795,
      "event_count": 1,
      "train_ratio": 0.8010259351303128,
      "pos_rate_train": 0.5743162605668821,
      "class_strategy": "none"
    },
    "8": {
      "rows_train": 40220,
      "rows_test": 12490,
      "auc": 0.6771696215918797,
      "brier": 0.23242820875246847,
      "pr_auc": 0.7851020141343625,
      "event_count": 1,
      "train_ratio": 0.8010259351303128,
      "pos_rate_train": 0.6796369965191447,
      "class_strategy": "none"
    }
  },
  "groupkfold_event": {
    "1": {
      "rows_train": 62772,
      "rows_test": 0,
      "auc": null,
      "brier": null,
      "pr_auc": null,
      "event_count": 1,
      "folds": 0,
      "note": "insufficient training data"
    },
    "2": {
      "rows_train": 62772,
      "rows_test": 0,
      "auc": null,
      "brier": null,
      "pr_auc": null,
      "event_count": 1,
      "folds": 0,
      "note": "insufficient training data"
    },
    "4": {
      "rows_train": 62772,
      "rows_test": 0,
      "auc": null,
      "brier": null,
      "pr_auc": null,
      "event_count": 1,
      "folds": 0,
      "note": "insufficient training data"
    },
    "8": {
      "rows_train": 62772,
      "rows_test": 0,
      "auc": null,
      "brier": null,
      "pr_auc": null,
      "event_count": 1,
      "folds": 0,
      "note": "insufficient training data"
    }
  },
  "calibration": {
    "1": {
      "rows": 10062,
      "brier": 0.2168325490429113,
      "ece": 3.291250749929202e-17,
      "method": "isotonic"
    },
    "2": {
      "rows": 10062,
      "brier": 0.21963937152571952,
      "ece": 1.3494362543396605e-17,
      "method": "isotonic"
    },
    "4": {
      "rows": 10062,
      "brier": 0.18811570849427273,
      "ece": 3.2428398622275244e-17,
      "method": "isotonic"
    },
    "8": {
      "rows": 10062,
      "brier": 0.146455667384639,
      "ece": 6.344446821302574e-19,
      "method": "isotonic"
    }
  },
  "ranking": {
    "1": {
      "rows_test": 12490,
      "overall": [
        {
          "k": 10,
          "precision": 1.0,
          "recall": 0.0021593608291945584,
          "total_positives": 4631
        },
        {
          "k": 25,
          "precision": 0.96,
          "recall": 0.005182465990066941,
          "total_positives": 4631
        },
        {
          "k": 50,
          "precision": 0.96,
          "recall": 0.010364931980133881,
          "total_positives": 4631
        },
        {
          "k": 100,
          "precision": 0.9,
          "recall": 0.019434247462751027,
          "total_positives": 4631
        }
      ],
      "priority_1": [
        {
          "k": 10,
          "precision": 1.0,
          "recall": 0.003051571559353067,
          "total_positives": 3277
        },
        {
          "k": 25,
          "precision": 0.92,
          "recall": 0.007018614586512054,
          "total_positives": 3277
        },
        {
          "k": 50,
          "precision": 0.84,
          "recall": 0.01281660054928288,
          "total_positives": 3277
        },
        {
          "k": 100,
          "precision": 0.82,
          "recall": 0.025022886786695148,
          "total_positives": 3277
        }
      ],
      "other": [
        {
          "k": 10,
          "precision": 0.9,
          "recall": 0.0066469719350073855,
          "total_positives": 1354
        },
        {
          "k": 25,
          "precision": 0.96,
          "recall": 0.01772525849335303,
          "total_positives": 1354
        },
        {
          "k": 50,
          "precision": 0.96,
          "recall": 0.03545051698670606,
          "total_positives": 1354
        },
        {
          "k": 100,
          "precision": 0.9,
          "recall": 0.06646971935007386,
          "total_positives": 1354
        }
      ]
    },
    "2": {
      "rows_test": 12490,
      "overall": [
        {
          "k": 10,
          "precision": 1.0,
          "recall": 0.0017167381974248926,
          "total_positives": 5825
        },
        {
          "k": 25,
          "precision": 1.0,
          "recall": 0.004291845493562232,
          "total_positives": 5825
        },
        {
          "k": 50,
          "precision": 1.0,
          "recall": 0.008583690987124463,
          "total_positives": 5825
        },
        {
          "k": 100,
          "precision": 0.97,
          "recall": 0.016652360515021458,
          "total_positives": 5825
        }
      ],
      "priority_1": [
        {
          "k": 10,
          "precision": 1.0,
          "recall": 0.0023998080153587713,
          "total_positives": 4167
        },
        {
          "k": 25,
          "precision": 0.96,
          "recall": 0.005759539236861051,
          "total_positives": 4167
        },
        {
          "k": 50,
          "precision": 0.9,
          "recall": 0.01079913606911447,
          "total_positives": 4167
        },
        {
          "k": 100,
          "precision": 0.87,
          "recall": 0.02087832973362131,
          "total_positives": 4167
        }
      ],
      "other": [
        {
          "k": 10,
          "precision": 1.0,
          "recall": 0.006031363088057901,
          "total_positives": 1658
        },
        {
          "k": 25,
          "precision": 1.0,
          "recall": 0.015078407720144753,
          "total_positives": 1658
        },
        {
          "k": 50,
          "precision": 1.0,
          "recall": 0.030156815440289506,
          "total_positives": 1658
        },
        {
          "k": 100,
          "precision": 0.97,
          "recall": 0.05850422195416164,
          "total_positives": 1658
        }
      ]
    },
    "4": {
      "rows_test": 12490,
      "overall": [
        {
          "k": 10,
          "precision": 0.9,
          "recall": 0.0013260645351407102,
          "total_positives": 6787
        },
        {
          "k": 25,
          "precision": 0.92,
          "recall": 0.0033888315898040373,
          "total_positives": 6787
        },
        {
          "k": 50,
          "precision": 0.96,
          "recall": 0.007072344187417121,
          "total_positives": 6787
        },
        {
          "k": 100,
          "precision": 0.96,
          "recall": 0.014144688374834243,
          "total_positives": 6787
        }
      ],
      "priority_1": [
        {
          "k": 10,
          "precision": 0.9,
          "recall": 0.0018499486125385406,
          "total_positives": 4865
        },
        {
          "k": 25,
          "precision": 0.92,
          "recall": 0.00472764645426516,
          "total_positives": 4865
        },
        {
          "k": 50,
          "precision": 0.96,
          "recall": 0.00986639260020555,
          "total_positives": 4865
        },
        {
          "k": 100,
          "precision": 0.93,
          "recall": 0.019116135662898253,
          "total_positives": 4865
        }
      ],
      "other": [
        {
          "k": 10,
          "precision": 0.9,
          "recall": 0.004682622268470343,
          "total_positives": 1922
        },
        {
          "k": 25,
          "precision": 0.96,