{
  "within_event_time": {
    "1": {
      "rows_train": 24951,
      "rows_test": 7695,
      "auc": 0.6509294048602223,
      "brier": 0.27021451504911875,
      "pr_auc": 0.588664918580624,
      "event_count": 1,
      "train_ratio": 0.8017672213921376,
      "pos_rate_train": 0.312211935393371,
      "class_strategy": "none"
    },
    "2": {
      "rows_train": 24951,
      "rows_test": 7695,
      "auc": 0.6640515184103215,
      "brier": 0.23404653250763066,
      "pr_auc": 0.7116393519449429,
      "event_count": 1,
      "train_ratio": 0.8017672213921376,
      "pos_rate_train": 0.42739769949100237,
      "class_strategy": "none"
    },
    "4": {
      "rows_train": 24951,
      "rows_test": 7695,
      "auc": 0.5657383008419906,
      "brier": 0.2219425140614705,
      "pr_auc": 0.7339474703945121,
      "event_count": 1,
      "train_ratio": 0.8017672213921376,
      "pos_rate_train": 0.5325237465432248,
      "class_strategy": "none"
    },
    "8": {
      "rows_train": 24951,
      "rows_test": 7695,
      "auc": 0.561413834259803,
      "brier": 0.23831734430176926,
      "pr_auc": 0.7643823748983601,
      "event_count": 1,
      "train_ratio": 0.8017672213921376,
      "pos_rate_train": 0.6176505951665264,
      "class_strategy": "none"
    }
  },
  "groupkfold_event": {
    "1": {
      "rows_train": 38818,
      "rows_test": 0,
      "auc": null,
      "brier": null,
      "pr_auc": null,
      "event_count": 1,
      "folds": 0,
      "note": "insufficient training data"
    },
    "2": {
      "rows_train": 38818,
      "rows_test": 0,
      "auc": null,
      "brier": null,
      "pr_auc": null,
      "event_count": 1,
      "folds": 0,
      "note": "insufficient training data"
    },
    "4": {
      "rows_train": 38818,
      "rows_test": 0,
      "auc": null,
      "brier": null,
      "pr_auc": null,
      "event_count": 1,
      "folds": 0,
      "note": "insufficient training data"
    },
    "8": {
      "rows_train": 38818,
      "rows_test": 0,
      "auc": null,
      "brier": null,
      "pr_auc": null,
      "event_count": 1,
      "folds": 0,
      "note": "insufficient training data"
    }
  },
  "calibration": {
    "1": {
      "rows": 6172,
      "brier": 0.18909523342210238,
      "ece": 5.072632743750715e-18,
      "method": "isotonic"
    },
    "2": {
      "rows": 6172,
      "brier": 0.21271129399254318,
      "ece": 2.1954426467190595e-17,
      "method": "isotonic"
    },
    "4": {
      "rows": 6172,
      "brier": 0.2212287936721812,
      "ece": 2.568694878750362e-17,
      "method": "isotonic"
    },
    "8": {
      "rows": 6172,
      "brier": 0.19328454886299787,
      "ece": 6.256247050625882e-17,
      "method": "isotonic"
    }
  },
  "ranking": {
    "1": {
      "rows_test": 7695,
      "overall": [
        {
          "k": 10,
          "precision": 1.0,
          "recall": 0.002994908655286014,
          "total_positives": 3339
        },
        {
          "k": 25,
          "precision": 1.0,
          "recall": 0.007487271638215035,
          "total_positives": 3339
        },
        {
          "k": 50,
          "precision": 0.96,
          "recall": 0.014375561545372867,
          "total_positives": 3339
        },
        {
          "k": 100,
          "precision": 0.91,
          "recall": 0.027253668763102725,
          "total_positives": 3339
        }
      ],
      "priority_1": [
        {
          "k": 10,
          "precision": 0.9,
          "recall": 0.0030653950953678476,
          "total_positives": 2936
        },
        {
          "k": 25,
          "precision": 0.92,
          "recall": 0.007833787465940054,
          "total_positives": 2936
        },
        {
          "k": 50,
          "precision": 0.88,
          "recall": 0.014986376021798364,
          "total_positives": 2936
        },
        {
          "k": 100,
          "precision": 0.85,
          "recall": 0.028950953678474115,
          "total_positives": 2936
        }
      ],
      "other": [
        {
          "k": 10,
          "precision": 1.0,
          "recall": 0.02481389578163772,
          "total_positives": 403
        },
        {
          "k": 25,
          "precision": 1.0,
          "recall": 0.062034739454094295,
          "total_positives": 403
        },
        {
          "k": 50,
          "precision": 0.82,
          "recall": 0.10173697270471464,
          "total_positives": 403
        },
        {
          "k": 100,
          "precision": 0.75,
          "recall": 0.18610421836228289,
          "total_positives": 403
        }
      ]
    },
    "2": {
      "rows_test": 7695,
      "overall": [
        {
          "k": 10,
          "precision": 1.0,
          "recall": 0.002284669865204478,
          "total_positives": 4377
        },
        {
          "k": 25,
          "precision": 1.0,
          "recall": 0.0057116746630111945,
          "total_positives": 4377
        },
        {
          "k": 50,
          "precision": 0.94,
          "recall": 0.010737948366461046,
          "total_positives": 4377
        },
        {
          "k": 100,
          "precision": 0.9,
          "recall": 0.0205620287868403,
          "total_positives": 4377
        }
      ],
      "priority_1": [
        {
          "k": 10,
          "precision": 0.8,
          "recall": 0.002100288789708585,
          "total_positives": 3809
        },
        {
          "k": 25,
          "precision": 0.84,
          "recall": 0.005513258072985036,
          "total_positives": 3809
        },
        {
          "k": 50,
          "precision": 0.86,
          "recall": 0.011289052244683644,
          "total_positives": 3809
        },
        {
          "k": 100,
          "precision": 0.9,
          "recall": 0.02362824888422158,
          "total_positives": 3809
        }
      ],
      "other": [
        {
          "k": 10,
          "precision": 0.9,
          "recall": 0.01584507042253521,
          "total_positives": 568
        },
        {
          "k": 25,
          "precision": 0.96,
          "recall": 0.04225352112676056,
          "total_positives": 568
        },
        {
          "k": 50,
          "precision": 0.88,
          "recall": 0.07746478873239436,
          "total_positives": 568
        },
        {
          "k": 100,
          "precision": 0.76,
          "recall": 0.13380281690140844,
          "total_positives": 568
        }
      ]
    },
    "4": {
      "rows_test": 7695,
      "overall": [
        {
          "k": 10,
          "precision": 1.0,
          "recall": 0.0018828845791752965,
          "total_positives": 5311
        },
        {
          "k": 25,
          "precision": 0.96,
          "recall": 0.004518922990020712,
          "total_positives": 5311
        },
        {
          "k": 50,
          "precision": 0.98,
          "recall": 0.009226134437958953,
          "total_positives": 5311
        },
        {
          "k": 100,
          "precision": 0.98,
          "recall": 0.018452268875917905,
          "total_positives": 5311
        }
      ],
      "priority_1": [
        {
          "k": 10,
          "precision": 0.8,
          "recall": 0.0017703031644169065,
          "total_positives": 4519
        },
        {
          "k": 25,
          "precision": 0.92,
          "recall": 0.005089621597698606,
          "total_positives": 4519
        },
        {
          "k": 50,
          "precision": 0.92,
          "recall": 0.010179243195397212,
          "total_positives": 4519
        },
        {
          "k": 100,
          "precision": 0.92,
          "recall": 0.020358486390794423,
          "total_positives": 4519
        }
      ],
      "other": [
        {
          "k": 10,
          "precision": 1.0,
          "recall": 0.012626262626262626,
          "total_positives": 792
        },
        {
          "k": 25,
          "precision": 0.96,
          "recall": 0.030303030303030304,