{
  "within_event_time": {
    "1": {
      "rows_train": 51149,
      "rows_test": 15765,
      "auc": 0.6715361468228481,
      "brier": 0.20761684323934806,
      "pr_auc": 0.5167876585668385,
      "event_count": 1,
      "train_ratio": 0.8011327799783031,
      "pos_rate_train": 0.3504467340514966,
      "class_strategy": "none"
    },
    "2": {
      "rows_train": 51149,
      "rows_test": 15765,
      "auc": 0.6600425969634555,
      "brier": 0.23055556455497211,
      "pr_auc": 0.601782398661607,
      "event_count": 1,
      "train_ratio": 0.8011327799783031,
      "pos_rate_train": 0.4742028192144519,
      "class_strategy": "none"
    },
    "4": {
      "rows_train": 51149,
      "rows_test": 15765,
      "auc": 0.70262903575874,
      "brier": 0.21738746022627267,
      "pr_auc": 0.753033707846989,
      "event_count": 1,
      "train_ratio": 0.8011327799783031,
      "pos_rate_train": 0.5896302958024595,
      "class_strategy": "none"
    },
    "8": {
      "rows_train": 51149,
      "rows_test": 15765,
      "auc": 0.7354902643847112,
      "brier": 0.1934213677100717,
      "pr_auc": 0.8419899793774556,
      "event_count": 1,
      "train_ratio": 0.8011327799783031,
      "pos_rate_train": 0.6927603667715889,
      "class_strategy": "none"
    }
  },
  "groupkfold_event": {
    "1": {
      "rows_train": 79274,
      "rows_test": 0,
      "auc": null,
      "brier": null,
      "pr_auc": null,
      "event_count": 1,
      "folds": 0,
      "note": "insufficient training data"
    },
    "2": {
      "rows_train": 79274,
      "rows_test": 0,
      "auc": null,
      "brier": null,
      "pr_auc": null,
      "event_count": 1,
      "folds": 0,
      "note": "insufficient training data"
    },
    "4": {
      "rows_train": 79274,
      "rows_test": 0,
      "auc": null,
      "brier": null,
      "pr_auc": null,
      "event_count": 1,
      "folds": 0,
      "note": "insufficient training data"
    },
    "8": {
      "rows_train": 79274,
      "rows_test": 0,
      "auc": null,
      "brier": null,
      "pr_auc": null,
      "event_count": 1,
      "folds": 0,
      "note": "insufficient training data"
    }
  },
  "calibration": {
    "1": {
      "rows": 12360,
      "brier": 0.20997936826872193,
      "ece": 1.766161830233992e-17,
      "method": "isotonic"
    },
    "2": {
      "rows": 12360,
      "brier": 0.22218978485755003,
      "ece": 6.038409614112148e-17,
      "method": "isotonic"
    },
    "4": {
      "rows": 12360,
      "brier": 0.2082017861257097,
      "ece": 7.15447119024221e-17,
      "method": "isotonic"
    },
    "8": {
      "rows": 12360,
      "brier": 0.17517383845202758,
      "ece": 6.944732455412133e-17,
      "method": "isotonic"
    }
  },
  "ranking": {
    "1": {
      "rows_test": 15765,
      "overall": [
        {
          "k": 10,
          "precision": 0.9,
          "recall": 0.0016423357664233577,
          "total_positives": 5480
        },
        {
          "k": 25,
          "precision": 0.96,
          "recall": 0.004379562043795621,
          "total_positives": 5480
        },
        {
          "k": 50,
          "precision": 0.94,
          "recall": 0.008576642335766424,
          "total_positives": 5480
        },
        {
          "k": 100,
          "precision": 0.92,
          "recall": 0.016788321167883213,
          "total_positives": 5480
        }
      ],
      "priority_1": [
        {
          "k": 10,
          "precision": 0.8,
          "recall": 0.002348796241926013,
          "total_positives": 3406
        },
        {
          "k": 25,
          "precision": 0.84,
          "recall": 0.006165590135055784,
          "total_positives": 3406
        },
        {
          "k": 50,
          "precision": 0.82,
          "recall": 0.012037580739870817,
          "total_positives": 3406
        },
        {
          "k": 100,
          "precision": 0.73,
          "recall": 0.021432765707574866,
          "total_positives": 3406
        }
      ],
      "other": [
        {
          "k": 10,
          "precision": 1.0,
          "recall": 0.0048216007714561235,
          "total_positives": 2074
        },
        {
          "k": 25,
          "precision": 1.0,
          "recall": 0.012054001928640309,
          "total_positives": 2074
        },
        {
          "k": 50,
          "precision": 0.98,
          "recall": 0.023625843780135006,
          "total_positives": 2074
        },
        {
          "k": 100,
          "precision": 0.83,
          "recall": 0.04001928640308582,
          "total_positives": 2074
        }
      ]
    },
    "2": {
      "rows_test": 15765,
      "overall": [
        {
          "k": 10,
          "precision": 1.0,
          "recall": 0.001414227124876255,
          "total_positives": 7071
        },
        {
          "k": 25,
          "precision": 1.0,
          "recall": 0.003535567812190638,
          "total_positives": 7071
        },
        {
          "k": 50,
          "precision": 1.0,
          "recall": 0.007071135624381276,
          "total_positives": 7071
        },
        {
          "k": 100,
          "precision": 0.96,
          "recall": 0.013576580398812049,
          "total_positives": 7071
        }
      ],
      "priority_1": [
        {
          "k": 10,
          "precision": 1.0,
          "recall": 0.0022371364653243847,
          "total_positives": 4470
        },
        {
          "k": 25,
          "precision": 0.96,
          "recall": 0.005369127516778523,
          "total_positives": 4470
        },
        {
          "k": 50,
          "precision": 0.9,
          "recall": 0.010067114093959731,
          "total_positives": 4470
        },
        {
          "k": 100,
          "precision": 0.88,
          "recall": 0.019686800894854587,
          "total_positives": 4470
        }
      ],
      "other": [
        {
          "k": 10,
          "precision": 1.0,
          "recall": 0.0038446751249519417,
          "total_positives": 2601
        },
        {
          "k": 25,
          "precision": 1.0,
          "recall": 0.009611687812379853,
          "total_positives": 2601
        },
        {
          "k": 50,
          "precision": 1.0,
          "recall": 0.019223375624759707,
          "total_positives": 2601
        },
        {
          "k": 100,
          "precision": 0.95,
          "recall": 0.03652441368704344,
          "total_positives": 2601
        }
      ]
    },
    "4": {
      "rows_test": 15765,
      "overall": [
        {
          "k": 10,
          "precision": 1.0,
          "recall": 0.0011183180496533215,
          "total_positives": 8942
        },
        {
          "k": 25,
          "precision": 1.0,
          "recall": 0.0027957951241333037,
          "total_positives": 8942
        },
        {
          "k": 50,
          "precision": 1.0,
          "recall": 0.005591590248266607,
          "total_positives": 8942
        },
        {
          "k": 100,
          "precision": 0.98,
          "recall": 0.010959516886602549,
          "total_positives": 8942
        }
      ],
      "priority_1": [
        {
          "k": 10,
          "precision": 1.0,
          "recall": 0.0017140898183064792,
          "total_positives": 5834
        },
        {
          "k": 25,
          "precision": 1.0,
          "recall": 0.0042852245457661985,
          "total_positives": 5834
        },
        {
          "k": 50,
          "precision": 0.98,
          "recall": 0.008399040109701748,
          "total_positives": 5834
        },
        {
          "k": 100,
          "precision": 0.97,
          "recall": 0.01662667123757285,
          "total_positives": 5834
        }
      ],
      "other": [
        {
          "k": 10,
          "precision": 1.0,
          "recall": 0.0032175032175032173,
          "total_positives": 3108
        },
        {
          "k": 25,
          "precision": 1.0,