{
  "within_event_time": {
    "1": {
      "rows_train": 25352,
      "rows_test": 8063,
      "auc": 0.6887328533703608,
      "brier": 0.2535441690096162,
      "pr_auc": 0.5747037435063252,
      "event_count": 1,
      "train_ratio": 0.7964402928553396,
      "pos_rate_train": 0.31248027769012304,
      "class_strategy": "none"
    },
    "2": {
      "rows_train": 25352,
      "rows_test": 8063,
      "auc": 0.6624919921768601,
      "brier": 0.234780171664771,
      "pr_auc": 0.7019614648161179,
      "event_count": 1,
      "train_ratio": 0.7964402928553396,
      "pos_rate_train": 0.42604133796150206,
      "class_strategy": "none"
    },
    "4": {
      "rows_train": 25352,
      "rows_test": 8063,
      "auc": 0.5933632730099944,
      "brier": 0.2208299932140989,
      "pr_auc": 0.7690901001831191,
      "event_count": 1,
      "train_ratio": 0.7964402928553396,
      "pos_rate_train": 0.5295045755758915,
      "class_strategy": "none"
    },
    "8": {
      "rows_train": 25352,
      "rows_test": 8063,
      "auc": 0.6155373240069995,
      "brier": 0.23239859257245685,
      "pr_auc": 0.8116358342711125,
      "event_count": 1,
      "train_ratio": 0.7964402928553396,
      "pos_rate_train": 0.613561060271379,
      "class_strategy": "none"
    }
  },
  "groupkfold_event": {
    "1": {
      "rows_train": 39610,
      "rows_test": 0,
      "auc": null,
      "brier": null,
      "pr_auc": null,
      "event_count": 1,
      "folds": 0,
      "note": "insufficient training data"
    },
    "2": {
      "rows_train": 39610,
      "rows_test": 0,
      "auc": null,
      "brier": null,
      "pr_auc": null,
      "event_count": 1,
      "folds": 0,
      "note": "insufficient training data"
    },
    "4": {
      "rows_train": 39610,
      "rows_test": 0,
      "auc": null,
      "brier": null,
      "pr_auc": null,
      "event_count": 1,
      "folds": 0,
      "note": "insufficient training data"
    },
    "8": {
      "rows_train": 39610,
      "rows_test": 0,
      "auc": null,
      "brier": null,
      "pr_auc": null,
      "event_count": 1,
      "folds": 0,
      "note": "insufficient training data"
    }
  },
  "calibration": {
    "1": {
      "rows": 6195,
      "brier": 0.18355868421627183,
      "ece": 1.6129148057508326e-17,
      "method": "isotonic"
    },
    "2": {
      "rows": 6195,
      "brier": 0.21521570549662167,
      "ece": 8.897913345058762e-18,
      "method": "isotonic"
    },
    "4": {
      "rows": 6195,
      "brier": 0.21389153316523696,
      "ece": 3.718664691036642e-19,
      "method": "isotonic"
    },
    "8": {
      "rows": 6195,
      "brier": 0.17813871995523536,
      "ece": 7.39252619302465e-20,
      "method": "isotonic"
    }
  },
  "ranking": {
    "1": {
      "rows_test": 8063,
      "overall": [
        {
          "k": 10,
          "precision": 0.9,
          "recall": 0.0026962252846015576,
          "total_positives": 3338
        },
        {
          "k": 25,
          "precision": 0.92,
          "recall": 0.00689035350509287,
          "total_positives": 3338
        },
        {
          "k": 50,
          "precision": 0.9,
          "recall": 0.01348112642300779,
          "total_positives": 3338
        },
        {
          "k": 100,
          "precision": 0.78,
          "recall": 0.023367285799880167,
          "total_positives": 3338
        }
      ],
      "priority_1": [
        {
          "k": 10,
          "precision": 0.6,
          "recall": 0.002070393374741201,
          "total_positives": 2898
        },
        {
          "k": 25,
          "precision": 0.72,
          "recall": 0.006211180124223602,
          "total_positives": 2898
        },
        {
          "k": 50,
          "precision": 0.76,
          "recall": 0.013112491373360938,
          "total_positives": 2898
        },
        {
          "k": 100,
          "precision": 0.72,
          "recall": 0.024844720496894408,
          "total_positives": 2898
        }
      ],
      "other": [
        {
          "k": 10,
          "precision": 1.0,
          "recall": 0.022727272727272728,
          "total_positives": 440
        },
        {
          "k": 25,
          "precision": 0.92,
          "recall": 0.05227272727272727,
          "total_positives": 440
        },
        {
          "k": 50,
          "precision": 0.9,
          "recall": 0.10227272727272728,
          "total_positives": 440
        },
        {
          "k": 100,
          "precision": 0.68,
          "recall": 0.15454545454545454,
          "total_positives": 440
        }
      ]
    },
    "2": {
      "rows_test": 8063,
      "overall": [
        {
          "k": 10,
          "precision": 1.0,
          "recall": 0.0022276676319893073,
          "total_positives": 4489
        },
        {
          "k": 25,
          "precision": 1.0,
          "recall": 0.005569169079973268,
          "total_positives": 4489
        },
        {
          "k": 50,
          "precision": 0.94,
          "recall": 0.010470037870349743,
          "total_positives": 4489
        },
        {
          "k": 100,
          "precision": 0.95,
          "recall": 0.021162842503898417,
          "total_positives": 4489
        }
      ],
      "priority_1": [
        {
          "k": 10,
          "precision": 1.0,
          "recall": 0.002576655501159495,
          "total_positives": 3881
        },
        {
          "k": 25,
          "precision": 1.0,
          "recall": 0.006441638752898738,
          "total_positives": 3881
        },
        {
          "k": 50,
          "precision": 0.98,
          "recall": 0.012625611955681525,
          "total_positives": 3881
        },
        {
          "k": 100,
          "precision": 0.94,
          "recall": 0.024220561710899254,
          "total_positives": 3881
        }
      ],
      "other": [
        {
          "k": 10,
          "precision": 1.0,
          "recall": 0.01644736842105263,
          "total_positives": 608
        },
        {
          "k": 25,
          "precision": 0.92,
          "recall": 0.03782894736842105,
          "total_positives": 608
        },
        {
          "k": 50,
          "precision": 0.9,
          "recall": 0.07401315789473684,
          "total_positives": 608
        },
        {
          "k": 100,
          "precision": 0.76,
          "recall": 0.125,
          "total_positives": 608
        }
      ]
    },
    "4": {
      "rows_test": 8063,
      "overall": [
        {
          "k": 10,
          "precision": 0.8,
          "recall": 0.001424247819120527,
          "total_positives": 5617
        },
        {
          "k": 25,
          "precision": 0.88,
          "recall": 0.0039166815025814495,
          "total_positives": 5617
        },
        {
          "k": 50,
          "precision": 0.9,
          "recall": 0.008011393982552965,
          "total_positives": 5617
        },
        {
          "k": 100,
          "precision": 0.92,
          "recall": 0.01637884991988606,
          "total_positives": 5617
        }
      ],
      "priority_1": [
        {
          "k": 10,
          "precision": 0.9,
          "recall": 0.0019035532994923859,
          "total_positives": 4728
        },
        {
          "k": 25,
          "precision": 0.88,
          "recall": 0.004653130287648054,
          "total_positives": 4728
        },
        {
          "k": 50,
          "precision": 0.94,
          "recall": 0.00994077834179357,
          "total_positives": 4728
        },
        {
          "k": 100,
          "precision": 0.93,
          "recall": 0.01967005076142132,
          "total_positives": 4728
        }
      ],
      "other": [
        {
          "k": 10,
          "precision": 1.0,
          "recall": 0.01124859392575928,
          "total_positives": 889
        },
        {
          "k": 25,
          "precision": 1.0,
          "recall": 0.0281214848143982,