{
  "within_event_time": {
    "1": {
      "rows_train": 22129,
      "rows_test": 6946,
      "auc": 0.727102549147506,
      "brier": 0.20051601084248075,
      "pr_auc": 0.5683601809001424,
      "event_count": 1,
      "train_ratio": 0.79919632274291,
      "pos_rate_train": 0.3118984138460843,
      "class_strategy": "none"
    },
    "2": {
      "rows_train": 22129,
      "rows_test": 6946,
      "auc": 0.6723418158854821,
      "brier": 0.23287316049566784,
      "pr_auc": 0.5986248667228815,
      "event_count": 1,
      "train_ratio": 0.79919632274291,
      "pos_rate_train": 0.4307921731664332,
      "class_strategy": "none"
    },
    "4": {
      "rows_train": 22129,
      "rows_test": 6946,
      "auc": 0.5920017785565989,
      "brier": 0.25611937702675863,
      "pr_auc": 0.5353302043917461,
      "event_count": 1,
      "train_ratio": 0.79919632274291,
      "pos_rate_train": 0.5423652221067378,
      "class_strategy": "none"
    },
    "8": {
      "rows_train": 22129,
      "rows_test": 6946,
      "auc": 0.5826082553745442,
      "brier": 0.23379972876491031,
      "pr_auc": 0.6719802400849157,
      "event_count": 1,
      "train_ratio": 0.79919632274291,
      "pos_rate_train": 0.6337385331465498,
      "class_strategy": "none"
    }
  },
  "groupkfold_event": {
    "1": {
      "rows_train": 34591,
      "rows_test": 0,
      "auc": null,
      "brier": null,
      "pr_auc": null,
      "event_count": 1,
      "folds": 0,
      "note": "insufficient training data"
    },
    "2": {
      "rows_train": 34591,
      "rows_test": 0,
      "auc": null,
      "brier": null,
      "pr_auc": null,
      "event_count": 1,
      "folds": 0,
      "note": "insufficient training data"
    },
    "4": {
      "rows_train": 34591,
      "rows_test": 0,
      "auc": null,
      "brier": null,
      "pr_auc": null,
      "event_count": 1,
      "folds": 0,
      "note": "insufficient training data"
    },
    "8": {
      "rows_train": 34591,
      "rows_test": 0,
      "auc": null,
      "brier": null,
      "pr_auc": null,
      "event_count": 1,
      "folds": 0,
      "note": "insufficient training data"
    }
  },
  "calibration": {
    "1": {
      "rows": 5516,
      "brier": 0.19356677528957647,
      "ece": 3.482026527558957e-18,
      "method": "isotonic"
    },
    "2": {
      "rows": 5516,
      "brier": 0.21892681949468668,
      "ece": 6.457850932758909e-17,
      "method": "isotonic"
    },
    "4": {
      "rows": 5516,
      "brier": 0.22530907953057072,
      "ece": 2.5964244049428062e-18,
      "method": "isotonic"
    },
    "8": {
      "rows": 5516,
      "brier": 0.2248148057737455,
      "ece": 7.164319898754975e-17,
      "method": "isotonic"
    }
  },
  "ranking": {
    "1": {
      "rows_test": 6946,
      "overall": [
        {
          "k": 10,
          "precision": 0.9,
          "recall": 0.0036779730281977932,
          "total_positives": 2447
        },
        {
          "k": 25,
          "precision": 0.96,
          "recall": 0.009807928075194115,
          "total_positives": 2447
        },
        {
          "k": 50,
          "precision": 0.88,
          "recall": 0.01798120147118921,
          "total_positives": 2447
        },
        {
          "k": 100,
          "precision": 0.83,
          "recall": 0.033919084593379646,
          "total_positives": 2447
        }
      ],
      "priority_1": [
        {
          "k": 10,
          "precision": 1.0,
          "recall": 0.004970178926441352,
          "total_positives": 2012
        },
        {
          "k": 25,
          "precision": 0.92,
          "recall": 0.01143141153081511,
          "total_positives": 2012
        },
        {
          "k": 50,
          "precision": 0.8,
          "recall": 0.019880715705765408,
          "total_positives": 2012
        },
        {
          "k": 100,
          "precision": 0.76,
          "recall": 0.03777335984095427,
          "total_positives": 2012
        }
      ],
      "other": [
        {
          "k": 10,
          "precision": 0.9,
          "recall": 0.020689655172413793,
          "total_positives": 435
        },
        {
          "k": 25,
          "precision": 0.84,
          "recall": 0.04827586206896552,
          "total_positives": 435
        },
        {
          "k": 50,
          "precision": 0.58,
          "recall": 0.06666666666666667,
          "total_positives": 435
        },
        {
          "k": 100,
          "precision": 0.51,
          "recall": 0.11724137931034483,
          "total_positives": 435
        }
      ]
    },
    "2": {
      "rows_test": 6946,
      "overall": [
        {
          "k": 10,
          "precision": 1.0,
          "recall": 0.0033400133600534404,
          "total_positives": 2994
        },
        {
          "k": 25,
          "precision": 0.96,
          "recall": 0.008016032064128256,
          "total_positives": 2994
        },
        {
          "k": 50,
          "precision": 0.94,
          "recall": 0.01569806279225117,
          "total_positives": 2994
        },
        {
          "k": 100,
          "precision": 0.86,
          "recall": 0.028724114896459586,
          "total_positives": 2994
        }
      ],
      "priority_1": [
        {
          "k": 10,
          "precision": 0.9,
          "recall": 0.0036144578313253013,
          "total_positives": 2490
        },
        {
          "k": 25,
          "precision": 0.96,
          "recall": 0.00963855421686747,
          "total_positives": 2490
        },
        {
          "k": 50,
          "precision": 0.94,
          "recall": 0.01887550200803213,
          "total_positives": 2490
        },
        {
          "k": 100,
          "precision": 0.9,
          "recall": 0.03614457831325301,
          "total_positives": 2490
        }
      ],
      "other": [
        {
          "k": 10,
          "precision": 1.0,
          "recall": 0.01984126984126984,
          "total_positives": 504
        },
        {
          "k": 25,
          "precision": 0.84,
          "recall": 0.041666666666666664,
          "total_positives": 504
        },
        {
          "k": 50,
          "precision": 0.78,
          "recall": 0.07738095238095238,
          "total_positives": 504
        },
        {
          "k": 100,
          "precision": 0.63,
          "recall": 0.125,
          "total_positives": 504
        }
      ]
    },
    "4": {
      "rows_test": 6946,
      "overall": [
        {
          "k": 10,
          "precision": 0.8,
          "recall": 0.0023501762632197414,
          "total_positives": 3404
        },
        {
          "k": 25,
          "precision": 0.72,
          "recall": 0.005287896592244419,
          "total_positives": 3404
        },
        {
          "k": 50,
          "precision": 0.5,
          "recall": 0.007344300822561692,
          "total_positives": 3404
        },
        {
          "k": 100,
          "precision": 0.45,
          "recall": 0.013219741480611046,
          "total_positives": 3404
        }
      ],
      "priority_1": [
        {
          "k": 10,
          "precision": 0.8,
          "recall": 0.00280014000700035,
          "total_positives": 2857
        },
        {
          "k": 25,
          "precision": 0.48,
          "recall": 0.004200210010500525,
          "total_positives": 2857
        },
        {
          "k": 50,
          "precision": 0.46,
          "recall": 0.008050402520126006,
          "total_positives": 2857
        },
        {
          "k": 100,
          "precision": 0.43,
          "recall": 0.015050752537626881,
          "total_positives": 2857
        }
      ],
      "other": [
        {
          "k": 10,
          "precision": 0.7,
          "recall": 0.012797074954296161,
          "total_positives": 547
        },
        {
          "k": 25,
          "precision": 0.72,
          "recall": 0.03290676416819013,