{
  "within_event_time": {
    "1": {
      "rows_train": 31173,
      "rows_test": 9957,
      "auc": 0.6600075794326081,
      "brier": 0.21785792550479757,
      "pr_auc": 0.5247482488177608,
      "event_count": 1,
      "train_ratio": 0.7961093478038292,
      "pos_rate_train": 0.30888910274917397,
      "class_strategy": "none"
    },
    "2": {
      "rows_train": 31173,
      "rows_test": 9957,
      "auc": 0.6391083118189562,
      "brier": 0.23460613341339578,
      "pr_auc": 0.6394295315333943,
      "event_count": 1,
      "train_ratio": 0.7961093478038292,
      "pos_rate_train": 0.4194655631475957,
      "class_strategy": "none"
    },
    "4": {
      "rows_train": 31173,
      "rows_test": 9957,
      "auc": 0.6749031404478799,
      "brier": 0.24647664386522317,
      "pr_auc": 0.7591718697587336,
      "event_count": 1,
      "train_ratio": 0.7961093478038292,
      "pos_rate_train": 0.5195842556058127,
      "class_strategy": "none"
    },
    "8": {
      "rows_train": 31173,
      "rows_test": 9957,
      "auc": 0.7229464461125612,
      "brier": 0.2444372768756319,
      "pr_auc": 0.8136734322300041,
      "event_count": 1,
      "train_ratio": 0.7961093478038292,
      "pos_rate_train": 0.6228787732974048,
      "class_strategy": "none"
    }
  },
  "groupkfold_event": {
    "1": {
      "rows_train": 48835,
      "rows_test": 0,
      "auc": null,
      "brier": null,
      "pr_auc": null,
      "event_count": 1,
      "folds": 0,
      "note": "insufficient training data"
    },
    "2": {
      "rows_train": 48835,
      "rows_test": 0,
      "auc": null,
      "brier": null,
      "pr_auc": null,
      "event_count": 1,
      "folds": 0,
      "note": "insufficient training data"
    },
    "4": {
      "rows_train": 48835,
      "rows_test": 0,
      "auc": null,
      "brier": null,
      "pr_auc": null,
      "event_count": 1,
      "folds": 0,
      "note": "insufficient training data"
    },
    "8": {
      "rows_train": 48835,
      "rows_test": 0,
      "auc": null,
      "brier": null,
      "pr_auc": null,
      "event_count": 1,
      "folds": 0,
      "note": "insufficient training data"
    }
  },
  "calibration": {
    "1": {
      "rows": 7705,
      "brier": 0.22742046732917523,
      "ece": 3.3283275911823925e-17,
      "method": "isotonic"
    },
    "2": {
      "rows": 7705,
      "brier": 0.22225922131794276,
      "ece": 5.602897913453448e-17,
      "method": "isotonic"
    },
    "4": {
      "rows": 7705,
      "brier": 0.16452234971033347,
      "ece": 6.775890685658402e-17,
      "method": "isotonic"
    },
    "8": {
      "rows": 7705,
      "brier": 0.09650311179910016,
      "ece": 5.206016596976886e-17,
      "method": "isotonic"
    }
  },
  "ranking": {
    "1": {
      "rows_test": 9957,
      "overall": [
        {
          "k": 10,
          "precision": 1.0,
          "recall": 0.002656748140276302,
          "total_positives": 3764
        },
        {
          "k": 25,
          "precision": 0.92,
          "recall": 0.006110520722635494,
          "total_positives": 3764
        },
        {
          "k": 50,
          "precision": 0.88,
          "recall": 0.011689691817215728,
          "total_positives": 3764
        },
        {
          "k": 100,
          "precision": 0.85,
          "recall": 0.022582359192348564,
          "total_positives": 3764
        }
      ],
      "priority_1": [
        {
          "k": 10,
          "precision": 0.7,
          "recall": 0.003068829460762823,
          "total_positives": 2281
        },
        {
          "k": 25,
          "precision": 0.72,
          "recall": 0.00789127575624726,
          "total_positives": 2281
        },
        {
          "k": 50,
          "precision": 0.82,
          "recall": 0.01797457255589654,
          "total_positives": 2281
        },
        {
          "k": 100,
          "precision": 0.74,
          "recall": 0.03244191144234985,
          "total_positives": 2281
        }
      ],
      "other": [
        {
          "k": 10,
          "precision": 1.0,
          "recall": 0.006743088334457181,
          "total_positives": 1483
        },
        {
          "k": 25,
          "precision": 0.96,
          "recall": 0.016183412002697236,
          "total_positives": 1483
        },
        {
          "k": 50,
          "precision": 0.88,
          "recall": 0.029669588671611596,
          "total_positives": 1483
        },
        {
          "k": 100,
          "precision": 0.77,
          "recall": 0.051921780175320294,
          "total_positives": 1483
        }
      ]
    },
    "2": {
      "rows_test": 9957,
      "overall": [
        {
          "k": 10,
          "precision": 1.0,
          "recall": 0.001994415636218588,
          "total_positives": 5014
        },
        {
          "k": 25,
          "precision": 0.96,
          "recall": 0.004786597526924611,
          "total_positives": 5014
        },
        {
          "k": 50,
          "precision": 0.94,
          "recall": 0.009373753490227364,
          "total_positives": 5014
        },
        {
          "k": 100,
          "precision": 0.94,
          "recall": 0.01874750698045473,
          "total_positives": 5014
        }
      ],
      "priority_1": [
        {
          "k": 10,
          "precision": 0.9,
          "recall": 0.002798507462686567,
          "total_positives": 3216
        },
        {
          "k": 25,
          "precision": 0.92,
          "recall": 0.007151741293532339,
          "total_positives": 3216
        },
        {
          "k": 50,
          "precision": 0.94,
          "recall": 0.014614427860696517,
          "total_positives": 3216
        },
        {
          "k": 100,
          "precision": 0.89,
          "recall": 0.02767412935323383,
          "total_positives": 3216
        }
      ],
      "other": [
        {
          "k": 10,
          "precision": 1.0,
          "recall": 0.0055617352614015575,
          "total_positives": 1798
        },
        {
          "k": 25,
          "precision": 0.92,
          "recall": 0.012791991101223582,
          "total_positives": 1798
        },
        {
          "k": 50,
          "precision": 0.96,
          "recall": 0.026696329254727477,
          "total_positives": 1798
        },
        {
          "k": 100,
          "precision": 0.85,
          "recall": 0.047274749721913235,
          "total_positives": 1798
        }
      ]
    },
    "4": {
      "rows_test": 9957,
      "overall": [
        {
          "k": 10,
          "precision": 1.0,
          "recall": 0.0016837851490149856,
          "total_positives": 5939
        },
        {
          "k": 25,
          "precision": 0.92,
          "recall": 0.003872705842734467,
          "total_positives": 5939
        },
        {
          "k": 50,
          "precision": 0.94,
          "recall": 0.007913790200370432,
          "total_positives": 5939
        },
        {
          "k": 100,
          "precision": 0.95,
          "recall": 0.015995958915642365,
          "total_positives": 5939
        }
      ],
      "priority_1": [
        {
          "k": 10,
          "precision": 0.9,
          "recall": 0.002326783867631851,
          "total_positives": 3868
        },
        {
          "k": 25,
          "precision": 0.96,
          "recall": 0.0062047569803516025,
          "total_positives": 3868
        },
        {
          "k": 50,
          "precision": 0.94,
          "recall": 0.012150982419855223,
          "total_positives": 3868
        },
        {
          "k": 100,
          "precision": 0.95,
          "recall": 0.02456049638055843,
          "total_positives": 3868
        }
      ],
      "other": [
        {
          "k": 10,
          "precision": 1.0,
          "recall": 0.004828585224529213,
          "total_positives": 2071
        },
        {
          "k": 25,
          "precision": 1.0,
          "recall": 0.012071463061323033,