{
  "within_event_time": {
    "1": {
      "rows_train": 45532,
      "rows_test": 14171,
      "auc": 0.659420313609668,
      "brier": 0.21062385478646709,
      "pr_auc": 0.49123921925073233,
      "event_count": 1,
      "train_ratio": 0.8008404306152852,
      "pos_rate_train": 0.3481727136958622,
      "class_strategy": "none"
    },
    "2": {
      "rows_train": 45532,
      "rows_test": 14171,
      "auc": 0.6859166570105625,
      "brier": 0.22348274821994918,
      "pr_auc": 0.6256960107129075,
      "event_count": 1,
      "train_ratio": 0.8008404306152852,
      "pos_rate_train": 0.4699332337696565,
      "class_strategy": "none"
    },
    "4": {
      "rows_train": 45532,
      "rows_test": 14171,
      "auc": 0.7049688377321671,
      "brier": 0.21985428802081333,
      "pr_auc": 0.7519738993187085,
      "event_count": 1,
      "train_ratio": 0.8008404306152852,
      "pos_rate_train": 0.5845778792936835,
      "class_strategy": "none"
    },
    "8": {
      "rows_train": 45532,
      "rows_test": 14171,
      "auc": 0.7240017268708994,
      "brier": 0.19272016199222824,
      "pr_auc": 0.8308575568575312,
      "event_count": 1,
      "train_ratio": 0.8008404306152852,
      "pos_rate_train": 0.6867258192040763,
      "class_strategy": "none"
    }
  },
  "groupkfold_event": {
    "1": {
      "rows_train": 71154,
      "rows_test": 0,
      "auc": null,
      "brier": null,
      "pr_auc": null,
      "event_count": 1,
      "folds": 0,
      "note": "insufficient training data"
    },
    "2": {
      "rows_train": 71154,
      "rows_test": 0,
      "auc": null,
      "brier": null,
      "pr_auc": null,
      "event_count": 1,
      "folds": 0,
      "note": "insufficient training data"
    },
    "4": {
      "rows_train": 71154,
      "rows_test": 0,
      "auc": null,
      "brier": null,
      "pr_auc": null,
      "event_count": 1,
      "folds": 0,
      "note": "insufficient training data"
    },
    "8": {
      "rows_train": 71154,
      "rows_test": 0,
      "auc": null,
      "brier": null,
      "pr_auc": null,
      "event_count": 1,
      "folds": 0,
      "note": "insufficient training data"
    }
  },
  "calibration": {
    "1": {
      "rows": 11451,
      "brier": 0.20634319560326156,
      "ece": 6.483330159521808e-17,
      "method": "isotonic"
    },
    "2": {
      "rows": 11451,
      "brier": 0.2190919536262052,
      "ece": 4.501100682754597e-18,
      "method": "isotonic"
    },
    "4": {
      "rows": 11451,
      "brier": 0.20299056985063846,
      "ece": 2.3293256629656263e-17,
      "method": "isotonic"
    },
    "8": {
      "rows": 11451,
      "brier": 0.17355163928413056,
      "ece": 8.275044550847709e-17,
      "method": "isotonic"
    }
  },
  "ranking": {
    "1": {
      "rows_test": 14171,
      "overall": [
        {
          "k": 10,
          "precision": 1.0,
          "recall": 0.0021253985122210413,
          "total_positives": 4705
        },
        {
          "k": 25,
          "precision": 1.0,
          "recall": 0.005313496280552604,
          "total_positives": 4705
        },
        {
          "k": 50,
          "precision": 0.98,
          "recall": 0.010414452709883103,
          "total_positives": 4705
        },
        {
          "k": 100,
          "precision": 0.82,
          "recall": 0.01742826780021254,
          "total_positives": 4705
        }
      ],
      "priority_1": [
        {
          "k": 10,
          "precision": 0.7,
          "recall": 0.0023553162853297443,
          "total_positives": 2972
        },
        {
          "k": 25,
          "precision": 0.52,
          "recall": 0.004374158815612382,
          "total_positives": 2972
        },
        {
          "k": 50,
          "precision": 0.62,
          "recall": 0.010430686406460296,
          "total_positives": 2972
        },
        {
          "k": 100,
          "precision": 0.67,
          "recall": 0.022543741588156124,
          "total_positives": 2972
        }
      ],
      "other": [
        {
          "k": 10,
          "precision": 1.0,
          "recall": 0.005770340450086555,
          "total_positives": 1733
        },
        {
          "k": 25,
          "precision": 1.0,
          "recall": 0.014425851125216388,
          "total_positives": 1733
        },
        {
          "k": 50,
          "precision": 0.98,
          "recall": 0.02827466820542412,
          "total_positives": 1733
        },
        {
          "k": 100,
          "precision": 0.88,
          "recall": 0.050778995960761686,
          "total_positives": 1733
        }
      ]
    },
    "2": {
      "rows_test": 14171,
      "overall": [
        {
          "k": 10,
          "precision": 1.0,
          "recall": 0.0016160310277957336,
          "total_positives": 6188
        },
        {
          "k": 25,
          "precision": 0.96,
          "recall": 0.003878474466709761,
          "total_positives": 6188
        },
        {
          "k": 50,
          "precision": 0.88,
          "recall": 0.007110536522301228,
          "total_positives": 6188
        },
        {
          "k": 100,
          "precision": 0.91,
          "recall": 0.014705882352941176,
          "total_positives": 6188
        }
      ],
      "priority_1": [
        {
          "k": 10,
          "precision": 0.8,
          "recall": 0.0019723865877712033,
          "total_positives": 4056
        },
        {
          "k": 25,
          "precision": 0.76,
          "recall": 0.004684418145956607,
          "total_positives": 4056
        },
        {
          "k": 50,
          "precision": 0.84,
          "recall": 0.010355029585798817,
          "total_positives": 4056
        },
        {
          "k": 100,
          "precision": 0.89,
          "recall": 0.021942800788954636,
          "total_positives": 4056
        }
      ],
      "other": [
        {
          "k": 10,
          "precision": 1.0,
          "recall": 0.004690431519699813,
          "total_positives": 2132
        },
        {
          "k": 25,
          "precision": 1.0,
          "recall": 0.01172607879924953,
          "total_positives": 2132
        },
        {
          "k": 50,
          "precision": 0.98,
          "recall": 0.02298311444652908,
          "total_positives": 2132
        },
        {
          "k": 100,
          "precision": 0.93,
          "recall": 0.04362101313320826,
          "total_positives": 2132
        }
      ]
    },
    "4": {
      "rows_test": 14171,
      "overall": [
        {
          "k": 10,
          "precision": 1.0,
          "recall": 0.0012635835228708618,
          "total_positives": 7914
        },
        {
          "k": 25,
          "precision": 0.96,
          "recall": 0.003032600454890068,
          "total_positives": 7914
        },
        {
          "k": 50,
          "precision": 0.98,
          "recall": 0.006191559262067222,
          "total_positives": 7914
        },
        {
          "k": 100,
          "precision": 0.99,
          "recall": 0.012509476876421531,
          "total_positives": 7914
        }
      ],
      "priority_1": [
        {
          "k": 10,
          "precision": 1.0,
          "recall": 0.0018758206715438004,
          "total_positives": 5331
        },
        {
          "k": 25,
          "precision": 1.0,
          "recall": 0.004689551678859501,
          "total_positives": 5331
        },
        {
          "k": 50,
          "precision": 0.98,
          "recall": 0.009191521290564622,
          "total_positives": 5331
        },
        {
          "k": 100,
          "precision": 0.97,
          "recall": 0.018195460513974863,
          "total_positives": 5331
        }
      ],
      "other": [
        {
          "k": 10,
          "precision": 1.0,
          "recall": 0.0038714672861014324,
          "total_positives": 2583
        },
        {
          "k": 25,
          "precision": 0.96,