{
  "within_event_time": {
    "1": {
      "rows_train": 37118,
      "rows_test": 11784,
      "auc": 0.6734970216519522,
      "brier": 0.21543363543074498,
      "pr_auc": 0.5407845330676666,
      "event_count": 1,
      "train_ratio": 0.7988872580810322,
      "pos_rate_train": 0.3315103184438817,
      "class_strategy": "none"
    },
    "2": {
      "rows_train": 37118,
      "rows_test": 11784,
      "auc": 0.6627315089385033,
      "brier": 0.24175331008220896,
      "pr_auc": 0.642397963098465,
      "event_count": 1,
      "train_ratio": 0.7988872580810322,
      "pos_rate_train": 0.4517215367207285,
      "class_strategy": "none"
    },
    "4": {
      "rows_train": 37118,
      "rows_test": 11784,
      "auc": 0.6865138606876343,
      "brier": 0.22441019186999006,
      "pr_auc": 0.7537766007703922,
      "event_count": 1,
      "train_ratio": 0.7988872580810322,
      "pos_rate_train": 0.5628536020259712,
      "class_strategy": "none"
    },
    "8": {
      "rows_train": 37118,
      "rows_test": 11784,
      "auc": 0.7284932453721162,
      "brier": 0.19504032582345388,
      "pr_auc": 0.8420146758905933,
      "event_count": 1,
      "train_ratio": 0.7988872580810322,
      "pos_rate_train": 0.6659033353090145,
      "class_strategy": "none"
    }
  },
  "groupkfold_event": {
    "1": {
      "rows_train": 58594,
      "rows_test": 0,
      "auc": null,
      "brier": null,
      "pr_auc": null,
      "event_count": 1,
      "folds": 0,
      "note": "insufficient training data"
    },
    "2": {
      "rows_train": 58594,
      "rows_test": 0,
      "auc": null,
      "brier": null,
      "pr_auc": null,
      "event_count": 1,
      "folds": 0,
      "note": "insufficient training data"
    },
    "4": {
      "rows_train": 58594,
      "rows_test": 0,
      "auc": null,
      "brier": null,
      "pr_auc": null,
      "event_count": 1,
      "folds": 0,
      "note": "insufficient training data"
    },
    "8": {
      "rows_train": 58594,
      "rows_test": 0,
      "auc": null,
      "brier": null,
      "pr_auc": null,
      "event_count": 1,
      "folds": 0,
      "note": "insufficient training data"
    }
  },
  "calibration": {
    "1": {
      "rows": 9692,
      "brier": 0.2214791151349871,
      "ece": 4.081719142071388e-17,
      "method": "isotonic"
    },
    "2": {
      "rows": 9692,
      "brier": 0.21404965504242265,
      "ece": 3.8665074718779796e-17,
      "method": "isotonic"
    },
    "4": {
      "rows": 9692,
      "brier": 0.1866533397784549,
      "ece": 1.081213121510596e-17,
      "method": "isotonic"
    },
    "8": {
      "rows": 9692,
      "brier": 0.1482193915079613,
      "ece": 7.769384713702151e-17,
      "method": "isotonic"
    }
  },
  "ranking": {
    "1": {
      "rows_test": 11784,
      "overall": [
        {
          "k": 10,
          "precision": 1.0,
          "recall": 0.0023137436372049976,
          "total_positives": 4322
        },
        {
          "k": 25,
          "precision": 0.96,
          "recall": 0.005552984729291994,
          "total_positives": 4322
        },
        {
          "k": 50,
          "precision": 0.98,
          "recall": 0.011337343822304488,
          "total_positives": 4322
        },
        {
          "k": 100,
          "precision": 0.88,
          "recall": 0.02036094400740398,
          "total_positives": 4322
        }
      ],
      "priority_1": [
        {
          "k": 10,
          "precision": 0.7,
          "recall": 0.002416292716603383,
          "total_positives": 2897
        },
        {
          "k": 25,
          "precision": 0.76,
          "recall": 0.006558508802209182,
          "total_positives": 2897
        },
        {
          "k": 50,
          "precision": 0.8,
          "recall": 0.013807386952019331,
          "total_positives": 2897
        },
        {
          "k": 100,
          "precision": 0.8,
          "recall": 0.027614773904038662,
          "total_positives": 2897
        }
      ],
      "other": [
        {
          "k": 10,
          "precision": 1.0,
          "recall": 0.007017543859649123,
          "total_positives": 1425
        },
        {
          "k": 25,
          "precision": 1.0,
          "recall": 0.017543859649122806,
          "total_positives": 1425
        },
        {
          "k": 50,
          "precision": 0.98,
          "recall": 0.0343859649122807,
          "total_positives": 1425
        },
        {
          "k": 100,
          "precision": 0.91,
          "recall": 0.06385964912280702,
          "total_positives": 1425
        }
      ]
    },
    "2": {
      "rows_test": 11784,
      "overall": [
        {
          "k": 10,
          "precision": 1.0,
          "recall": 0.0017689722271360339,
          "total_positives": 5653
        },
        {
          "k": 25,
          "precision": 0.96,
          "recall": 0.004245533345126481,
          "total_positives": 5653
        },
        {
          "k": 50,
          "precision": 0.94,
          "recall": 0.00831416946753936,
          "total_positives": 5653
        },
        {
          "k": 100,
          "precision": 0.96,
          "recall": 0.016982133380505925,
          "total_positives": 5653
        }
      ],
      "priority_1": [
        {
          "k": 10,
          "precision": 0.9,
          "recall": 0.002326783867631851,
          "total_positives": 3868
        },
        {
          "k": 25,
          "precision": 0.92,
          "recall": 0.0059462254395036196,
          "total_positives": 3868
        },
        {
          "k": 50,
          "precision": 0.9,
          "recall": 0.011633919338159255,
          "total_positives": 3868
        },
        {
          "k": 100,
          "precision": 0.92,
          "recall": 0.023784901758014478,
          "total_positives": 3868
        }
      ],
      "other": [
        {
          "k": 10,
          "precision": 1.0,
          "recall": 0.0056022408963585435,
          "total_positives": 1785
        },
        {
          "k": 25,
          "precision": 1.0,
          "recall": 0.014005602240896359,
          "total_positives": 1785
        },
        {
          "k": 50,
          "precision": 0.98,
          "recall": 0.027450980392156862,
          "total_positives": 1785
        },
        {
          "k": 100,
          "precision": 0.98,
          "recall": 0.054901960784313725,
          "total_positives": 1785
        }
      ]
    },
    "4": {
      "rows_test": 11784,
      "overall": [
        {
          "k": 10,
          "precision": 1.0,
          "recall": 0.0014792899408284023,
          "total_positives": 6760
        },
        {
          "k": 25,
          "precision": 0.96,
          "recall": 0.0035502958579881655,
          "total_positives": 6760
        },
        {
          "k": 50,
          "precision": 0.98,
          "recall": 0.007248520710059172,
          "total_positives": 6760
        },
        {
          "k": 100,
          "precision": 0.97,
          "recall": 0.014349112426035503,
          "total_positives": 6760
        }
      ],
      "priority_1": [
        {
          "k": 10,
          "precision": 1.0,
          "recall": 0.002129925452609159,
          "total_positives": 4695
        },
        {
          "k": 25,
          "precision": 0.84,
          "recall": 0.0044728434504792336,
          "total_positives": 4695
        },
        {
          "k": 50,
          "precision": 0.92,
          "recall": 0.00979765708200213,
          "total_positives": 4695
        },
        {
          "k": 100,
          "precision": 0.93,
          "recall": 0.019808306709265176,
          "total_positives": 4695
        }
      ],
      "other": [
        {
          "k": 10,
          "precision": 1.0,
          "recall": 0.004842615012106538,
          "total_positives": 2065
        },
        {
          "k": 25,
          "precision": 1.0,