{
  "within_event_time": {
    "1": {
      "rows_train": 18370,
      "rows_test": 5810,
      "auc": 0.6615768390793871,
      "brier": 0.193442117053826,
      "pr_auc": 0.41259782352924895,
      "event_count": 1,
      "train_ratio": 0.7975962375892701,
      "pos_rate_train": 0.3037016875340229,
      "class_strategy": "none"
    },
    "2": {
      "rows_train": 18370,
      "rows_test": 5810,
      "auc": 0.6240784960039453,
      "brier": 0.23117469790260803,
      "pr_auc": 0.46991986211733666,
      "event_count": 1,
      "train_ratio": 0.7975962375892701,
      "pos_rate_train": 0.4236254763200871,
      "class_strategy": "none"
    },
    "4": {
      "rows_train": 18370,
      "rows_test": 5810,
      "auc": 0.6273325621285253,
      "brier": 0.251389789209828,
      "pr_auc": 0.533938321001203,
      "event_count": 1,
      "train_ratio": 0.7975962375892701,
      "pos_rate_train": 0.538704409363092,
      "class_strategy": "none"
    },
    "8": {
      "rows_train": 18370,
      "rows_test": 5810,
      "auc": 0.6136641350686804,
      "brier": 0.28456215962551173,
      "pr_auc": 0.5722223750273835,
      "event_count": 1,
      "train_ratio": 0.7975962375892701,
      "pos_rate_train": 0.6367446924333152,
      "class_strategy": "none"
    }
  },
  "groupkfold_event": {
    "1": {
      "rows_train": 28705,
      "rows_test": 0,
      "auc": null,
      "brier": null,
      "pr_auc": null,
      "event_count": 1,
      "folds": 0,
      "note": "insufficient training data"
    },
    "2": {
      "rows_train": 28705,
      "rows_test": 0,
      "auc": null,
      "brier": null,
      "pr_auc": null,
      "event_count": 1,
      "folds": 0,
      "note": "insufficient training data"
    },
    "4": {
      "rows_train": 28705,
      "rows_test": 0,
      "auc": null,
      "brier": null,
      "pr_auc": null,
      "event_count": 1,
      "folds": 0,
      "note": "insufficient training data"
    },
    "8": {
      "rows_train": 28705,
      "rows_test": 0,
      "auc": null,
      "brier": null,
      "pr_auc": null,
      "event_count": 1,
      "folds": 0,
      "note": "insufficient training data"
    }
  },
  "calibration": {
    "1": {
      "rows": 4525,
      "brier": 0.21910686026697718,
      "ece": 1.75918211857732e-17,
      "method": "isotonic"
    },
    "2": {
      "rows": 4525,
      "brier": 0.23535223612088765,
      "ece": 1.2144981153358066e-17,
      "method": "isotonic"
    },
    "4": {
      "rows": 4525,
      "brier": 0.22847069178483545,
      "ece": 3.1300928699791016e-17,
      "method": "isotonic"
    },
    "8": {
      "rows": 4525,
      "brier": 0.21220855483960074,
      "ece": 0.0,
      "method": "isotonic"
    }
  },
  "ranking": {
    "1": {
      "rows_test": 5810,
      "overall": [
        {
          "k": 10,
          "precision": 1.0,
          "recall": 0.006309148264984227,
          "total_positives": 1585
        },
        {
          "k": 25,
          "precision": 0.96,
          "recall": 0.015141955835962145,
          "total_positives": 1585
        },
        {
          "k": 50,
          "precision": 0.78,
          "recall": 0.024605678233438486,
          "total_positives": 1585
        },
        {
          "k": 100,
          "precision": 0.67,
          "recall": 0.04227129337539432,
          "total_positives": 1585
        }
      ],
      "priority_1": [
        {
          "k": 10,
          "precision": 0.3,
          "recall": 0.003205128205128205,
          "total_positives": 936
        },
        {
          "k": 25,
          "precision": 0.36,
          "recall": 0.009615384615384616,
          "total_positives": 936
        },
        {
          "k": 50,
          "precision": 0.46,
          "recall": 0.024572649572649572,
          "total_positives": 936
        },
        {
          "k": 100,
          "precision": 0.48,
          "recall": 0.05128205128205128,
          "total_positives": 936
        }
      ],
      "other": [
        {
          "k": 10,
          "precision": 1.0,
          "recall": 0.015408320493066256,
          "total_positives": 649
        },
        {
          "k": 25,
          "precision": 0.96,
          "recall": 0.03697996918335902,
          "total_positives": 649
        },
        {
          "k": 50,
          "precision": 0.88,
          "recall": 0.06779661016949153,
          "total_positives": 649
        },
        {
          "k": 100,
          "precision": 0.67,
          "recall": 0.10323574730354391,
          "total_positives": 649
        }
      ]
    },
    "2": {
      "rows_test": 5810,
      "overall": [
        {
          "k": 10,
          "precision": 0.8,
          "recall": 0.003887269193391642,
          "total_positives": 2058
        },
        {
          "k": 25,
          "precision": 0.88,
          "recall": 0.010689990281827016,
          "total_positives": 2058
        },
        {
          "k": 50,
          "precision": 0.86,
          "recall": 0.02089407191448008,
          "total_positives": 2058
        },
        {
          "k": 100,
          "precision": 0.75,
          "recall": 0.03644314868804665,
          "total_positives": 2058
        }
      ],
      "priority_1": [
        {
          "k": 10,
          "precision": 0.7,
          "recall": 0.00547302580140735,
          "total_positives": 1279
        },
        {
          "k": 25,
          "precision": 0.68,
          "recall": 0.013291634089132134,
          "total_positives": 1279
        },
        {
          "k": 50,
          "precision": 0.68,
          "recall": 0.026583268178264268,
          "total_positives": 1279
        },
        {
          "k": 100,
          "precision": 0.66,
          "recall": 0.05160281469898358,
          "total_positives": 1279
        }
      ],
      "other": [
        {
          "k": 10,
          "precision": 1.0,
          "recall": 0.012836970474967908,
          "total_positives": 779
        },
        {
          "k": 25,
          "precision": 1.0,
          "recall": 0.03209242618741977,
          "total_positives": 779
        },
        {
          "k": 50,
          "precision": 0.84,
          "recall": 0.05391527599486521,
          "total_positives": 779
        },
        {
          "k": 100,
          "precision": 0.67,
          "recall": 0.08600770218228498,
          "total_positives": 779
        }
      ]
    },
    "4": {
      "rows_test": 5810,
      "overall": [
        {
          "k": 10,
          "precision": 0.9,
          "recall": 0.0038054968287526427,
          "total_positives": 2365
        },
        {
          "k": 25,
          "precision": 0.8,
          "recall": 0.008456659619450317,
          "total_positives": 2365
        },
        {
          "k": 50,
          "precision": 0.86,
          "recall": 0.01818181818181818,
          "total_positives": 2365
        },
        {
          "k": 100,
          "precision": 0.83,
          "recall": 0.03509513742071882,
          "total_positives": 2365
        }
      ],
      "priority_1": [
        {
          "k": 10,
          "precision": 0.7,
          "recall": 0.004623513870541612,
          "total_positives": 1514
        },
        {
          "k": 25,
          "precision": 0.8,
          "recall": 0.013210039630118891,
          "total_positives": 1514
        },
        {
          "k": 50,
          "precision": 0.78,
          "recall": 0.025759577278731835,
          "total_positives": 1514
        },
        {
          "k": 100,
          "precision": 0.74,
          "recall": 0.0488771466314399,
          "total_positives": 1514
        }
      ],
      "other": [
        {
          "k": 10,
          "precision": 0.9,
          "recall": 0.010575793184488837,
          "total_positives": 851
        },
        {
          "k": 25,
          "precision": 0.88,
          "recall": 0.025851938895417155,