{
  "within_event_time": {
    "1": {
      "rows_train": 37117,
      "rows_test": 11637,
      "auc": 0.6824274228123988,
      "brier": 0.21313635186877689,
      "pr_auc": 0.5435270182392921,
      "event_count": 1,
      "train_ratio": 0.800140830556796,
      "pos_rate_train": 0.33151924993938087,
      "class_strategy": "none"
    },
    "2": {
      "rows_train": 37117,
      "rows_test": 11637,
      "auc": 0.6710865945883978,
      "brier": 0.23336736850471773,
      "pr_auc": 0.6405475080144242,
      "event_count": 1,
      "train_ratio": 0.800140830556796,
      "pos_rate_train": 0.45173370692674514,
      "class_strategy": "none"
    },
    "4": {
      "rows_train": 37117,
      "rows_test": 11637,
      "auc": 0.6848102351739006,
      "brier": 0.22138102227624892,
      "pr_auc": 0.7483943999105509,
      "event_count": 1,
      "train_ratio": 0.800140830556796,
      "pos_rate_train": 0.562868766333486,
      "class_strategy": "none"
    },
    "8": {
      "rows_train": 37117,
      "rows_test": 11637,
      "auc": 0.7457787566046002,
      "brier": 0.1912615209710639,
      "pr_auc": 0.8545640906269384,
      "event_count": 1,
      "train_ratio": 0.800140830556796,
      "pos_rate_train": 0.6659212759651911,
      "class_strategy": "none"
    }
  },
  "groupkfold_event": {
    "1": {
      "rows_train": 58226,
      "rows_test": 0,
      "auc": null,
      "brier": null,
      "pr_auc": null,
      "event_count": 1,
      "folds": 0,
      "note": "insufficient training data"
    },
    "2": {
      "rows_train": 58226,
      "rows_test": 0,
      "auc": null,
      "brier": null,
      "pr_auc": null,
      "event_count": 1,
      "folds": 0,
      "note": "insufficient training data"
    },
    "4": {
      "rows_train": 58226,
      "rows_test": 0,
      "auc": null,
      "brier": null,
      "pr_auc": null,
      "event_count": 1,
      "folds": 0,
      "note": "insufficient training data"
    },
    "8": {
      "rows_train": 58226,
      "rows_test": 0,
      "auc": null,
      "brier": null,
      "pr_auc": null,
      "event_count": 1,
      "folds": 0,
      "note": "insufficient training data"
    }
  },
  "calibration": {
    "1": {
      "rows": 9472,
      "brier": 0.22211693535537927,
      "ece": 2.255140518769849e-17,
      "method": "isotonic"
    },
    "2": {
      "rows": 9472,
      "brier": 0.21857741081356458,
      "ece": 6.361043448733873e-17,
      "method": "isotonic"
    },
    "4": {
      "rows": 9472,
      "brier": 0.187367077092524,
      "ece": 9.980520539150346e-18,
      "method": "isotonic"
    },
    "8": {
      "rows": 9472,
      "brier": 0.14551481931521493,
      "ece": 5.998861317600877e-17,
      "method": "isotonic"
    }
  },
  "ranking": {
    "1": {
      "rows_test": 11637,
      "overall": [
        {
          "k": 10,
          "precision": 0.9,
          "recall": 0.002133206921071344,
          "total_positives": 4219
        },
        {
          "k": 25,
          "precision": 0.96,
          "recall": 0.005688551789523584,
          "total_positives": 4219
        },
        {
          "k": 50,
          "precision": 0.98,
          "recall": 0.011614126570277317,
          "total_positives": 4219
        },
        {
          "k": 100,
          "precision": 0.92,
          "recall": 0.02180611519317374,
          "total_positives": 4219
        }
      ],
      "priority_1": [
        {
          "k": 10,
          "precision": 1.0,
          "recall": 0.00350754121360926,
          "total_positives": 2851
        },
        {
          "k": 25,
          "precision": 0.92,
          "recall": 0.008067344791301298,
          "total_positives": 2851
        },
        {
          "k": 50,
          "precision": 0.82,
          "recall": 0.014380918975797966,
          "total_positives": 2851
        },
        {
          "k": 100,
          "precision": 0.78,
          "recall": 0.027358821466152226,
          "total_positives": 2851
        }
      ],
      "other": [
        {
          "k": 10,
          "precision": 0.9,
          "recall": 0.006578947368421052,
          "total_positives": 1368
        },
        {
          "k": 25,
          "precision": 0.96,
          "recall": 0.017543859649122806,
          "total_positives": 1368
        },
        {
          "k": 50,
          "precision": 0.96,
          "recall": 0.03508771929824561,
          "total_positives": 1368
        },
        {
          "k": 100,
          "precision": 0.95,
          "recall": 0.06944444444444445,
          "total_positives": 1368
        }
      ]
    },
    "2": {
      "rows_test": 11637,
      "overall": [
        {
          "k": 10,
          "precision": 0.8,
          "recall": 0.001445086705202312,
          "total_positives": 5536
        },
        {
          "k": 25,
          "precision": 0.92,
          "recall": 0.004154624277456647,
          "total_positives": 5536
        },
        {
          "k": 50,
          "precision": 0.92,
          "recall": 0.008309248554913294,
          "total_positives": 5536
        },
        {
          "k": 100,
          "precision": 0.93,
          "recall": 0.01679913294797688,
          "total_positives": 5536
        }
      ],
      "priority_1": [
        {
          "k": 10,
          "precision": 0.8,
          "recall": 0.002098085496984002,
          "total_positives": 3813
        },
        {
          "k": 25,
          "precision": 0.84,
          "recall": 0.0055074744295830055,
          "total_positives": 3813
        },
        {
          "k": 50,
          "precision": 0.86,
          "recall": 0.011277209546289012,
          "total_positives": 3813
        },
        {
          "k": 100,
          "precision": 0.83,
          "recall": 0.02176763703120902,
          "total_positives": 3813
        }
      ],
      "other": [
        {
          "k": 10,
          "precision": 1.0,
          "recall": 0.005803830528148578,
          "total_positives": 1723
        },
        {
          "k": 25,
          "precision": 1.0,
          "recall": 0.014509576320371444,
          "total_positives": 1723
        },
        {
          "k": 50,
          "precision": 1.0,
          "recall": 0.02901915264074289,
          "total_positives": 1723
        },
        {
          "k": 100,
          "precision": 0.98,
          "recall": 0.056877539175856064,
          "total_positives": 1723
        }
      ]
    },
    "4": {
      "rows_test": 11637,
      "overall": [
        {
          "k": 10,
          "precision": 1.0,
          "recall": 0.0015006002400960385,
          "total_positives": 6664
        },
        {
          "k": 25,
          "precision": 1.0,
          "recall": 0.003751500600240096,
          "total_positives": 6664
        },
        {
          "k": 50,
          "precision": 1.0,
          "recall": 0.007503001200480192,
          "total_positives": 6664
        },
        {
          "k": 100,
          "precision": 1.0,
          "recall": 0.015006002400960384,
          "total_positives": 6664
        }
      ],
      "priority_1": [
        {
          "k": 10,
          "precision": 1.0,
          "recall": 0.0021468441391155,
          "total_positives": 4658
        },
        {
          "k": 25,
          "precision": 1.0,
          "recall": 0.0053671103477887505,
          "total_positives": 4658
        },
        {
          "k": 50,
          "precision": 1.0,
          "recall": 0.010734220695577501,
          "total_positives": 4658
        },
        {
          "k": 100,
          "precision": 1.0,
          "recall": 0.021468441391155002,
          "total_positives": 4658
        }
      ],
      "other": [
        {
          "k": 10,
          "precision": 1.0,
          "recall": 0.004985044865403789,
          "total_positives": 2006
        },
        {
          "k": 25,
          "precision": 1.0,
          "recall": 0.012462612163509471,