{
  "within_event_time": {
    "1": {
      "rows_train": 20287,
      "rows_test": 6195,
      "auc": 0.658331181225995,
      "brier": 0.1889009387909692,
      "pr_auc": 0.42263729027214564,
      "event_count": 1,
      "train_ratio": 0.8035266880213123,
      "pos_rate_train": 0.31226894070094147,
      "class_strategy": "none"
    },
    "2": {
      "rows_train": 20287,
      "rows_test": 6195,
      "auc": 0.6452400775216387,
      "brier": 0.22089940482187034,
      "pr_auc": 0.5012394145079447,
      "event_count": 1,
      "train_ratio": 0.8035266880213123,
      "pos_rate_train": 0.43091635037215953,
      "class_strategy": "none"
    },
    "4": {
      "rows_train": 20287,
      "rows_test": 6195,
      "auc": 0.6674415495178239,
      "brier": 0.22722031097485204,
      "pr_auc": 0.6159228350186102,
      "event_count": 1,
      "train_ratio": 0.8035266880213123,
      "pos_rate_train": 0.5437965199388771,
      "class_strategy": "none"
    },
    "8": {
      "rows_train": 20287,
      "rows_test": 6195,
      "auc": 0.618741541491738,
      "brier": 0.24255989850276471,
      "pr_auc": 0.6363144122013445,
      "event_count": 1,
      "train_ratio": 0.8035266880213123,
      "pos_rate_train": 0.638142652930448,
      "class_strategy": "none"
    }
  },
  "groupkfold_event": {
    "1": {
      "rows_train": 31531,
      "rows_test": 0,
      "auc": null,
      "brier": null,
      "pr_auc": null,
      "event_count": 1,
      "folds": 0,
      "note": "insufficient training data"
    },
    "2": {
      "rows_train": 31531,
      "rows_test": 0,
      "auc": null,
      "brier": null,
      "pr_auc": null,
      "event_count": 1,
      "folds": 0,
      "note": "insufficient training data"
    },
    "4": {
      "rows_train": 31531,
      "rows_test": 0,
      "auc": null,
      "brier": null,
      "pr_auc": null,
      "event_count": 1,
      "folds": 0,
      "note": "insufficient training data"
    },
    "8": {
      "rows_train": 31531,
      "rows_test": 0,
      "auc": null,
      "brier": null,
      "pr_auc": null,
      "event_count": 1,
      "folds": 0,
      "note": "insufficient training data"
    }
  },
  "calibration": {
    "1": {
      "rows": 5049,
      "brier": 0.2000924789949903,
      "ece": 2.8585659180287256e-19,
      "method": "isotonic"
    },
    "2": {
      "rows": 5049,
      "brier": 0.2192608868117953,
      "ece": 2.6529690616166594e-17,
      "method": "isotonic"
    },
    "4": {
      "rows": 5049,
      "brier": 0.2175448750310924,
      "ece": 3.545721186785631e-17,
      "method": "isotonic"
    },
    "8": {
      "rows": 5049,
      "brier": 0.2093215566837977,
      "ece": 6.127500962559076e-17,
      "method": "isotonic"
    }
  },
  "ranking": {
    "1": {
      "rows_test": 6195,
      "overall": [
        {
          "k": 10,
          "precision": 1.0,
          "recall": 0.005737234652897304,
          "total_positives": 1743
        },
        {
          "k": 25,
          "precision": 0.96,
          "recall": 0.013769363166953529,
          "total_positives": 1743
        },
        {
          "k": 50,
          "precision": 0.82,
          "recall": 0.023522662076878944,
          "total_positives": 1743
        },
        {
          "k": 100,
          "precision": 0.73,
          "recall": 0.04188181296615032,
          "total_positives": 1743
        }
      ],
      "priority_1": [
        {
          "k": 10,
          "precision": 0.7,
          "recall": 0.005417956656346749,
          "total_positives": 1292
        },
        {
          "k": 25,
          "precision": 0.72,
          "recall": 0.01393188854489164,
          "total_positives": 1292
        },
        {
          "k": 50,
          "precision": 0.66,
          "recall": 0.025541795665634675,
          "total_positives": 1292
        },
        {
          "k": 100,
          "precision": 0.6,
          "recall": 0.04643962848297214,
          "total_positives": 1292
        }
      ],
      "other": [
        {
          "k": 10,
          "precision": 1.0,
          "recall": 0.022172949002217297,
          "total_positives": 451
        },
        {
          "k": 25,
          "precision": 0.92,
          "recall": 0.050997782705099776,
          "total_positives": 451
        },
        {
          "k": 50,
          "precision": 0.72,
          "recall": 0.07982261640798226,
          "total_positives": 451
        },
        {
          "k": 100,
          "precision": 0.48,
          "recall": 0.10643015521064302,
          "total_positives": 451
        }
      ]
    },
    "2": {
      "rows_test": 6195,
      "overall": [
        {
          "k": 10,
          "precision": 0.9,
          "recall": 0.003877638948728996,
          "total_positives": 2321
        },
        {
          "k": 25,
          "precision": 0.92,
          "recall": 0.00990952175786299,
          "total_positives": 2321
        },
        {
          "k": 50,
          "precision": 0.84,
          "recall": 0.01809564842740198,
          "total_positives": 2321
        },
        {
          "k": 100,
          "precision": 0.77,
          "recall": 0.03317535545023697,
          "total_positives": 2321
        }
      ],
      "priority_1": [
        {
          "k": 10,
          "precision": 0.9,
          "recall": 0.005084745762711864,
          "total_positives": 1770
        },
        {
          "k": 25,
          "precision": 0.72,
          "recall": 0.010169491525423728,
          "total_positives": 1770
        },
        {
          "k": 50,
          "precision": 0.66,
          "recall": 0.01864406779661017,
          "total_positives": 1770
        },
        {
          "k": 100,
          "precision": 0.69,
          "recall": 0.03898305084745763,
          "total_positives": 1770
        }
      ],
      "other": [
        {
          "k": 10,
          "precision": 0.9,
          "recall": 0.016333938294010888,
          "total_positives": 551
        },
        {
          "k": 25,
          "precision": 0.96,
          "recall": 0.043557168784029036,
          "total_positives": 551
        },
        {
          "k": 50,
          "precision": 0.82,
          "recall": 0.07441016333938294,
          "total_positives": 551
        },
        {
          "k": 100,
          "precision": 0.64,
          "recall": 0.1161524500907441,
          "total_positives": 551
        }
      ]
    },
    "4": {
      "rows_test": 6195,
      "overall": [
        {
          "k": 10,
          "precision": 0.9,
          "recall": 0.0031847133757961785,
          "total_positives": 2826
        },
        {
          "k": 25,
          "precision": 0.96,
          "recall": 0.008492569002123142,
          "total_positives": 2826
        },
        {
          "k": 50,
          "precision": 0.84,
          "recall": 0.014861995753715499,
          "total_positives": 2826
        },
        {
          "k": 100,
          "precision": 0.84,
          "recall": 0.029723991507430998,
          "total_positives": 2826
        }
      ],
      "priority_1": [
        {
          "k": 10,
          "precision": 1.0,
          "recall": 0.004545454545454545,
          "total_positives": 2200
        },
        {
          "k": 25,
          "precision": 0.84,
          "recall": 0.009545454545454546,
          "total_positives": 2200
        },
        {
          "k": 50,
          "precision": 0.76,
          "recall": 0.017272727272727273,
          "total_positives": 2200
        },
        {
          "k": 100,
          "precision": 0.8,
          "recall": 0.03636363636363636,
          "total_positives": 2200
        }
      ],
      "other": [
        {
          "k": 10,
          "precision": 0.9,
          "recall": 0.01437699680511182,
          "total_positives": 626
        },
        {
          "k": 25,
          "precision": 0.8,
          "recall": 0.03194888178913738,