{
  "within_event_time": {
    "1": {
      "rows_train": 38568,
      "rows_test": 12198,
      "auc": 0.6685343580726744,
      "brier": 0.21849661312466043,
      "pr_auc": 0.545137116215523,
      "event_count": 1,
      "train_ratio": 0.7983901624712824,
      "pos_rate_train": 0.3352779506326488,
      "class_strategy": "none"
    },
    "2": {
      "rows_train": 38568,
      "rows_test": 12198,
      "auc": 0.6699352585789476,
      "brier": 0.23041163374790002,
      "pr_auc": 0.6382619461226927,
      "event_count": 1,
      "train_ratio": 0.7983901624712824,
      "pos_rate_train": 0.4523957685127567,
      "class_strategy": "none"
    },
    "4": {
      "rows_train": 38568,
      "rows_test": 12198,
      "auc": 0.6843621191358801,
      "brier": 0.2285040308474795,
      "pr_auc": 0.7385405985588235,
      "event_count": 1,
      "train_ratio": 0.7983901624712824,
      "pos_rate_train": 0.5664021987139598,
      "class_strategy": "none"
    },
    "8": {
      "rows_train": 38568,
      "rows_test": 12198,
      "auc": 0.6909774583247379,
      "brier": 0.22048250547931025,
      "pr_auc": 0.7972132056845627,
      "event_count": 1,
      "train_ratio": 0.7983901624712824,
      "pos_rate_train": 0.6708670400331881,
      "class_strategy": "none"
    }
  },
  "groupkfold_event": {
    "1": {
      "rows_train": 60503,
      "rows_test": 0,
      "auc": null,
      "brier": null,
      "pr_auc": null,
      "event_count": 1,
      "folds": 0,
      "note": "insufficient training data"
    },
    "2": {
      "rows_train": 60503,
      "rows_test": 0,
      "auc": null,
      "brier": null,
      "pr_auc": null,
      "event_count": 1,
      "folds": 0,
      "note": "insufficient training data"
    },
    "4": {
      "rows_train": 60503,
      "rows_test": 0,
      "auc": null,
      "brier": null,
      "pr_auc": null,
      "event_count": 1,
      "folds": 0,
      "note": "insufficient training data"
    },
    "8": {
      "rows_train": 60503,
      "rows_test": 0,
      "auc": null,
      "brier": null,
      "pr_auc": null,
      "event_count": 1,
      "folds": 0,
      "note": "insufficient training data"
    }
  },
  "calibration": {
    "1": {
      "rows": 9737,
      "brier": 0.2164086116681537,
      "ece": 8.551579218125372e-19,
      "method": "isotonic"
    },
    "2": {
      "rows": 9737,
      "brier": 0.21107936446118447,
      "ece": 3.614752535501595e-17,
      "method": "isotonic"
    },
    "4": {
      "rows": 9737,
      "brier": 0.18575912785461865,
      "ece": 1.1684307738365298e-17,
      "method": "isotonic"
    },
    "8": {
      "rows": 9737,
      "brier": 0.14431052914735837,
      "ece": 3.933726440337671e-18,
      "method": "isotonic"
    }
  },
  "ranking": {
    "1": {
      "rows_test": 12198,
      "overall": [
        {
          "k": 10,
          "precision": 1.0,
          "recall": 0.0021729682746631897,
          "total_positives": 4602
        },
        {
          "k": 25,
          "precision": 1.0,
          "recall": 0.005432420686657975,
          "total_positives": 4602
        },
        {
          "k": 50,
          "precision": 0.98,
          "recall": 0.010647544545849631,
          "total_positives": 4602
        },
        {
          "k": 100,
          "precision": 0.9,
          "recall": 0.01955671447196871,
          "total_positives": 4602
        }
      ],
      "priority_1": [
        {
          "k": 10,
          "precision": 0.8,
          "recall": 0.002635046113306983,
          "total_positives": 3036
        },
        {
          "k": 25,
          "precision": 0.76,
          "recall": 0.006258234519104084,
          "total_positives": 3036
        },
        {
          "k": 50,
          "precision": 0.86,
          "recall": 0.014163372859025032,
          "total_positives": 3036
        },
        {
          "k": 100,
          "precision": 0.74,
          "recall": 0.024374176548089592,
          "total_positives": 3036
        }
      ],
      "other": [
        {
          "k": 10,
          "precision": 1.0,
          "recall": 0.006385696040868455,
          "total_positives": 1566
        },
        {
          "k": 25,
          "precision": 1.0,
          "recall": 0.015964240102171137,
          "total_positives": 1566
        },
        {
          "k": 50,
          "precision": 0.98,
          "recall": 0.031289910600255426,
          "total_positives": 1566
        },
        {
          "k": 100,
          "precision": 0.89,
          "recall": 0.05683269476372925,
          "total_positives": 1566
        }
      ]
    },
    "2": {
      "rows_test": 12198,
      "overall": [
        {
          "k": 10,
          "precision": 1.0,
          "recall": 0.0017190991920233798,
          "total_positives": 5817
        },
        {
          "k": 25,
          "precision": 0.96,
          "recall": 0.0041258380608561115,
          "total_positives": 5817
        },
        {
          "k": 50,
          "precision": 0.9,
          "recall": 0.007735946364105209,
          "total_positives": 5817
        },
        {
          "k": 100,
          "precision": 0.87,
          "recall": 0.014956162970603403,
          "total_positives": 5817
        }
      ],
      "priority_1": [
        {
          "k": 10,
          "precision": 0.8,
          "recall": 0.0020554984583761563,
          "total_positives": 3892
        },
        {
          "k": 25,
          "precision": 0.76,
          "recall": 0.004881808838643371,
          "total_positives": 3892
        },
        {
          "k": 50,
          "precision": 0.72,
          "recall": 0.009249743062692703,
          "total_positives": 3892
        },
        {
          "k": 100,
          "precision": 0.76,
          "recall": 0.019527235354573486,
          "total_positives": 3892
        }
      ],
      "other": [
        {
          "k": 10,
          "precision": 1.0,
          "recall": 0.005194805194805195,
          "total_positives": 1925
        },
        {
          "k": 25,
          "precision": 0.92,
          "recall": 0.011948051948051949,
          "total_positives": 1925
        },
        {
          "k": 50,
          "precision": 0.94,
          "recall": 0.024415584415584415,
          "total_positives": 1925
        },
        {
          "k": 100,
          "precision": 0.96,
          "recall": 0.04987012987012987,
          "total_positives": 1925
        }
      ]
    },
    "4": {
      "rows_test": 12198,
      "overall": [
        {
          "k": 10,
          "precision": 1.0,
          "recall": 0.00145985401459854,
          "total_positives": 6850
        },
        {
          "k": 25,
          "precision": 1.0,
          "recall": 0.0036496350364963502,
          "total_positives": 6850
        },
        {
          "k": 50,
          "precision": 0.98,
          "recall": 0.007153284671532847,
          "total_positives": 6850
        },
        {
          "k": 100,
          "precision": 0.99,
          "recall": 0.014452554744525548,
          "total_positives": 6850
        }
      ],
      "priority_1": [
        {
          "k": 10,
          "precision": 1.0,
          "recall": 0.002150537634408602,
          "total_positives": 4650
        },
        {
          "k": 25,
          "precision": 1.0,
          "recall": 0.005376344086021506,
          "total_positives": 4650
        },
        {
          "k": 50,
          "precision": 1.0,
          "recall": 0.010752688172043012,
          "total_positives": 4650
        },
        {
          "k": 100,
          "precision": 0.94,
          "recall": 0.02021505376344086,
          "total_positives": 4650
        }
      ],
      "other": [
        {
          "k": 10,
          "precision": 1.0,
          "recall": 0.004545454545454545,
          "total_positives": 2200
        },
        {
          "k": 25,
          "precision": 1.0,
          "recall": 0.011363636363636364,