{
  "within_event_time": {
    "1": {
      "rows_train": 40608,
      "rows_test": 12383,
      "auc": 0.6514024098979394,
      "brier": 0.2175546447513024,
      "pr_auc": 0.5197875715747302,
      "event_count": 1,
      "train_ratio": 0.8037994739677409,
      "pos_rate_train": 0.3383815996847912,
      "class_strategy": "none"
    },
    "2": {
      "rows_train": 40608,
      "rows_test": 12383,
      "auc": 0.6534864618001569,
      "brier": 0.23468964646130117,
      "pr_auc": 0.6212407799157799,
      "event_count": 1,
      "train_ratio": 0.8037994739677409,
      "pos_rate_train": 0.45860421591804573,
      "class_strategy": "none"
    },
    "4": {
      "rows_train": 40608,
      "rows_test": 12383,
      "auc": 0.6573450292379199,
      "brier": 0.23963128488854876,
      "pr_auc": 0.7042052315946098,
      "event_count": 1,
      "train_ratio": 0.8037994739677409,
      "pos_rate_train": 0.5750837273443656,
      "class_strategy": "none"
    },
    "8": {
      "rows_train": 40608,
      "rows_test": 12383,
      "auc": 0.6646864204629684,
      "brier": 0.2321736061731927,
      "pr_auc": 0.7749916337371857,
      "event_count": 1,
      "train_ratio": 0.8037994739677409,
      "pos_rate_train": 0.6808756895193065,
      "class_strategy": "none"
    }
  },
  "groupkfold_event": {
    "1": {
      "rows_train": 63114,
      "rows_test": 0,
      "auc": null,
      "brier": null,
      "pr_auc": null,
      "event_count": 1,
      "folds": 0,
      "note": "insufficient training data"
    },
    "2": {
      "rows_train": 63114,
      "rows_test": 0,
      "auc": null,
      "brier": null,
      "pr_auc": null,
      "event_count": 1,
      "folds": 0,
      "note": "insufficient training data"
    },
    "4": {
      "rows_train": 63114,
      "rows_test": 0,
      "auc": null,
      "brier": null,
      "pr_auc": null,
      "event_count": 1,
      "folds": 0,
      "note": "insufficient training data"
    },
    "8": {
      "rows_train": 63114,
      "rows_test": 0,
      "auc": null,
      "brier": null,
      "pr_auc": null,
      "event_count": 1,
      "folds": 0,
      "note": "insufficient training data"
    }
  },
  "calibration": {
    "1": {
      "rows": 10123,
      "brier": 0.21436193894779965,
      "ece": 4.623004647388315e-17,
      "method": "isotonic"
    },
    "2": {
      "rows": 10123,
      "brier": 0.21782690481224562,
      "ece": 5.149710769660597e-17,
      "method": "isotonic"
    },
    "4": {
      "rows": 10123,
      "brier": 0.1874695751633033,
      "ece": 3.865984551816336e-19,
      "method": "isotonic"
    },
    "8": {
      "rows": 10123,
      "brier": 0.14817171005084862,
      "ece": 6.99222255605817e-17,
      "method": "isotonic"
    }
  },
  "ranking": {
    "1": {
      "rows_test": 12383,
      "overall": [
        {
          "k": 10,
          "precision": 1.0,
          "recall": 0.0021929824561403508,
          "total_positives": 4560
        },
        {
          "k": 25,
          "precision": 1.0,
          "recall": 0.005482456140350877,
          "total_positives": 4560
        },
        {
          "k": 50,
          "precision": 0.98,
          "recall": 0.01074561403508772,
          "total_positives": 4560
        },
        {
          "k": 100,
          "precision": 0.88,
          "recall": 0.01929824561403509,
          "total_positives": 4560
        }
      ],
      "priority_1": [
        {
          "k": 10,
          "precision": 0.6,
          "recall": 0.0018779342723004694,
          "total_positives": 3195
        },
        {
          "k": 25,
          "precision": 0.72,
          "recall": 0.005633802816901409,
          "total_positives": 3195
        },
        {
          "k": 50,
          "precision": 0.72,
          "recall": 0.011267605633802818,
          "total_positives": 3195
        },
        {
          "k": 100,
          "precision": 0.73,
          "recall": 0.022848200312989047,
          "total_positives": 3195
        }
      ],
      "other": [
        {
          "k": 10,
          "precision": 1.0,
          "recall": 0.007326007326007326,
          "total_positives": 1365
        },
        {
          "k": 25,
          "precision": 1.0,
          "recall": 0.018315018315018316,
          "total_positives": 1365
        },
        {
          "k": 50,
          "precision": 0.98,
          "recall": 0.035897435897435895,
          "total_positives": 1365
        },
        {
          "k": 100,
          "precision": 0.92,
          "recall": 0.0673992673992674,
          "total_positives": 1365
        }
      ]
    },
    "2": {
      "rows_test": 12383,
      "overall": [
        {
          "k": 10,
          "precision": 1.0,
          "recall": 0.0017301038062283738,
          "total_positives": 5780
        },
        {
          "k": 25,
          "precision": 0.88,
          "recall": 0.0038062283737024223,
          "total_positives": 5780
        },
        {
          "k": 50,
          "precision": 0.9,
          "recall": 0.007785467128027681,
          "total_positives": 5780
        },
        {
          "k": 100,
          "precision": 0.94,
          "recall": 0.016262975778546712,
          "total_positives": 5780
        }
      ],
      "priority_1": [
        {
          "k": 10,
          "precision": 0.9,
          "recall": 0.002186588921282799,
          "total_positives": 4116
        },
        {
          "k": 25,
          "precision": 0.88,
          "recall": 0.005344995140913508,
          "total_positives": 4116
        },
        {
          "k": 50,
          "precision": 0.84,
          "recall": 0.01020408163265306,
          "total_positives": 4116
        },
        {
          "k": 100,
          "precision": 0.85,
          "recall": 0.0206511175898931,
          "total_positives": 4116
        }
      ],
      "other": [
        {
          "k": 10,
          "precision": 1.0,
          "recall": 0.006009615384615385,
          "total_positives": 1664
        },
        {
          "k": 25,
          "precision": 1.0,
          "recall": 0.015024038461538462,
          "total_positives": 1664
        },
        {
          "k": 50,
          "precision": 1.0,
          "recall": 0.030048076923076924,
          "total_positives": 1664
        },
        {
          "k": 100,
          "precision": 0.98,
          "recall": 0.05889423076923077,
          "total_positives": 1664
        }
      ]
    },
    "4": {
      "rows_test": 12383,
      "overall": [
        {
          "k": 10,
          "precision": 1.0,
          "recall": 0.0014788524105294291,
          "total_positives": 6762
        },
        {
          "k": 25,
          "precision": 0.92,
          "recall": 0.003401360544217687,
          "total_positives": 6762
        },
        {
          "k": 50,
          "precision": 0.96,
          "recall": 0.00709849157054126,
          "total_positives": 6762
        },
        {
          "k": 100,
          "precision": 0.95,
          "recall": 0.014049097900029577,
          "total_positives": 6762
        }
      ],
      "priority_1": [
        {
          "k": 10,
          "precision": 1.0,
          "recall": 0.0020695364238410598,
          "total_positives": 4832
        },
        {
          "k": 25,
          "precision": 0.92,
          "recall": 0.004759933774834437,
          "total_positives": 4832
        },
        {
          "k": 50,
          "precision": 0.88,
          "recall": 0.009105960264900662,
          "total_positives": 4832
        },
        {
          "k": 100,
          "precision": 0.94,
          "recall": 0.01945364238410596,
          "total_positives": 4832
        }
      ],
      "other": [
        {
          "k": 10,
          "precision": 1.0,
          "recall": 0.0051813471502590676,
          "total_positives": 1930
        },
        {
          "k": 25,
          "precision": 0.96,