{
  "within_event_time": {
    "1": {
      "rows_train": 46090,
      "rows_test": 14482,
      "auc": 0.6661341607488563,
      "brier": 0.209045092955754,
      "pr_auc": 0.4930167593663747,
      "event_count": 1,
      "train_ratio": 0.7991261529925793,
      "pos_rate_train": 0.34927316120633545,
      "class_strategy": "none"
    },
    "2": {
      "rows_train": 46090,
      "rows_test": 14482,
      "auc": 0.6752269413006392,
      "brier": 0.23340119245033633,
      "pr_auc": 0.6064665394708498,
      "event_count": 1,
      "train_ratio": 0.7991261529925793,
      "pos_rate_train": 0.47073117812974613,
      "class_strategy": "none"
    },
    "4": {
      "rows_train": 46090,
      "rows_test": 14482,
      "auc": 0.7066043677195364,
      "brier": 0.2158845367610929,
      "pr_auc": 0.7530657071921799,
      "event_count": 1,
      "train_ratio": 0.7991261529925793,
      "pos_rate_train": 0.5846387502712085,
      "class_strategy": "none"
    },
    "8": {
      "rows_train": 46090,
      "rows_test": 14482,
      "auc": 0.7241290623866443,
      "brier": 0.19275399038554422,
      "pr_auc": 0.8307573195559059,
      "event_count": 1,
      "train_ratio": 0.7991261529925793,
      "pos_rate_train": 0.6863310913430245,
      "class_strategy": "none"
    }
  },
  "groupkfold_event": {
    "1": {
      "rows_train": 72095,
      "rows_test": 0,
      "auc": null,
      "brier": null,
      "pr_auc": null,
      "event_count": 1,
      "folds": 0,
      "note": "insufficient training data"
    },
    "2": {
      "rows_train": 72095,
      "rows_test": 0,
      "auc": null,
      "brier": null,
      "pr_auc": null,
      "event_count": 1,
      "folds": 0,
      "note": "insufficient training data"
    },
    "4": {
      "rows_train": 72095,
      "rows_test": 0,
      "auc": null,
      "brier": null,
      "pr_auc": null,
      "event_count": 1,
      "folds": 0,
      "note": "insufficient training data"
    },
    "8": {
      "rows_train": 72095,
      "rows_test": 0,
      "auc": null,
      "brier": null,
      "pr_auc": null,
      "event_count": 1,
      "folds": 0,
      "note": "insufficient training data"
    }
  },
  "calibration": {
    "1": {
      "rows": 11523,
      "brier": 0.21071191923423485,
      "ece": 3.516717903221228e-17,
      "method": "isotonic"
    },
    "2": {
      "rows": 11523,
      "brier": 0.22395757538080907,
      "ece": 2.2789415932775238e-17,
      "method": "isotonic"
    },
    "4": {
      "rows": 11523,
      "brier": 0.20578387302393158,
      "ece": 1.4832841676737208e-17,
      "method": "isotonic"
    },
    "8": {
      "rows": 11523,
      "brier": 0.17528405492119314,
      "ece": 7.439544462937729e-17,
      "method": "isotonic"
    }
  },
  "ranking": {
    "1": {
      "rows_test": 14482,
      "overall": [
        {
          "k": 10,
          "precision": 1.0,
          "recall": 0.002091175240485153,
          "total_positives": 4782
        },
        {
          "k": 25,
          "precision": 1.0,
          "recall": 0.0052279381012128815,
          "total_positives": 4782
        },
        {
          "k": 50,
          "precision": 0.94,
          "recall": 0.009828523630280217,
          "total_positives": 4782
        },
        {
          "k": 100,
          "precision": 0.89,
          "recall": 0.018611459640317858,
          "total_positives": 4782
        }
      ],
      "priority_1": [
        {
          "k": 10,
          "precision": 0.7,
          "recall": 0.0022875816993464053,
          "total_positives": 3060
        },
        {
          "k": 25,
          "precision": 0.8,
          "recall": 0.006535947712418301,
          "total_positives": 3060
        },
        {
          "k": 50,
          "precision": 0.76,
          "recall": 0.01241830065359477,
          "total_positives": 3060
        },
        {
          "k": 100,
          "precision": 0.8,
          "recall": 0.026143790849673203,
          "total_positives": 3060
        }
      ],
      "other": [
        {
          "k": 10,
          "precision": 1.0,
          "recall": 0.005807200929152149,
          "total_positives": 1722
        },
        {
          "k": 25,
          "precision": 1.0,
          "recall": 0.014518002322880372,
          "total_positives": 1722
        },
        {
          "k": 50,
          "precision": 0.96,
          "recall": 0.027874564459930314,
          "total_positives": 1722
        },
        {
          "k": 100,
          "precision": 0.85,
          "recall": 0.04936120789779326,
          "total_positives": 1722
        }
      ]
    },
    "2": {
      "rows_test": 14482,
      "overall": [
        {
          "k": 10,
          "precision": 1.0,
          "recall": 0.001575547502757208,
          "total_positives": 6347
        },
        {
          "k": 25,
          "precision": 1.0,
          "recall": 0.00393886875689302,
          "total_positives": 6347
        },
        {
          "k": 50,
          "precision": 0.96,
          "recall": 0.007562628013234599,
          "total_positives": 6347
        },
        {
          "k": 100,
          "precision": 0.91,
          "recall": 0.014337482275090595,
          "total_positives": 6347
        }
      ],
      "priority_1": [
        {
          "k": 10,
          "precision": 1.0,
          "recall": 0.0023889154323936935,
          "total_positives": 4186
        },
        {
          "k": 25,
          "precision": 0.96,
          "recall": 0.005733397037744864,
          "total_positives": 4186
        },
        {
          "k": 50,
          "precision": 0.9,
          "recall": 0.01075011944577162,
          "total_positives": 4186
        },
        {
          "k": 100,
          "precision": 0.87,
          "recall": 0.020783564261825132,
          "total_positives": 4186
        }
      ],
      "other": [
        {
          "k": 10,
          "precision": 0.9,
          "recall": 0.0041647385469689956,
          "total_positives": 2161
        },
        {
          "k": 25,
          "precision": 0.96,
          "recall": 0.011105969458583989,
          "total_positives": 2161
        },
        {
          "k": 50,
          "precision": 0.96,
          "recall": 0.022211938917167977,
          "total_positives": 2161
        },
        {
          "k": 100,
          "precision": 0.9,
          "recall": 0.041647385469689956,
          "total_positives": 2161
        }
      ]
    },
    "4": {
      "rows_test": 14482,
      "overall": [
        {
          "k": 10,
          "precision": 1.0,
          "recall": 0.0012265423770391267,
          "total_positives": 8153
        },
        {
          "k": 25,
          "precision": 1.0,
          "recall": 0.003066355942597817,
          "total_positives": 8153
        },
        {
          "k": 50,
          "precision": 1.0,
          "recall": 0.006132711885195634,
          "total_positives": 8153
        },
        {
          "k": 100,
          "precision": 0.98,
          "recall": 0.012020115294983442,
          "total_positives": 8153
        }
      ],
      "priority_1": [
        {
          "k": 10,
          "precision": 1.0,
          "recall": 0.0018145527127563057,
          "total_positives": 5511
        },
        {
          "k": 25,
          "precision": 1.0,
          "recall": 0.004536381781890764,
          "total_positives": 5511
        },
        {
          "k": 50,
          "precision": 1.0,
          "recall": 0.009072763563781528,
          "total_positives": 5511
        },
        {
          "k": 100,
          "precision": 1.0,
          "recall": 0.018145527127563055,
          "total_positives": 5511
        }
      ],
      "other": [
        {
          "k": 10,
          "precision": 0.8,
          "recall": 0.003028009084027252,
          "total_positives": 2642
        },
        {
          "k": 25,
          "precision": 0.92,