{
  "within_event_time": {
    "1": {
      "rows_train": 48677,
      "rows_test": 14995,
      "auc": 0.6715581001384181,
      "brier": 0.21008469169813634,
      "pr_auc": 0.5094566796330078,
      "event_count": 1,
      "train_ratio": 0.8022863321114949,
      "pos_rate_train": 0.34570741828789775,
      "class_strategy": "none"
    },
    "2": {
      "rows_train": 48677,
      "rows_test": 14995,
      "auc": 0.6621347724188804,
      "brier": 0.23193681379898323,
      "pr_auc": 0.6047890993031547,
      "event_count": 1,
      "train_ratio": 0.8022863321114949,
      "pos_rate_train": 0.4696057686381659,
      "class_strategy": "none"
    },
    "4": {
      "rows_train": 48677,
      "rows_test": 14995,
      "auc": 0.6908565300921322,
      "brier": 0.2227520387503755,
      "pr_auc": 0.7519479746369504,
      "event_count": 1,
      "train_ratio": 0.8022863321114949,
      "pos_rate_train": 0.5841362450438605,
      "class_strategy": "none"
    },
    "8": {
      "rows_train": 48677,
      "rows_test": 14995,
      "auc": 0.7130259507587301,
      "brier": 0.19320249027278877,
      "pr_auc": 0.8312656973495626,
      "event_count": 1,
      "train_ratio": 0.8022863321114949,
      "pos_rate_train": 0.6887647143414755,
      "class_strategy": "none"
    }
  },
  "groupkfold_event": {
    "1": {
      "rows_train": 75842,
      "rows_test": 0,
      "auc": null,
      "brier": null,
      "pr_auc": null,
      "event_count": 1,
      "folds": 0,
      "note": "insufficient training data"
    },
    "2": {
      "rows_train": 75842,
      "rows_test": 0,
      "auc": null,
      "brier": null,
      "pr_auc": null,
      "event_count": 1,
      "folds": 0,
      "note": "insufficient training data"
    },
    "4": {
      "rows_train": 75842,
      "rows_test": 0,
      "auc": null,
      "brier": null,
      "pr_auc": null,
      "event_count": 1,
      "folds": 0,
      "note": "insufficient training data"
    },
    "8": {
      "rows_train": 75842,
      "rows_test": 0,
      "auc": null,
      "brier": null,
      "pr_auc": null,
      "event_count": 1,
      "folds": 0,
      "note": "insufficient training data"
    }
  },
  "calibration": {
    "1": {
      "rows": 12170,
      "brier": 0.21240054260280455,
      "ece": 1.676737813690253e-17,
      "method": "isotonic"
    },
    "2": {
      "rows": 12170,
      "brier": 0.22017254331669167,
      "ece": 6.982454421101846e-17,
      "method": "isotonic"
    },
    "4": {
      "rows": 12170,
      "brier": 0.20359439597965065,
      "ece": 2.6959056734465528e-17,
      "method": "isotonic"
    },
    "8": {
      "rows": 12170,
      "brier": 0.17087412802083585,
      "ece": 9.585594438166666e-17,
      "method": "isotonic"
    }
  },
  "ranking": {
    "1": {
      "rows_test": 14995,
      "overall": [
        {
          "k": 10,
          "precision": 1.0,
          "recall": 0.00191131498470948,
          "total_positives": 5232
        },
        {
          "k": 25,
          "precision": 1.0,
          "recall": 0.0047782874617737,
          "total_positives": 5232
        },
        {
          "k": 50,
          "precision": 0.98,
          "recall": 0.009365443425076453,
          "total_positives": 5232
        },
        {
          "k": 100,
          "precision": 0.86,
          "recall": 0.01643730886850153,
          "total_positives": 5232
        }
      ],
      "priority_1": [
        {
          "k": 10,
          "precision": 0.6,
          "recall": 0.0016901408450704226,
          "total_positives": 3550
        },
        {
          "k": 25,
          "precision": 0.64,
          "recall": 0.004507042253521127,
          "total_positives": 3550
        },
        {
          "k": 50,
          "precision": 0.74,
          "recall": 0.010422535211267606,
          "total_positives": 3550
        },
        {
          "k": 100,
          "precision": 0.72,
          "recall": 0.02028169014084507,
          "total_positives": 3550
        }
      ],
      "other": [
        {
          "k": 10,
          "precision": 1.0,
          "recall": 0.005945303210463734,
          "total_positives": 1682
        },
        {
          "k": 25,
          "precision": 1.0,
          "recall": 0.014863258026159334,
          "total_positives": 1682
        },
        {
          "k": 50,
          "precision": 1.0,
          "recall": 0.029726516052318668,
          "total_positives": 1682
        },
        {
          "k": 100,
          "precision": 0.85,
          "recall": 0.050535077288941736,
          "total_positives": 1682
        }
      ]
    },
    "2": {
      "rows_test": 14995,
      "overall": [
        {
          "k": 10,
          "precision": 1.0,
          "recall": 0.0014940983116689078,
          "total_positives": 6693
        },
        {
          "k": 25,
          "precision": 0.96,
          "recall": 0.003585835948005379,
          "total_positives": 6693
        },
        {
          "k": 50,
          "precision": 0.94,
          "recall": 0.007022262064843867,
          "total_positives": 6693
        },
        {
          "k": 100,
          "precision": 0.97,
          "recall": 0.014492753623188406,
          "total_positives": 6693
        }
      ],
      "priority_1": [
        {
          "k": 10,
          "precision": 0.9,
          "recall": 0.0019680734747430572,
          "total_positives": 4573
        },
        {
          "k": 25,
          "precision": 0.88,
          "recall": 0.004810846271594139,
          "total_positives": 4573
        },
        {
          "k": 50,
          "precision": 0.92,
          "recall": 0.010059042204242292,
          "total_positives": 4573
        },
        {
          "k": 100,
          "precision": 0.85,
          "recall": 0.01858736059479554,
          "total_positives": 4573
        }
      ],
      "other": [
        {
          "k": 10,
          "precision": 0.9,
          "recall": 0.0042452830188679245,
          "total_positives": 2120
        },
        {
          "k": 25,
          "precision": 0.96,
          "recall": 0.011320754716981131,
          "total_positives": 2120
        },
        {
          "k": 50,
          "precision": 0.96,
          "recall": 0.022641509433962263,
          "total_positives": 2120
        },
        {
          "k": 100,
          "precision": 0.93,
          "recall": 0.043867924528301884,
          "total_positives": 2120
        }
      ]
    },
    "4": {
      "rows_test": 14995,
      "overall": [
        {
          "k": 10,
          "precision": 1.0,
          "recall": 0.0011680878402055834,
          "total_positives": 8561
        },
        {
          "k": 25,
          "precision": 1.0,
          "recall": 0.002920219600513959,
          "total_positives": 8561
        },
        {
          "k": 50,
          "precision": 0.98,
          "recall": 0.005723630417007359,
          "total_positives": 8561
        },
        {
          "k": 100,
          "precision": 0.98,
          "recall": 0.011447260834014717,
          "total_positives": 8561
        }
      ],
      "priority_1": [
        {
          "k": 10,
          "precision": 0.9,
          "recall": 0.0015154066341134872,
          "total_positives": 5939
        },
        {
          "k": 25,
          "precision": 0.88,
          "recall": 0.0037043273278329686,
          "total_positives": 5939
        },
        {
          "k": 50,
          "precision": 0.94,
          "recall": 0.007913790200370432,
          "total_positives": 5939
        },
        {
          "k": 100,
          "precision": 0.94,
          "recall": 0.015827580400740865,
          "total_positives": 5939
        }
      ],
      "other": [
        {
          "k": 10,
          "precision": 1.0,
          "recall": 0.0038138825324180014,
          "total_positives": 2622
        },
        {
          "k": 25,
          "precision": 1.0,