{
  "within_event_time": {
    "1": {
      "rows_train": 34305,
      "rows_test": 11230,
      "auc": 0.6929026996594613,
      "brier": 0.2097382783733411,
      "pr_auc": 0.5495274477918899,
      "event_count": 1,
      "train_ratio": 0.7931021776778805,
      "pos_rate_train": 0.32429674974493516,
      "class_strategy": "none"
    },
    "2": {
      "rows_train": 34305,
      "rows_test": 11230,
      "auc": 0.6937722416878654,
      "brier": 0.22095097689561824,
      "pr_auc": 0.6703516958519593,
      "event_count": 1,
      "train_ratio": 0.7931021776778805,
      "pos_rate_train": 0.4367584900160327,
      "class_strategy": "none"
    },
    "4": {
      "rows_train": 34305,
      "rows_test": 11230,
      "auc": 0.7265066223005154,
      "brier": 0.2134361920434158,
      "pr_auc": 0.779726251643202,
      "event_count": 1,
      "train_ratio": 0.7931021776778805,
      "pos_rate_train": 0.5465092552106107,
      "class_strategy": "none"
    },
    "8": {
      "rows_train": 34305,
      "rows_test": 11230,
      "auc": 0.7361795147899051,
      "brier": 0.21141284695823537,
      "pr_auc": 0.8324982307386518,
      "event_count": 1,
      "train_ratio": 0.7931021776778805,
      "pos_rate_train": 0.6492056551523102,
      "class_strategy": "none"
    }
  },
  "groupkfold_event": {
    "1": {
      "rows_train": 54278,
      "rows_test": 0,
      "auc": null,
      "brier": null,
      "pr_auc": null,
      "event_count": 1,
      "folds": 0,
      "note": "insufficient training data"
    },
    "2": {
      "rows_train": 54278,
      "rows_test": 0,
      "auc": null,
      "brier": null,
      "pr_auc": null,
      "event_count": 1,
      "folds": 0,
      "note": "insufficient training data"
    },
    "4": {
      "rows_train": 54278,
      "rows_test": 0,
      "auc": null,
      "brier": null,
      "pr_auc": null,
      "event_count": 1,
      "folds": 0,
      "note": "insufficient training data"
    },
    "8": {
      "rows_train": 54278,
      "rows_test": 0,
      "auc": null,
      "brier": null,
      "pr_auc": null,
      "event_count": 1,
      "folds": 0,
      "note": "insufficient training data"
    }
  },
  "calibration": {
    "1": {
      "rows": 8743,
      "brier": 0.21998773608842556,
      "ece": 3.1206371760452043e-18,
      "method": "isotonic"
    },
    "2": {
      "rows": 8743,
      "brier": 0.21178907503035035,
      "ece": 4.008891786276586e-17,
      "method": "isotonic"
    },
    "4": {
      "rows": 8743,
      "brier": 0.16935163313177287,
      "ece": 3.9873044690872604e-17,
      "method": "isotonic"
    },
    "8": {
      "rows": 8743,
      "brier": 0.11084182409694021,
      "ece": 4.2730189612989264e-18,
      "method": "isotonic"
    }
  },
  "ranking": {
    "1": {
      "rows_test": 11230,
      "overall": [
        {
          "k": 10,
          "precision": 1.0,
          "recall": 0.0024078979051288226,
          "total_positives": 4153
        },
        {
          "k": 25,
          "precision": 0.88,
          "recall": 0.005297375391283409,
          "total_positives": 4153
        },
        {
          "k": 50,
          "precision": 0.92,
          "recall": 0.011076330363592584,
          "total_positives": 4153
        },
        {
          "k": 100,
          "precision": 0.82,
          "recall": 0.019744762822056346,
          "total_positives": 4153
        }
      ],
      "priority_1": [
        {
          "k": 10,
          "precision": 0.7,
          "recall": 0.00248403122782115,
          "total_positives": 2818
        },
        {
          "k": 25,
          "precision": 0.6,
          "recall": 0.00532292405961675,
          "total_positives": 2818
        },
        {
          "k": 50,
          "precision": 0.6,
          "recall": 0.0106458481192335,
          "total_positives": 2818
        },
        {
          "k": 100,
          "precision": 0.65,
          "recall": 0.023066004258339247,
          "total_positives": 2818
        }
      ],
      "other": [
        {
          "k": 10,
          "precision": 0.9,
          "recall": 0.006741573033707865,
          "total_positives": 1335
        },
        {
          "k": 25,
          "precision": 0.92,
          "recall": 0.017228464419475654,
          "total_positives": 1335
        },
        {
          "k": 50,
          "precision": 0.94,
          "recall": 0.03520599250936329,
          "total_positives": 1335
        },
        {
          "k": 100,
          "precision": 0.9,
          "recall": 0.06741573033707865,
          "total_positives": 1335
        }
      ]
    },
    "2": {
      "rows_test": 11230,
      "overall": [
        {
          "k": 10,
          "precision": 1.0,
          "recall": 0.001834189288334556,
          "total_positives": 5452
        },
        {
          "k": 25,
          "precision": 0.92,
          "recall": 0.004218635363169479,
          "total_positives": 5452
        },
        {
          "k": 50,
          "precision": 0.92,
          "recall": 0.008437270726338958,
          "total_positives": 5452
        },
        {
          "k": 100,
          "precision": 0.95,
          "recall": 0.017424798239178283,
          "total_positives": 5452
        }
      ],
      "priority_1": [
        {
          "k": 10,
          "precision": 0.7,
          "recall": 0.0018276762402088772,
          "total_positives": 3830
        },
        {
          "k": 25,
          "precision": 0.84,
          "recall": 0.005483028720626632,
          "total_positives": 3830
        },
        {
          "k": 50,
          "precision": 0.9,
          "recall": 0.01174934725848564,
          "total_positives": 3830
        },
        {
          "k": 100,
          "precision": 0.88,
          "recall": 0.022976501305483028,
          "total_positives": 3830
        }
      ],
      "other": [
        {
          "k": 10,
          "precision": 1.0,
          "recall": 0.006165228113440197,
          "total_positives": 1622
        },
        {
          "k": 25,
          "precision": 0.96,
          "recall": 0.014796547472256474,
          "total_positives": 1622
        },
        {
          "k": 50,
          "precision": 0.98,
          "recall": 0.03020961775585697,
          "total_positives": 1622
        },
        {
          "k": 100,
          "precision": 0.95,
          "recall": 0.058569667077681874,
          "total_positives": 1622
        }
      ]
    },
    "4": {
      "rows_test": 11230,
      "overall": [
        {
          "k": 10,
          "precision": 1.0,
          "recall": 0.0015267175572519084,
          "total_positives": 6550
        },
        {
          "k": 25,
          "precision": 1.0,
          "recall": 0.003816793893129771,
          "total_positives": 6550
        },
        {
          "k": 50,
          "precision": 1.0,
          "recall": 0.007633587786259542,
          "total_positives": 6550
        },
        {
          "k": 100,
          "precision": 0.99,
          "recall": 0.015114503816793893,
          "total_positives": 6550
        }
      ],
      "priority_1": [
        {
          "k": 10,
          "precision": 1.0,
          "recall": 0.002130833155763904,
          "total_positives": 4693
        },
        {
          "k": 25,
          "precision": 0.96,
          "recall": 0.005113999573833369,
          "total_positives": 4693
        },
        {
          "k": 50,
          "precision": 0.98,
          "recall": 0.010441082463243129,
          "total_positives": 4693
        },
        {
          "k": 100,
          "precision": 0.97,
          "recall": 0.020669081610909867,
          "total_positives": 4693
        }
      ],
      "other": [
        {
          "k": 10,
          "precision": 1.0,
          "recall": 0.005385029617662897,
          "total_positives": 1857
        },
        {
          "k": 25,
          "precision": 1.0,
          "recall": 0.013462574044157244,