{
  "within_event_time": {
    "1": {
      "rows_train": 47068,
      "rows_test": 14693,
      "auc": 0.6622845719312169,
      "brier": 0.20944864594394097,
      "pr_auc": 0.4998247656381318,
      "event_count": 1,
      "train_ratio": 0.8005077934068321,
      "pos_rate_train": 0.34702982918330927,
      "class_strategy": "none"
    },
    "2": {
      "rows_train": 47068,
      "rows_test": 14693,
      "auc": 0.6777354172892702,
      "brier": 0.23076084776978398,
      "pr_auc": 0.6305115435474887,
      "event_count": 1,
      "train_ratio": 0.8005077934068321,
      "pos_rate_train": 0.4686411149825784,
      "class_strategy": "none"
    },
    "4": {
      "rows_train": 47068,
      "rows_test": 14693,
      "auc": 0.7181168626099939,
      "brier": 0.21502084850543526,
      "pr_auc": 0.7674378894544863,
      "event_count": 1,
      "train_ratio": 0.8005077934068321,
      "pos_rate_train": 0.5825189088127815,
      "class_strategy": "none"
    },
    "8": {
      "rows_train": 47068,
      "rows_test": 14693,
      "auc": 0.7300419306180272,
      "brier": 0.1971084500713559,
      "pr_auc": 0.8321993294783093,
      "event_count": 1,
      "train_ratio": 0.8005077934068321,
      "pos_rate_train": 0.6842653182629387,
      "class_strategy": "none"
    }
  },
  "groupkfold_event": {
    "1": {
      "rows_train": 73652,
      "rows_test": 0,
      "auc": null,
      "brier": null,
      "pr_auc": null,
      "event_count": 1,
      "folds": 0,
      "note": "insufficient training data"
    },
    "2": {
      "rows_train": 73652,
      "rows_test": 0,
      "auc": null,
      "brier": null,
      "pr_auc": null,
      "event_count": 1,
      "folds": 0,
      "note": "insufficient training data"
    },
    "4": {
      "rows_train": 73652,
      "rows_test": 0,
      "auc": null,
      "brier": null,
      "pr_auc": null,
      "event_count": 1,
      "folds": 0,
      "note": "insufficient training data"
    },
    "8": {
      "rows_train": 73652,
      "rows_test": 0,
      "auc": null,
      "brier": null,
      "pr_auc": null,
      "event_count": 1,
      "folds": 0,
      "note": "insufficient training data"
    }
  },
  "calibration": {
    "1": {
      "rows": 11891,
      "brier": 0.2083561683623672,
      "ece": 5.60783537268089e-19,
      "method": "isotonic"
    },
    "2": {
      "rows": 11891,
      "brier": 0.22162995424312498,
      "ece": 2.324596565100062e-17,
      "method": "isotonic"
    },
    "4": {
      "rows": 11891,
      "brier": 0.20924199252094836,
      "ece": 6.11084828540211e-17,
      "method": "isotonic"
    },
    "8": {
      "rows": 11891,
      "brier": 0.17114346694911456,
      "ece": 6.976824111943051e-17,
      "method": "isotonic"
    }
  },
  "ranking": {
    "1": {
      "rows_test": 14693,
      "overall": [
        {
          "k": 10,
          "precision": 1.0,
          "recall": 0.002008838891120932,
          "total_positives": 4978
        },
        {
          "k": 25,
          "precision": 1.0,
          "recall": 0.0050220972278023305,
          "total_positives": 4978
        },
        {
          "k": 50,
          "precision": 1.0,
          "recall": 0.010044194455604661,
          "total_positives": 4978
        },
        {
          "k": 100,
          "precision": 0.93,
          "recall": 0.018682201687424668,
          "total_positives": 4978
        }
      ],
      "priority_1": [
        {
          "k": 10,
          "precision": 1.0,
          "recall": 0.0030665440049064702,
          "total_positives": 3261
        },
        {
          "k": 25,
          "precision": 0.88,
          "recall": 0.006746396810794235,
          "total_positives": 3261
        },
        {
          "k": 50,
          "precision": 0.84,
          "recall": 0.012879484820607176,
          "total_positives": 3261
        },
        {
          "k": 100,
          "precision": 0.76,
          "recall": 0.023305734437289175,
          "total_positives": 3261
        }
      ],
      "other": [
        {
          "k": 10,
          "precision": 1.0,
          "recall": 0.005824111822947,
          "total_positives": 1717
        },
        {
          "k": 25,
          "precision": 1.0,
          "recall": 0.014560279557367502,
          "total_positives": 1717
        },
        {
          "k": 50,
          "precision": 0.98,
          "recall": 0.028538147932440302,
          "total_positives": 1717
        },
        {
          "k": 100,
          "precision": 0.88,
          "recall": 0.0512521840419336,
          "total_positives": 1717
        }
      ]
    },
    "2": {
      "rows_test": 14693,
      "overall": [
        {
          "k": 10,
          "precision": 0.9,
          "recall": 0.0013782542113323123,
          "total_positives": 6530
        },
        {
          "k": 25,
          "precision": 0.92,
          "recall": 0.003522205206738132,
          "total_positives": 6530
        },
        {
          "k": 50,
          "precision": 0.96,
          "recall": 0.007350689127105666,
          "total_positives": 6530
        },
        {
          "k": 100,
          "precision": 0.98,
          "recall": 0.015007656967840736,
          "total_positives": 6530
        }
      ],
      "priority_1": [
        {
          "k": 10,
          "precision": 1.0,
          "recall": 0.00227842333105491,
          "total_positives": 4389
        },
        {
          "k": 25,
          "precision": 0.96,
          "recall": 0.005468215994531784,
          "total_positives": 4389
        },
        {
          "k": 50,
          "precision": 0.94,
          "recall": 0.010708589655958077,
          "total_positives": 4389
        },
        {
          "k": 100,
          "precision": 0.93,
          "recall": 0.021189336978810664,
          "total_positives": 4389
        }
      ],
      "other": [
        {
          "k": 10,
          "precision": 1.0,
          "recall": 0.004670714619336758,
          "total_positives": 2141
        },
        {
          "k": 25,
          "precision": 1.0,
          "recall": 0.011676786548341896,
          "total_positives": 2141
        },
        {
          "k": 50,
          "precision": 1.0,
          "recall": 0.023353573096683792,
          "total_positives": 2141
        },
        {
          "k": 100,
          "precision": 0.97,
          "recall": 0.045305931807566556,
          "total_positives": 2141
        }
      ]
    },
    "4": {
      "rows_test": 14693,
      "overall": [
        {
          "k": 10,
          "precision": 1.0,
          "recall": 0.0011961722488038277,
          "total_positives": 8360
        },
        {
          "k": 25,
          "precision": 1.0,
          "recall": 0.0029904306220095694,
          "total_positives": 8360
        },
        {
          "k": 50,
          "precision": 1.0,
          "recall": 0.005980861244019139,
          "total_positives": 8360
        },
        {
          "k": 100,
          "precision": 1.0,
          "recall": 0.011961722488038277,
          "total_positives": 8360
        }
      ],
      "priority_1": [
        {
          "k": 10,
          "precision": 1.0,
          "recall": 0.0017370158068438423,
          "total_positives": 5757
        },
        {
          "k": 25,
          "precision": 1.0,
          "recall": 0.004342539517109605,
          "total_positives": 5757
        },
        {
          "k": 50,
          "precision": 1.0,
          "recall": 0.00868507903421921,
          "total_positives": 5757
        },
        {
          "k": 100,
          "precision": 0.98,
          "recall": 0.017022754907069653,
          "total_positives": 5757
        }
      ],
      "other": [
        {
          "k": 10,
          "precision": 1.0,
          "recall": 0.00384172109104879,
          "total_positives": 2603
        },
        {
          "k": 25,
          "precision": 1.0,
          "recall": 0.009604302727621975,