{
  "within_event_time": {
    "1": {
      "rows_train": 45333,
      "rows_test": 14103,
      "auc": 0.6728769513386074,
      "brier": 0.20666406176426477,
      "pr_auc": 0.5065396836961635,
      "event_count": 1,
      "train_ratio": 0.8005571897273447,
      "pos_rate_train": 0.3483555026139898,
      "class_strategy": "none"
    },
    "2": {
      "rows_train": 45333,
      "rows_test": 14103,
      "auc": 0.6801048433593405,
      "brier": 0.22169845827332055,
      "pr_auc": 0.6184568393014972,
      "event_count": 1,
      "train_ratio": 0.8005571897273447,
      "pos_rate_train": 0.4695475702027221,
      "class_strategy": "none"
    },
    "4": {
      "rows_train": 45333,
      "rows_test": 14103,
      "auc": 0.7027653285623493,
      "brier": 0.22047380781345166,
      "pr_auc": 0.7432044969086135,
      "event_count": 1,
      "train_ratio": 0.8005571897273447,
      "pos_rate_train": 0.5843866499018375,
      "class_strategy": "none"
    },
    "8": {
      "rows_train": 45333,
      "rows_test": 14103,
      "auc": 0.7171447179261107,
      "brier": 0.19486537827494946,
      "pr_auc": 0.8229117872194446,
      "event_count": 1,
      "train_ratio": 0.8005571897273447,
      "pos_rate_train": 0.6864756358502636,
      "class_strategy": "none"
    }
  },
  "groupkfold_event": {
    "1": {
      "rows_train": 70712,
      "rows_test": 0,
      "auc": null,
      "brier": null,
      "pr_auc": null,
      "event_count": 1,
      "folds": 0,
      "note": "insufficient training data"
    },
    "2": {
      "rows_train": 70712,
      "rows_test": 0,
      "auc": null,
      "brier": null,
      "pr_auc": null,
      "event_count": 1,
      "folds": 0,
      "note": "insufficient training data"
    },
    "4": {
      "rows_train": 70712,
      "rows_test": 0,
      "auc": null,
      "brier": null,
      "pr_auc": null,
      "event_count": 1,
      "folds": 0,
      "note": "insufficient training data"
    },
    "8": {
      "rows_train": 70712,
      "rows_test": 0,
      "auc": null,
      "brier": null,
      "pr_auc": null,
      "event_count": 1,
      "folds": 0,
      "note": "insufficient training data"
    }
  },
  "calibration": {
    "1": {
      "rows": 11276,
      "brier": 0.20954283387011072,
      "ece": 4.559879729332437e-17,
      "method": "isotonic"
    },
    "2": {
      "rows": 11276,
      "brier": 0.22599130676861265,
      "ece": 5.727848923161448e-17,
      "method": "isotonic"
    },
    "4": {
      "rows": 11276,
      "brier": 0.1992470334583083,
      "ece": 8.051479943128961e-17,
      "method": "isotonic"
    },
    "8": {
      "rows": 11276,
      "brier": 0.17330493962545537,
      "ece": 6.465306395176561e-17,
      "method": "isotonic"
    }
  },
  "ranking": {
    "1": {
      "rows_test": 14103,
      "overall": [
        {
          "k": 10,
          "precision": 1.0,
          "recall": 0.0021551724137931034,
          "total_positives": 4640
        },
        {
          "k": 25,
          "precision": 1.0,
          "recall": 0.005387931034482759,
          "total_positives": 4640
        },
        {
          "k": 50,
          "precision": 0.94,
          "recall": 0.010129310344827586,
          "total_positives": 4640
        },
        {
          "k": 100,
          "precision": 0.89,
          "recall": 0.01918103448275862,
          "total_positives": 4640
        }
      ],
      "priority_1": [
        {
          "k": 10,
          "precision": 0.9,
          "recall": 0.003092783505154639,
          "total_positives": 2910
        },
        {
          "k": 25,
          "precision": 0.92,
          "recall": 0.007903780068728522,
          "total_positives": 2910
        },
        {
          "k": 50,
          "precision": 0.84,
          "recall": 0.01443298969072165,
          "total_positives": 2910
        },
        {
          "k": 100,
          "precision": 0.87,
          "recall": 0.029896907216494847,
          "total_positives": 2910
        }
      ],
      "other": [
        {
          "k": 10,
          "precision": 1.0,
          "recall": 0.005780346820809248,
          "total_positives": 1730
        },
        {
          "k": 25,
          "precision": 1.0,
          "recall": 0.014450867052023121,
          "total_positives": 1730
        },
        {
          "k": 50,
          "precision": 0.96,
          "recall": 0.027745664739884393,
          "total_positives": 1730
        },
        {
          "k": 100,
          "precision": 0.78,
          "recall": 0.04508670520231214,
          "total_positives": 1730
        }
      ]
    },
    "2": {
      "rows_test": 14103,
      "overall": [
        {
          "k": 10,
          "precision": 1.0,
          "recall": 0.0016350555918901242,
          "total_positives": 6116
        },
        {
          "k": 25,
          "precision": 0.92,
          "recall": 0.003760627861347286,
          "total_positives": 6116
        },
        {
          "k": 50,
          "precision": 0.96,
          "recall": 0.007848266841072597,
          "total_positives": 6116
        },
        {
          "k": 100,
          "precision": 0.97,
          "recall": 0.015860039241334205,
          "total_positives": 6116
        }
      ],
      "priority_1": [
        {
          "k": 10,
          "precision": 0.9,
          "recall": 0.0022635814889336017,
          "total_positives": 3976
        },
        {
          "k": 25,
          "precision": 0.96,
          "recall": 0.006036217303822937,
          "total_positives": 3976
        },
        {
          "k": 50,
          "precision": 0.94,
          "recall": 0.011820925553319919,
          "total_positives": 3976
        },
        {
          "k": 100,
          "precision": 0.92,
          "recall": 0.023138832997987926,
          "total_positives": 3976
        }
      ],
      "other": [
        {
          "k": 10,
          "precision": 1.0,
          "recall": 0.004672897196261682,
          "total_positives": 2140
        },
        {
          "k": 25,
          "precision": 1.0,
          "recall": 0.011682242990654205,
          "total_positives": 2140
        },
        {
          "k": 50,
          "precision": 1.0,
          "recall": 0.02336448598130841,
          "total_positives": 2140
        },
        {
          "k": 100,
          "precision": 0.96,
          "recall": 0.044859813084112146,
          "total_positives": 2140
        }
      ]
    },
    "4": {
      "rows_test": 14103,
      "overall": [
        {
          "k": 10,
          "precision": 1.0,
          "recall": 0.0012756729174639623,
          "total_positives": 7839
        },
        {
          "k": 25,
          "precision": 0.96,
          "recall": 0.0030616150019135095,
          "total_positives": 7839
        },
        {
          "k": 50,
          "precision": 0.98,
          "recall": 0.006250797295573415,
          "total_positives": 7839
        },
        {
          "k": 100,
          "precision": 0.98,
          "recall": 0.01250159459114683,
          "total_positives": 7839
        }
      ],
      "priority_1": [
        {
          "k": 10,
          "precision": 0.9,
          "recall": 0.0017165744802593935,
          "total_positives": 5243
        },
        {
          "k": 25,
          "precision": 0.96,
          "recall": 0.004577531947358383,
          "total_positives": 5243
        },
        {
          "k": 50,
          "precision": 0.98,
          "recall": 0.009345794392523364,
          "total_positives": 5243
        },
        {
          "k": 100,
          "precision": 0.99,
          "recall": 0.01888231928285333,
          "total_positives": 5243
        }
      ],
      "other": [
        {
          "k": 10,
          "precision": 0.9,
          "recall": 0.0034668721109399076,
          "total_positives": 2596
        },
        {
          "k": 25,
          "precision": 0.96,