{
  "within_event_time": {
    "1": {
      "rows_train": 32773,
      "rows_test": 10381,
      "auc": 0.6806764213893712,
      "brier": 0.21084095133554057,
      "pr_auc": 0.5417506451283542,
      "event_count": 1,
      "train_ratio": 0.7979446055628004,
      "pos_rate_train": 0.3164190034479602,
      "class_strategy": "none"
    },
    "2": {
      "rows_train": 32773,
      "rows_test": 10381,
      "auc": 0.6591750229535684,
      "brier": 0.2292244909761868,
      "pr_auc": 0.6413164694248737,
      "event_count": 1,
      "train_ratio": 0.7979446055628004,
      "pos_rate_train": 0.4284624538492051,
      "class_strategy": "none"
    },
    "4": {
      "rows_train": 32773,
      "rows_test": 10381,
      "auc": 0.7335090096192929,
      "brier": 0.22919742076854044,
      "pr_auc": 0.7812785599480172,
      "event_count": 1,
      "train_ratio": 0.7979446055628004,
      "pos_rate_train": 0.5323894669392488,
      "class_strategy": "none"
    },
    "8": {
      "rows_train": 32773,
      "rows_test": 10381,
      "auc": 0.7453541267846971,
      "brier": 0.22751732804340793,
      "pr_auc": 0.8303435004880448,
      "event_count": 1,
      "train_ratio": 0.7979446055628004,
      "pos_rate_train": 0.6370487901626338,
      "class_strategy": "none"
    }
  },
  "groupkfold_event": {
    "1": {
      "rows_train": 51377,
      "rows_test": 0,
      "auc": null,
      "brier": null,
      "pr_auc": null,
      "event_count": 1,
      "folds": 0,
      "note": "insufficient training data"
    },
    "2": {
      "rows_train": 51377,
      "rows_test": 0,
      "auc": null,
      "brier": null,
      "pr_auc": null,
      "event_count": 1,
      "folds": 0,
      "note": "insufficient training data"
    },
    "4": {
      "rows_train": 51377,
      "rows_test": 0,
      "auc": null,
      "brier": null,
      "pr_auc": null,
      "event_count": 1,
      "folds": 0,
      "note": "insufficient training data"
    },
    "8": {
      "rows_train": 51377,
      "rows_test": 0,
      "auc": null,
      "brier": null,
      "pr_auc": null,
      "event_count": 1,
      "folds": 0,
      "note": "insufficient training data"
    }
  },
  "calibration": {
    "1": {
      "rows": 8223,
      "brier": 0.21741551740646525,
      "ece": 1.834845057114907e-17,
      "method": "isotonic"
    },
    "2": {
      "rows": 8223,
      "brier": 0.21021182693590032,
      "ece": 6.019614927996182e-17,
      "method": "isotonic"
    },
    "4": {
      "rows": 8223,
      "brier": 0.16190779902892685,
      "ece": 4.072707957900747e-17,
      "method": "isotonic"
    },
    "8": {
      "rows": 8223,
      "brier": 0.1000064846395388,
      "ece": 1.2758856357421537e-18,
      "method": "isotonic"
    }
  },
  "ranking": {
    "1": {
      "rows_test": 10381,
      "overall": [
        {
          "k": 10,
          "precision": 1.0,
          "recall": 0.0026034886748242643,
          "total_positives": 3841
        },
        {
          "k": 25,
          "precision": 0.96,
          "recall": 0.006248372819578235,
          "total_positives": 3841
        },
        {
          "k": 50,
          "precision": 0.9,
          "recall": 0.01171569903670919,
          "total_positives": 3841
        },
        {
          "k": 100,
          "precision": 0.87,
          "recall": 0.0226503514709711,
          "total_positives": 3841
        }
      ],
      "priority_1": [
        {
          "k": 10,
          "precision": 0.8,
          "recall": 0.0032102728731942215,
          "total_positives": 2492
        },
        {
          "k": 25,
          "precision": 0.76,
          "recall": 0.007624398073836276,
          "total_positives": 2492
        },
        {
          "k": 50,
          "precision": 0.78,
          "recall": 0.01565008025682183,
          "total_positives": 2492
        },
        {
          "k": 100,
          "precision": 0.78,
          "recall": 0.03130016051364366,
          "total_positives": 2492
        }
      ],
      "other": [
        {
          "k": 10,
          "precision": 1.0,
          "recall": 0.007412898443291327,
          "total_positives": 1349
        },
        {
          "k": 25,
          "precision": 0.96,
          "recall": 0.017790956263899184,
          "total_positives": 1349
        },
        {
          "k": 50,
          "precision": 0.96,
          "recall": 0.03558191252779837,
          "total_positives": 1349
        },
        {
          "k": 100,
          "precision": 0.89,
          "recall": 0.06597479614529281,
          "total_positives": 1349
        }
      ]
    },
    "2": {
      "rows_test": 10381,
      "overall": [
        {
          "k": 10,
          "precision": 0.8,
          "recall": 0.0015655577299412916,
          "total_positives": 5110
        },
        {
          "k": 25,
          "precision": 0.88,
          "recall": 0.004305283757338552,
          "total_positives": 5110
        },
        {
          "k": 50,
          "precision": 0.94,
          "recall": 0.009197651663405087,
          "total_positives": 5110
        },
        {
          "k": 100,
          "precision": 0.88,
          "recall": 0.01722113502935421,
          "total_positives": 5110
        }
      ],
      "priority_1": [
        {
          "k": 10,
          "precision": 1.0,
          "recall": 0.002914602156805596,
          "total_positives": 3431
        },
        {
          "k": 25,
          "precision": 0.96,
          "recall": 0.006995045176333431,
          "total_positives": 3431
        },
        {
          "k": 50,
          "precision": 0.88,
          "recall": 0.012824249489944622,
          "total_positives": 3431
        },
        {
          "k": 100,
          "precision": 0.85,
          "recall": 0.024774118332847567,
          "total_positives": 3431
        }
      ],
      "other": [
        {
          "k": 10,
          "precision": 1.0,
          "recall": 0.005955926146515783,
          "total_positives": 1679
        },
        {
          "k": 25,
          "precision": 0.92,
          "recall": 0.0136986301369863,
          "total_positives": 1679
        },
        {
          "k": 50,
          "precision": 0.96,
          "recall": 0.02858844550327576,
          "total_positives": 1679
        },
        {
          "k": 100,
          "precision": 0.93,
          "recall": 0.05539011316259678,
          "total_positives": 1679
        }
      ]
    },
    "4": {
      "rows_test": 10381,
      "overall": [
        {
          "k": 10,
          "precision": 1.0,
          "recall": 0.001652892561983471,
          "total_positives": 6050
        },
        {
          "k": 25,
          "precision": 0.96,
          "recall": 0.003966942148760331,
          "total_positives": 6050
        },
        {
          "k": 50,
          "precision": 0.96,
          "recall": 0.007933884297520661,
          "total_positives": 6050
        },
        {
          "k": 100,
          "precision": 0.94,
          "recall": 0.015537190082644628,
          "total_positives": 6050
        }
      ],
      "priority_1": [
        {
          "k": 10,
          "precision": 0.9,
          "recall": 0.0021849963583394027,
          "total_positives": 4119
        },
        {
          "k": 25,
          "precision": 0.92,
          "recall": 0.005583879582422918,
          "total_positives": 4119
        },
        {
          "k": 50,
          "precision": 0.92,
          "recall": 0.011167759164845836,
          "total_positives": 4119
        },
        {
          "k": 100,
          "precision": 0.91,
          "recall": 0.02209274095654285,
          "total_positives": 4119
        }
      ],
      "other": [
        {
          "k": 10,
          "precision": 1.0,
          "recall": 0.005178663904712584,
          "total_positives": 1931
        },
        {
          "k": 25,
          "precision": 1.0,
          "recall": 0.01294665976178146,