{
  "within_event_time": {
    "1": {
      "rows_train": 40608,
      "rows_test": 12395,
      "auc": 0.6523555930929649,
      "brier": 0.2177617116997945,
      "pr_auc": 0.5221823134213766,
      "event_count": 1,
      "train_ratio": 0.80364667490416,
      "pos_rate_train": 0.3383815996847912,
      "class_strategy": "none"
    },
    "2": {
      "rows_train": 40608,
      "rows_test": 12395,
      "auc": 0.6556116296703008,
      "brier": 0.23287160440666027,
      "pr_auc": 0.6215798357112389,
      "event_count": 1,
      "train_ratio": 0.80364667490416,
      "pos_rate_train": 0.45860421591804573,
      "class_strategy": "none"
    },
    "4": {
      "rows_train": 40608,
      "rows_test": 12395,
      "auc": 0.6640032763163168,
      "brier": 0.23960301722653407,
      "pr_auc": 0.7114313021845327,
      "event_count": 1,
      "train_ratio": 0.80364667490416,
      "pos_rate_train": 0.5750837273443656,
      "class_strategy": "none"
    },
    "8": {
      "rows_train": 40608,
      "rows_test": 12395,
      "auc": 0.6775771499062714,
      "brier": 0.22694473407321275,
      "pr_auc": 0.7850879468691526,
      "event_count": 1,
      "train_ratio": 0.80364667490416,
      "pos_rate_train": 0.6808756895193065,
      "class_strategy": "none"
    }
  },
  "groupkfold_event": {
    "1": {
      "rows_train": 63126,
      "rows_test": 0,
      "auc": null,
      "brier": null,
      "pr_auc": null,
      "event_count": 1,
      "folds": 0,
      "note": "insufficient training data"
    },
    "2": {
      "rows_train": 63126,
      "rows_test": 0,
      "auc": null,
      "brier": null,
      "pr_auc": null,
      "event_count": 1,
      "folds": 0,
      "note": "insufficient training data"
    },
    "4": {
      "rows_train": 63126,
      "rows_test": 0,
      "auc": null,
      "brier": null,
      "pr_auc": null,
      "event_count": 1,
      "folds": 0,
      "note": "insufficient training data"
    },
    "8": {
      "rows_train": 63126,
      "rows_test": 0,
      "auc": null,
      "brier": null,
      "pr_auc": null,
      "event_count": 1,
      "folds": 0,
      "note": "insufficient training data"
    }
  },
  "calibration": {
    "1": {
      "rows": 10123,
      "brier": 0.21601607277018808,
      "ece": 1.684582204706352e-17,
      "method": "isotonic"
    },
    "2": {
      "rows": 10123,
      "brier": 0.2176479485710632,
      "ece": 7.68508375906809e-17,
      "method": "isotonic"
    },
    "4": {
      "rows": 10123,
      "brier": 0.1863261342126364,
      "ece": 1.60781088027312e-17,
      "method": "isotonic"
    },
    "8": {
      "rows": 10123,
      "brier": 0.14754932279881347,
      "ece": 2.1155983547386417e-17,
      "method": "isotonic"
    }
  },
  "ranking": {
    "1": {
      "rows_test": 12395,
      "overall": [
        {
          "k": 10,
          "precision": 1.0,
          "recall": 0.0021925016443762333,
          "total_positives": 4561
        },
        {
          "k": 25,
          "precision": 1.0,
          "recall": 0.005481254110940584,
          "total_positives": 4561
        },
        {
          "k": 50,
          "precision": 0.96,
          "recall": 0.01052400789300592,
          "total_positives": 4561
        },
        {
          "k": 100,
          "precision": 0.89,
          "recall": 0.019513264634948475,
          "total_positives": 4561
        }
      ],
      "priority_1": [
        {
          "k": 10,
          "precision": 0.7,
          "recall": 0.002190923317683881,
          "total_positives": 3195
        },
        {
          "k": 25,
          "precision": 0.76,
          "recall": 0.00594679186228482,
          "total_positives": 3195
        },
        {
          "k": 50,
          "precision": 0.78,
          "recall": 0.012206572769953052,
          "total_positives": 3195
        },
        {
          "k": 100,
          "precision": 0.74,
          "recall": 0.023161189358372455,
          "total_positives": 3195
        }
      ],
      "other": [
        {
          "k": 10,
          "precision": 1.0,
          "recall": 0.007320644216691069,
          "total_positives": 1366
        },
        {
          "k": 25,
          "precision": 0.96,
          "recall": 0.017569546120058566,
          "total_positives": 1366
        },
        {
          "k": 50,
          "precision": 0.96,
          "recall": 0.03513909224011713,
          "total_positives": 1366
        },
        {
          "k": 100,
          "precision": 0.9,
          "recall": 0.06588579795021962,
          "total_positives": 1366
        }
      ]
    },
    "2": {
      "rows_test": 12395,
      "overall": [
        {
          "k": 10,
          "precision": 1.0,
          "recall": 0.001725625539257981,
          "total_positives": 5795
        },
        {
          "k": 25,
          "precision": 1.0,
          "recall": 0.004314063848144953,
          "total_positives": 5795
        },
        {
          "k": 50,
          "precision": 1.0,
          "recall": 0.008628127696289905,
          "total_positives": 5795
        },
        {
          "k": 100,
          "precision": 0.94,
          "recall": 0.016220880069025022,
          "total_positives": 5795
        }
      ],
      "priority_1": [
        {
          "k": 10,
          "precision": 0.8,
          "recall": 0.001937046004842615,
          "total_positives": 4130
        },
        {
          "k": 25,
          "precision": 0.88,
          "recall": 0.005326876513317191,
          "total_positives": 4130
        },
        {
          "k": 50,
          "precision": 0.9,
          "recall": 0.010895883777239709,
          "total_positives": 4130
        },
        {
          "k": 100,
          "precision": 0.79,
          "recall": 0.019128329297820823,
          "total_positives": 4130
        }
      ],
      "other": [
        {
          "k": 10,
          "precision": 1.0,
          "recall": 0.006006006006006006,
          "total_positives": 1665
        },
        {
          "k": 25,
          "precision": 1.0,
          "recall": 0.015015015015015015,
          "total_positives": 1665
        },
        {
          "k": 50,
          "precision": 1.0,
          "recall": 0.03003003003003003,
          "total_positives": 1665
        },
        {
          "k": 100,
          "precision": 0.96,
          "recall": 0.05765765765765766,
          "total_positives": 1665
        }
      ]
    },
    "4": {
      "rows_test": 12395,
      "overall": [
        {
          "k": 10,
          "precision": 1.0,
          "recall": 0.0014753614635585719,
          "total_positives": 6778
        },
        {
          "k": 25,
          "precision": 0.96,
          "recall": 0.0035408675125405725,
          "total_positives": 6778
        },
        {
          "k": 50,
          "precision": 0.96,
          "recall": 0.007081735025081145,
          "total_positives": 6778
        },
        {
          "k": 100,
          "precision": 0.93,
          "recall": 0.013720861611094717,
          "total_positives": 6778
        }
      ],
      "priority_1": [
        {
          "k": 10,
          "precision": 0.9,
          "recall": 0.0018572018159306646,
          "total_positives": 4846
        },
        {
          "k": 25,
          "precision": 0.96,
          "recall": 0.004952538175815105,
          "total_positives": 4846
        },
        {
          "k": 50,
          "precision": 0.94,
          "recall": 0.00969872059430458,
          "total_positives": 4846
        },
        {
          "k": 100,
          "precision": 0.92,
          "recall": 0.018984729673957902,
          "total_positives": 4846
        }
      ],
      "other": [
        {
          "k": 10,
          "precision": 0.9,
          "recall": 0.004658385093167702,
          "total_positives": 1932
        },
        {
          "k": 25,
          "precision": 0.96,
          "recall": 0.012422360248447204,