{
  "within_event_time": {
    "1": {
      "rows_train": 46603,
      "rows_test": 14995,
      "auc": 0.6583349053417219,
      "brier": 0.2155389160190959,
      "pr_auc": 0.49688049932930417,
      "event_count": 1,
      "train_ratio": 0.7952481736874445,
      "pos_rate_train": 0.3495697701864687,
      "class_strategy": "none"
    },
    "2": {
      "rows_train": 46603,
      "rows_test": 14995,
      "auc": 0.6712154984495409,
      "brier": 0.23428922112463993,
      "pr_auc": 0.6080640948957692,
      "event_count": 1,
      "train_ratio": 0.7952481736874445,
      "pos_rate_train": 0.46971225028431646,
      "class_strategy": "none"
    },
    "4": {
      "rows_train": 46603,
      "rows_test": 14995,
      "auc": 0.7029993574097887,
      "brier": 0.2178591760273055,
      "pr_auc": 0.7525726315728446,
      "event_count": 1,
      "train_ratio": 0.7952481736874445,
      "pos_rate_train": 0.583181340257065,
      "class_strategy": "none"
    },
    "8": {
      "rows_train": 46603,
      "rows_test": 14995,
      "auc": 0.7189678347805173,
      "brier": 0.1986816845007833,
      "pr_auc": 0.8278387271204326,
      "event_count": 1,
      "train_ratio": 0.7952481736874445,
      "pos_rate_train": 0.6846340364354226,
      "class_strategy": "none"
    }
  },
  "groupkfold_event": {
    "1": {
      "rows_train": 73235,
      "rows_test": 0,
      "auc": null,
      "brier": null,
      "pr_auc": null,
      "event_count": 1,
      "folds": 0,
      "note": "insufficient training data"
    },
    "2": {
      "rows_train": 73235,
      "rows_test": 0,
      "auc": null,
      "brier": null,
      "pr_auc": null,
      "event_count": 1,
      "folds": 0,
      "note": "insufficient training data"
    },
    "4": {
      "rows_train": 73235,
      "rows_test": 0,
      "auc": null,
      "brier": null,
      "pr_auc": null,
      "event_count": 1,
      "folds": 0,
      "note": "insufficient training data"
    },
    "8": {
      "rows_train": 73235,
      "rows_test": 0,
      "auc": null,
      "brier": null,
      "pr_auc": null,
      "event_count": 1,
      "folds": 0,
      "note": "insufficient training data"
    }
  },
  "calibration": {
    "1": {
      "rows": 11637,
      "brier": 0.2066024772870041,
      "ece": 5.990214673769186e-17,
      "method": "isotonic"
    },
    "2": {
      "rows": 11637,
      "brier": 0.22178217068078998,
      "ece": 4.304177344329632e-17,
      "method": "isotonic"
    },
    "4": {
      "rows": 11637,
      "brier": 0.20867822881943504,
      "ece": 2.2229265681675817e-18,
      "method": "isotonic"
    },
    "8": {
      "rows": 11637,
      "brier": 0.17153720595348465,
      "ece": 4.9658080632241475e-17,
      "method": "isotonic"
    }
  },
  "ranking": {
    "1": {
      "rows_test": 14995,
      "overall": [
        {
          "k": 10,
          "precision": 1.0,
          "recall": 0.002004811547714515,
          "total_positives": 4988
        },
        {
          "k": 25,
          "precision": 1.0,
          "recall": 0.005012028869286287,
          "total_positives": 4988
        },
        {
          "k": 50,
          "precision": 1.0,
          "recall": 0.010024057738572574,
          "total_positives": 4988
        },
        {
          "k": 100,
          "precision": 0.87,
          "recall": 0.01744186046511628,
          "total_positives": 4988
        }
      ],
      "priority_1": [
        {
          "k": 10,
          "precision": 0.9,
          "recall": 0.002779493514515133,
          "total_positives": 3238
        },
        {
          "k": 25,
          "precision": 0.84,
          "recall": 0.006485484867201977,
          "total_positives": 3238
        },
        {
          "k": 50,
          "precision": 0.72,
          "recall": 0.011117974058060531,
          "total_positives": 3238
        },
        {
          "k": 100,
          "precision": 0.7,
          "recall": 0.021618282890673256,
          "total_positives": 3238
        }
      ],
      "other": [
        {
          "k": 10,
          "precision": 1.0,
          "recall": 0.005714285714285714,
          "total_positives": 1750
        },
        {
          "k": 25,
          "precision": 1.0,
          "recall": 0.014285714285714285,
          "total_positives": 1750
        },
        {
          "k": 50,
          "precision": 1.0,
          "recall": 0.02857142857142857,
          "total_positives": 1750
        },
        {
          "k": 100,
          "precision": 0.89,
          "recall": 0.05085714285714286,
          "total_positives": 1750
        }
      ]
    },
    "2": {
      "rows_test": 14995,
      "overall": [
        {
          "k": 10,
          "precision": 1.0,
          "recall": 0.001519756838905775,
          "total_positives": 6580
        },
        {
          "k": 25,
          "precision": 1.0,
          "recall": 0.003799392097264438,
          "total_positives": 6580
        },
        {
          "k": 50,
          "precision": 1.0,
          "recall": 0.007598784194528876,
          "total_positives": 6580
        },
        {
          "k": 100,
          "precision": 0.97,
          "recall": 0.014741641337386018,
          "total_positives": 6580
        }
      ],
      "priority_1": [
        {
          "k": 10,
          "precision": 0.9,
          "recall": 0.0020524515393386543,
          "total_positives": 4385
        },
        {
          "k": 25,
          "precision": 0.96,
          "recall": 0.005473204104903079,
          "total_positives": 4385
        },
        {
          "k": 50,
          "precision": 0.98,
          "recall": 0.011174458380843785,
          "total_positives": 4385
        },
        {
          "k": 100,
          "precision": 0.89,
          "recall": 0.020296465222348917,
          "total_positives": 4385
        }
      ],
      "other": [
        {
          "k": 10,
          "precision": 0.9,
          "recall": 0.004100227790432802,
          "total_positives": 2195
        },
        {
          "k": 25,
          "precision": 0.96,
          "recall": 0.010933940774487472,
          "total_positives": 2195
        },
        {
          "k": 50,
          "precision": 0.98,
          "recall": 0.02232346241457859,
          "total_positives": 2195
        },
        {
          "k": 100,
          "precision": 0.97,
          "recall": 0.04419134396355353,
          "total_positives": 2195
        }
      ]
    },
    "4": {
      "rows_test": 14995,
      "overall": [
        {
          "k": 10,
          "precision": 0.8,
          "recall": 0.0009479796184382036,
          "total_positives": 8439
        },
        {
          "k": 25,
          "precision": 0.92,
          "recall": 0.0027254414030098355,
          "total_positives": 8439
        },
        {
          "k": 50,
          "precision": 0.96,
          "recall": 0.005687877710629221,
          "total_positives": 8439
        },
        {
          "k": 100,
          "precision": 0.97,
          "recall": 0.011494252873563218,
          "total_positives": 8439
        }
      ],
      "priority_1": [
        {
          "k": 10,
          "precision": 1.0,
          "recall": 0.0017415534656913968,
          "total_positives": 5742
        },
        {
          "k": 25,
          "precision": 1.0,
          "recall": 0.004353883664228492,
          "total_positives": 5742
        },
        {
          "k": 50,
          "precision": 1.0,
          "recall": 0.008707767328456984,
          "total_positives": 5742
        },
        {
          "k": 100,
          "precision": 0.99,
          "recall": 0.017241379310344827,
          "total_positives": 5742
        }
      ],
      "other": [
        {
          "k": 10,
          "precision": 0.9,
          "recall": 0.0033370411568409346,
          "total_positives": 2697
        },
        {
          "k": 25,
          "precision": 0.96,