{
  "within_event_time": {
    "1": {
      "rows_train": 26222,
      "rows_test": 7530,
      "auc": 0.6529288856777544,
      "brier": 0.3001769538543436,
      "pr_auc": 0.53786716394289,
      "event_count": 1,
      "train_ratio": 0.8128960119269475,
      "pos_rate_train": 0.3089390588055831,
      "class_strategy": "none"
    },
    "2": {
      "rows_train": 26222,
      "rows_test": 7530,
      "auc": 0.6465011823633919,
      "brier": 0.23527512734963876,
      "pr_auc": 0.6771650376566165,
      "event_count": 1,
      "train_ratio": 0.8128960119269475,
      "pos_rate_train": 0.4216306917855236,
      "class_strategy": "none"
    },
    "4": {
      "rows_train": 26222,
      "rows_test": 7530,
      "auc": 0.633280052589511,
      "brier": 0.27829345407395767,
      "pr_auc": 0.7582131006160692,
      "event_count": 1,
      "train_ratio": 0.8128960119269475,
      "pos_rate_train": 0.5232247730912973,
      "class_strategy": "none"
    },
    "8": {
      "rows_train": 26222,
      "rows_test": 7530,
      "auc": 0.5991101853804212,
      "brier": 0.27248238326976987,
      "pr_auc": 0.7665460285317078,
      "event_count": 1,
      "train_ratio": 0.8128960119269475,
      "pos_rate_train": 0.6080771870948058,
      "class_strategy": "none"
    }
  },
  "groupkfold_event": {
    "1": {
      "rows_train": 40245,
      "rows_test": 0,
      "auc": null,
      "brier": null,
      "pr_auc": null,
      "event_count": 1,
      "folds": 0,
      "note": "insufficient training data"
    },
    "2": {
      "rows_train": 40245,
      "rows_test": 0,
      "auc": null,
      "brier": null,
      "pr_auc": null,
      "event_count": 1,
      "folds": 0,
      "note": "insufficient training data"
    },
    "4": {
      "rows_train": 40245,
      "rows_test": 0,
      "auc": null,
      "brier": null,
      "pr_auc": null,
      "event_count": 1,
      "folds": 0,
      "note": "insufficient training data"
    },
    "8": {
      "rows_train": 40245,
      "rows_test": 0,
      "auc": null,
      "brier": null,
      "pr_auc": null,
      "event_count": 1,
      "folds": 0,
      "note": "insufficient training data"
    }
  },
  "calibration": {
    "1": {
      "rows": 6493,
      "brier": 0.19871906473818807,
      "ece": 1.4995619784325617e-17,
      "method": "isotonic"
    },
    "2": {
      "rows": 6493,
      "brier": 0.21738213560771044,
      "ece": 5.445102759770231e-17,
      "method": "isotonic"
    },
    "4": {
      "rows": 6493,
      "brier": 0.19303442099644688,
      "ece": 1.868895373348677e-17,
      "method": "isotonic"
    },
    "8": {
      "rows": 6493,
      "brier": 0.14148246424073124,
      "ece": 6.821553606564088e-17,
      "method": "isotonic"
    }
  },
  "ranking": {
    "1": {
      "rows_test": 7530,
      "overall": [
        {
          "k": 10,
          "precision": 0.9,
          "recall": 0.0029585798816568047,
          "total_positives": 3042
        },
        {
          "k": 25,
          "precision": 0.88,
          "recall": 0.007232084155161078,
          "total_positives": 3042
        },
        {
          "k": 50,
          "precision": 0.8,
          "recall": 0.013149243918474688,
          "total_positives": 3042
        },
        {
          "k": 100,
          "precision": 0.78,
          "recall": 0.02564102564102564,
          "total_positives": 3042
        }
      ],
      "priority_1": [
        {
          "k": 10,
          "precision": 1.0,
          "recall": 0.003918495297805642,
          "total_positives": 2552
        },
        {
          "k": 25,
          "precision": 0.84,
          "recall": 0.008228840125391849,
          "total_positives": 2552
        },
        {
          "k": 50,
          "precision": 0.7,
          "recall": 0.01371473354231975,
          "total_positives": 2552
        },
        {
          "k": 100,
          "precision": 0.66,
          "recall": 0.02586206896551724,
          "total_positives": 2552
        }
      ],
      "other": [
        {
          "k": 10,
          "precision": 0.9,
          "recall": 0.018367346938775512,
          "total_positives": 490
        },
        {
          "k": 25,
          "precision": 0.92,
          "recall": 0.04693877551020408,
          "total_positives": 490
        },
        {
          "k": 50,
          "precision": 0.88,
          "recall": 0.08979591836734693,
          "total_positives": 490
        },
        {
          "k": 100,
          "precision": 0.71,
          "recall": 0.14489795918367346,
          "total_positives": 490
        }
      ]
    },
    "2": {
      "rows_test": 7530,
      "overall": [
        {
          "k": 10,
          "precision": 1.0,
          "recall": 0.0024758603614756128,
          "total_positives": 4039
        },
        {
          "k": 25,
          "precision": 1.0,
          "recall": 0.006189650903689032,
          "total_positives": 4039
        },
        {
          "k": 50,
          "precision": 0.92,
          "recall": 0.01138895766278782,
          "total_positives": 4039
        },
        {
          "k": 100,
          "precision": 0.91,
          "recall": 0.022530329289428077,
          "total_positives": 4039
        }
      ],
      "priority_1": [
        {
          "k": 10,
          "precision": 1.0,
          "recall": 0.0029411764705882353,
          "total_positives": 3400
        },
        {
          "k": 25,
          "precision": 0.96,
          "recall": 0.007058823529411765,
          "total_positives": 3400
        },
        {
          "k": 50,
          "precision": 0.96,
          "recall": 0.01411764705882353,
          "total_positives": 3400
        },
        {
          "k": 100,
          "precision": 0.87,
          "recall": 0.025588235294117648,
          "total_positives": 3400
        }
      ],
      "other": [
        {
          "k": 10,
          "precision": 1.0,
          "recall": 0.01564945226917058,
          "total_positives": 639
        },
        {
          "k": 25,
          "precision": 0.96,
          "recall": 0.03755868544600939,
          "total_positives": 639
        },
        {
          "k": 50,
          "precision": 0.88,
          "recall": 0.06885758998435054,
          "total_positives": 639
        },
        {
          "k": 100,
          "precision": 0.77,
          "recall": 0.12050078247261346,
          "total_positives": 639
        }
      ]
    },
    "4": {
      "rows_test": 7530,
      "overall": [
        {
          "k": 10,
          "precision": 0.9,
          "recall": 0.0017685203379838867,
          "total_positives": 5089
        },
        {
          "k": 25,
          "precision": 0.84,
          "recall": 0.0041265474552957355,
          "total_positives": 5089
        },
        {
          "k": 50,
          "precision": 0.74,
          "recall": 0.0072705836117115345,
          "total_positives": 5089
        },
        {
          "k": 100,
          "precision": 0.78,
          "recall": 0.015327176262527019,
          "total_positives": 5089
        }
      ],
      "priority_1": [
        {
          "k": 10,
          "precision": 0.8,
          "recall": 0.0019106759016001911,
          "total_positives": 4187
        },
        {
          "k": 25,
          "precision": 0.84,
          "recall": 0.005015524241700501,
          "total_positives": 4187
        },
        {
          "k": 50,
          "precision": 0.88,
          "recall": 0.010508717458801052,
          "total_positives": 4187
        },
        {
          "k": 100,
          "precision": 0.86,
          "recall": 0.020539765942202054,
          "total_positives": 4187
        }
      ],
      "other": [
        {
          "k": 10,
          "precision": 0.9,
          "recall": 0.009977827050997782,
          "total_positives": 902
        },
        {
          "k": 25,
          "precision": 0.96,
          "recall": 0.026607538802660754,