{
  "within_event_time": {
    "1": {
      "rows_train": 19445,
      "rows_test": 6159,
      "auc": 0.6332067717964385,
      "brier": 0.19382326750208864,
      "pr_auc": 0.4205165134382424,
      "event_count": 1,
      "train_ratio": 0.7968868515648188,
      "pos_rate_train": 0.3129853432759064,
      "class_strategy": "none"
    },
    "2": {
      "rows_train": 19445,
      "rows_test": 6159,
      "auc": 0.6252678786757238,
      "brier": 0.21923621986975775,
      "pr_auc": 0.4762309514776707,
      "event_count": 1,
      "train_ratio": 0.7968868515648188,
      "pos_rate_train": 0.4323990743121625,
      "class_strategy": "none"
    },
    "4": {
      "rows_train": 19445,
      "rows_test": 6159,
      "auc": 0.6613078454102338,
      "brier": 0.22854163482130255,
      "pr_auc": 0.5602969369431642,
      "event_count": 1,
      "train_ratio": 0.7968868515648188,
      "pos_rate_train": 0.547647210079712,
      "class_strategy": "none"
    },
    "8": {
      "rows_train": 19445,
      "rows_test": 6159,
      "auc": 0.6400135723942382,
      "brier": 0.2442832873443161,
      "pr_auc": 0.5914230153264528,
      "event_count": 1,
      "train_ratio": 0.7968868515648188,
      "pos_rate_train": 0.6433016199537156,
      "class_strategy": "none"
    }
  },
  "groupkfold_event": {
    "1": {
      "rows_train": 30323,
      "rows_test": 0,
      "auc": null,
      "brier": null,
      "pr_auc": null,
      "event_count": 1,
      "folds": 0,
      "note": "insufficient training data"
    },
    "2": {
      "rows_train": 30323,
      "rows_test": 0,
      "auc": null,
      "brier": null,
      "pr_auc": null,
      "event_count": 1,
      "folds": 0,
      "note": "insufficient training data"
    },
    "4": {
      "rows_train": 30323,
      "rows_test": 0,
      "auc": null,
      "brier": null,
      "pr_auc": null,
      "event_count": 1,
      "folds": 0,
      "note": "insufficient training data"
    },
    "8": {
      "rows_train": 30323,
      "rows_test": 0,
      "auc": null,
      "brier": null,
      "pr_auc": null,
      "event_count": 1,
      "folds": 0,
      "note": "insufficient training data"
    }
  },
  "calibration": {
    "1": {
      "rows": 4719,
      "brier": 0.20685364386901348,
      "ece": 4.621223937529061e-17,
      "method": "isotonic"
    },
    "2": {
      "rows": 4719,
      "brier": 0.22963854108756895,
      "ece": 3.352548866477745e-17,
      "method": "isotonic"
    },
    "4": {
      "rows": 4719,
      "brier": 0.2264228011728231,
      "ece": 2.5980783299033017e-17,
      "method": "isotonic"
    },
    "8": {
      "rows": 4719,
      "brier": 0.21389903147723655,
      "ece": 2.4150115167995827e-17,
      "method": "isotonic"
    }
  },
  "ranking": {
    "1": {
      "rows_test": 6159,
      "overall": [
        {
          "k": 10,
          "precision": 0.9,
          "recall": 0.005122367672168469,
          "total_positives": 1757
        },
        {
          "k": 25,
          "precision": 0.96,
          "recall": 0.013659647125782584,
          "total_positives": 1757
        },
        {
          "k": 50,
          "precision": 0.84,
          "recall": 0.02390438247011952,
          "total_positives": 1757
        },
        {
          "k": 100,
          "precision": 0.73,
          "recall": 0.04154809334092203,
          "total_positives": 1757
        }
      ],
      "priority_1": [
        {
          "k": 10,
          "precision": 0.6,
          "recall": 0.0049261083743842365,
          "total_positives": 1218
        },
        {
          "k": 25,
          "precision": 0.68,
          "recall": 0.013957307060755337,
          "total_positives": 1218
        },
        {
          "k": 50,
          "precision": 0.66,
          "recall": 0.027093596059113302,
          "total_positives": 1218
        },
        {
          "k": 100,
          "precision": 0.64,
          "recall": 0.052545155993431854,
          "total_positives": 1218
        }
      ],
      "other": [
        {
          "k": 10,
          "precision": 1.0,
          "recall": 0.01855287569573284,
          "total_positives": 539
        },
        {
          "k": 25,
          "precision": 0.96,
          "recall": 0.04452690166975881,
          "total_positives": 539
        },
        {
          "k": 50,
          "precision": 0.84,
          "recall": 0.07792207792207792,
          "total_positives": 539
        },
        {
          "k": 100,
          "precision": 0.62,
          "recall": 0.1150278293135436,
          "total_positives": 539
        }
      ]
    },
    "2": {
      "rows_test": 6159,
      "overall": [
        {
          "k": 10,
          "precision": 0.8,
          "recall": 0.0036150022593764122,
          "total_positives": 2213
        },
        {
          "k": 25,
          "precision": 0.88,
          "recall": 0.009941256213285133,
          "total_positives": 2213
        },
        {
          "k": 50,
          "precision": 0.84,
          "recall": 0.018978761861726163,
          "total_positives": 2213
        },
        {
          "k": 100,
          "precision": 0.73,
          "recall": 0.03298689561680976,
          "total_positives": 2213
        }
      ],
      "priority_1": [
        {
          "k": 10,
          "precision": 0.6,
          "recall": 0.003780718336483932,
          "total_positives": 1587
        },
        {
          "k": 25,
          "precision": 0.56,
          "recall": 0.008821676118462508,
          "total_positives": 1587
        },
        {
          "k": 50,
          "precision": 0.66,
          "recall": 0.020793950850661626,
          "total_positives": 1587
        },
        {
          "k": 100,
          "precision": 0.58,
          "recall": 0.036546943919344675,
          "total_positives": 1587
        }
      ],
      "other": [
        {
          "k": 10,
          "precision": 0.8,
          "recall": 0.012779552715654952,
          "total_positives": 626
        },
        {
          "k": 25,
          "precision": 0.88,
          "recall": 0.03514376996805112,
          "total_positives": 626
        },
        {
          "k": 50,
          "precision": 0.84,
          "recall": 0.0670926517571885,
          "total_positives": 626
        },
        {
          "k": 100,
          "precision": 0.62,
          "recall": 0.09904153354632587,
          "total_positives": 626
        }
      ]
    },
    "4": {
      "rows_test": 6159,
      "overall": [
        {
          "k": 10,
          "precision": 0.8,
          "recall": 0.0031213421771361686,
          "total_positives": 2563
        },
        {
          "k": 25,
          "precision": 0.84,
          "recall": 0.008193523214982443,
          "total_positives": 2563
        },
        {
          "k": 50,
          "precision": 0.82,
          "recall": 0.015996878657822865,
          "total_positives": 2563
        },
        {
          "k": 100,
          "precision": 0.79,
          "recall": 0.030823253999219664,
          "total_positives": 2563
        }
      ],
      "priority_1": [
        {
          "k": 10,
          "precision": 0.7,
          "recall": 0.003735325506937033,
          "total_positives": 1874
        },
        {
          "k": 25,
          "precision": 0.76,
          "recall": 0.010138740661686232,
          "total_positives": 1874
        },
        {
          "k": 50,
          "precision": 0.74,
          "recall": 0.019743863393810034,
          "total_positives": 1874
        },
        {
          "k": 100,
          "precision": 0.7,
          "recall": 0.03735325506937033,
          "total_positives": 1874
        }
      ],
      "other": [
        {
          "k": 10,
          "precision": 0.9,
          "recall": 0.013062409288824383,
          "total_positives": 689
        },
        {
          "k": 25,
          "precision": 0.88,
          "recall": 0.03193033381712627,