{
  "within_event_time": {
    "1": {
      "rows_train": 20008,
      "rows_test": 6240,
      "auc": 0.6709268796816839,
      "brier": 0.189417285911956,
      "pr_auc": 0.454569096095492,
      "event_count": 1,
      "train_ratio": 0.800454094848262,
      "pos_rate_train": 0.3119752099160336,
      "class_strategy": "none"
    },
    "2": {
      "rows_train": 20008,
      "rows_test": 6240,
      "auc": 0.6603502761259167,
      "brier": 0.22188529836109086,
      "pr_auc": 0.5138352103928024,
      "event_count": 1,
      "train_ratio": 0.800454094848262,
      "pos_rate_train": 0.43047780887644943,
      "class_strategy": "none"
    },
    "4": {
      "rows_train": 20008,
      "rows_test": 6240,
      "auc": 0.6687913506618847,
      "brier": 0.2265076740912137,
      "pr_auc": 0.6208860480396596,
      "event_count": 1,
      "train_ratio": 0.800454094848262,
      "pos_rate_train": 0.5445821671331468,
      "class_strategy": "none"
    },
    "8": {
      "rows_train": 20008,
      "rows_test": 6240,
      "auc": 0.6311387675872022,
      "brier": 0.23840234169229127,
      "pr_auc": 0.633985766220318,
      "event_count": 1,
      "train_ratio": 0.800454094848262,
      "pos_rate_train": 0.6389944022391043,
      "class_strategy": "none"
    }
  },
  "groupkfold_event": {
    "1": {
      "rows_train": 31271,
      "rows_test": 0,
      "auc": null,
      "brier": null,
      "pr_auc": null,
      "event_count": 1,
      "folds": 0,
      "note": "insufficient training data"
    },
    "2": {
      "rows_train": 31271,
      "rows_test": 0,
      "auc": null,
      "brier": null,
      "pr_auc": null,
      "event_count": 1,
      "folds": 0,
      "note": "insufficient training data"
    },
    "4": {
      "rows_train": 31271,
      "rows_test": 0,
      "auc": null,
      "brier": null,
      "pr_auc": null,
      "event_count": 1,
      "folds": 0,
      "note": "insufficient training data"
    },
    "8": {
      "rows_train": 31271,
      "rows_test": 0,
      "auc": null,
      "brier": null,
      "pr_auc": null,
      "event_count": 1,
      "folds": 0,
      "note": "insufficient training data"
    }
  },
  "calibration": {
    "1": {
      "rows": 5023,
      "brier": 0.19997014941744326,
      "ece": 9.50419869776662e-19,
      "method": "isotonic"
    },
    "2": {
      "rows": 5023,
      "brier": 0.22281447269716598,
      "ece": 8.023311923928565e-18,
      "method": "isotonic"
    },
    "4": {
      "rows": 5023,
      "brier": 0.22353732520172886,
      "ece": 1.8406096431546868e-17,
      "method": "isotonic"
    },
    "8": {
      "rows": 5023,
      "brier": 0.2141320815966278,
      "ece": 6.269455722375586e-17,
      "method": "isotonic"
    }
  },
  "ranking": {
    "1": {
      "rows_test": 6240,
      "overall": [
        {
          "k": 10,
          "precision": 1.0,
          "recall": 0.00552791597567717,
          "total_positives": 1809
        },
        {
          "k": 25,
          "precision": 0.96,
          "recall": 0.013266998341625208,
          "total_positives": 1809
        },
        {
          "k": 50,
          "precision": 0.82,
          "recall": 0.022664455500276397,
          "total_positives": 1809
        },
        {
          "k": 100,
          "precision": 0.73,
          "recall": 0.040353786622443336,
          "total_positives": 1809
        }
      ],
      "priority_1": [
        {
          "k": 10,
          "precision": 0.6,
          "recall": 0.004514672686230248,
          "total_positives": 1329
        },
        {
          "k": 25,
          "precision": 0.6,
          "recall": 0.011286681715575621,
          "total_positives": 1329
        },
        {
          "k": 50,
          "precision": 0.72,
          "recall": 0.02708803611738149,
          "total_positives": 1329
        },
        {
          "k": 100,
          "precision": 0.63,
          "recall": 0.04740406320541761,
          "total_positives": 1329
        }
      ],
      "other": [
        {
          "k": 10,
          "precision": 1.0,
          "recall": 0.020833333333333332,
          "total_positives": 480
        },
        {
          "k": 25,
          "precision": 1.0,
          "recall": 0.052083333333333336,
          "total_positives": 480
        },
        {
          "k": 50,
          "precision": 0.76,
          "recall": 0.07916666666666666,
          "total_positives": 480
        },
        {
          "k": 100,
          "precision": 0.62,
          "recall": 0.12916666666666668,
          "total_positives": 480
        }
      ]
    },
    "2": {
      "rows_test": 6240,
      "overall": [
        {
          "k": 10,
          "precision": 1.0,
          "recall": 0.0041928721174004195,
          "total_positives": 2385
        },
        {
          "k": 25,
          "precision": 0.88,
          "recall": 0.009224318658280923,
          "total_positives": 2385
        },
        {
          "k": 50,
          "precision": 0.82,
          "recall": 0.017190775681341718,
          "total_positives": 2385
        },
        {
          "k": 100,
          "precision": 0.73,
          "recall": 0.030607966457023062,
          "total_positives": 2385
        }
      ],
      "priority_1": [
        {
          "k": 10,
          "precision": 0.4,
          "recall": 0.002213613724405091,
          "total_positives": 1807
        },
        {
          "k": 25,
          "precision": 0.6,
          "recall": 0.008301051466519093,
          "total_positives": 1807
        },
        {
          "k": 50,
          "precision": 0.66,
          "recall": 0.018262313226342003,
          "total_positives": 1807
        },
        {
          "k": 100,
          "precision": 0.62,
          "recall": 0.03431101272827892,
          "total_positives": 1807
        }
      ],
      "other": [
        {
          "k": 10,
          "precision": 0.9,
          "recall": 0.015570934256055362,
          "total_positives": 578
        },
        {
          "k": 25,
          "precision": 0.92,
          "recall": 0.039792387543252594,
          "total_positives": 578
        },
        {
          "k": 50,
          "precision": 0.82,
          "recall": 0.07093425605536333,
          "total_positives": 578
        },
        {
          "k": 100,
          "precision": 0.58,
          "recall": 0.10034602076124567,
          "total_positives": 578
        }
      ]
    },
    "4": {
      "rows_test": 6240,
      "overall": [
        {
          "k": 10,
          "precision": 1.0,
          "recall": 0.003485535029627048,
          "total_positives": 2869
        },
        {
          "k": 25,
          "precision": 0.88,
          "recall": 0.007668177065179505,
          "total_positives": 2869
        },
        {
          "k": 50,
          "precision": 0.84,
          "recall": 0.0146392471244336,
          "total_positives": 2869
        },
        {
          "k": 100,
          "precision": 0.83,
          "recall": 0.028929940745904496,
          "total_positives": 2869
        }
      ],
      "priority_1": [
        {
          "k": 10,
          "precision": 0.8,
          "recall": 0.0036101083032490976,
          "total_positives": 2216
        },
        {
          "k": 25,
          "precision": 0.68,
          "recall": 0.007671480144404332,
          "total_positives": 2216
        },
        {
          "k": 50,
          "precision": 0.8,
          "recall": 0.018050541516245487,
          "total_positives": 2216
        },
        {
          "k": 100,
          "precision": 0.82,
          "recall": 0.03700361010830325,
          "total_positives": 2216
        }
      ],
      "other": [
        {
          "k": 10,
          "precision": 1.0,
          "recall": 0.015313935681470138,
          "total_positives": 653
        },
        {
          "k": 25,
          "precision": 0.88,
          "recall": 0.033690658499234305,