{
  "within_event_time": {
    "1": {
      "rows_train": 48319,
      "rows_test": 14973,
      "auc": 0.6671783446891711,
      "brier": 0.21317146988694213,
      "pr_auc": 0.509556734440659,
      "event_count": 1,
      "train_ratio": 0.8014217318072705,
      "pos_rate_train": 0.34528860282704527,
      "class_strategy": "none"
    },
    "2": {
      "rows_train": 48319,
      "rows_test": 14973,
      "auc": 0.6652432346432017,
      "brier": 0.23272807246720786,
      "pr_auc": 0.6146902097548604,
      "event_count": 1,
      "train_ratio": 0.8014217318072705,
      "pos_rate_train": 0.46867691798257416,
      "class_strategy": "none"
    },
    "4": {
      "rows_train": 48319,
      "rows_test": 14973,
      "auc": 0.66752362871189,
      "brier": 0.23137213453250777,
      "pr_auc": 0.7231905375192027,
      "event_count": 1,
      "train_ratio": 0.8014217318072705,
      "pos_rate_train": 0.5832074339286824,
      "class_strategy": "none"
    },
    "8": {
      "rows_train": 48319,
      "rows_test": 14973,
      "auc": 0.7049248642956447,
      "brier": 0.19521314500838644,
      "pr_auc": 0.8306019628096476,
      "event_count": 1,
      "train_ratio": 0.8014217318072705,
      "pos_rate_train": 0.6879695357933732,
      "class_strategy": "none"
    }
  },
  "groupkfold_event": {
    "1": {
      "rows_train": 75401,
      "rows_test": 0,
      "auc": null,
      "brier": null,
      "pr_auc": null,
      "event_count": 1,
      "folds": 0,
      "note": "insufficient training data"
    },
    "2": {
      "rows_train": 75401,
      "rows_test": 0,
      "auc": null,
      "brier": null,
      "pr_auc": null,
      "event_count": 1,
      "folds": 0,
      "note": "insufficient training data"
    },
    "4": {
      "rows_train": 75401,
      "rows_test": 0,
      "auc": null,
      "brier": null,
      "pr_auc": null,
      "event_count": 1,
      "folds": 0,
      "note": "insufficient training data"
    },
    "8": {
      "rows_train": 75401,
      "rows_test": 0,
      "auc": null,
      "brier": null,
      "pr_auc": null,
      "event_count": 1,
      "folds": 0,
      "note": "insufficient training data"
    }
  },
  "calibration": {
    "1": {
      "rows": 12109,
      "brier": 0.20808366369994488,
      "ece": 2.241946363006577e-17,
      "method": "isotonic"
    },
    "2": {
      "rows": 12109,
      "brier": 0.22237162704990773,
      "ece": 5.539654401507305e-17,
      "method": "isotonic"
    },
    "4": {
      "rows": 12109,
      "brier": 0.2098496653961121,
      "ece": 6.335486910694386e-18,
      "method": "isotonic"
    },
    "8": {
      "rows": 12109,
      "brier": 0.17407761187152465,
      "ece": 3.425380477330568e-17,
      "method": "isotonic"
    }
  },
  "ranking": {
    "1": {
      "rows_test": 14973,
      "overall": [
        {
          "k": 10,
          "precision": 1.0,
          "recall": 0.0019406171162429653,
          "total_positives": 5153
        },
        {
          "k": 25,
          "precision": 1.0,
          "recall": 0.004851542790607413,
          "total_positives": 5153
        },
        {
          "k": 50,
          "precision": 1.0,
          "recall": 0.009703085581214826,
          "total_positives": 5153
        },
        {
          "k": 100,
          "precision": 0.91,
          "recall": 0.017659615757810984,
          "total_positives": 5153
        }
      ],
      "priority_1": [
        {
          "k": 10,
          "precision": 0.7,
          "recall": 0.002012072434607646,
          "total_positives": 3479
        },
        {
          "k": 25,
          "precision": 0.76,
          "recall": 0.0054613394653636104,
          "total_positives": 3479
        },
        {
          "k": 50,
          "precision": 0.74,
          "recall": 0.010635240011497557,
          "total_positives": 3479
        },
        {
          "k": 100,
          "precision": 0.76,
          "recall": 0.021845357861454442,
          "total_positives": 3479
        }
      ],
      "other": [
        {
          "k": 10,
          "precision": 1.0,
          "recall": 0.005973715651135006,
          "total_positives": 1674
        },
        {
          "k": 25,
          "precision": 1.0,
          "recall": 0.014934289127837515,
          "total_positives": 1674
        },
        {
          "k": 50,
          "precision": 1.0,
          "recall": 0.02986857825567503,
          "total_positives": 1674
        },
        {
          "k": 100,
          "precision": 0.91,
          "recall": 0.05436081242532855,
          "total_positives": 1674
        }
      ]
    },
    "2": {
      "rows_test": 14973,
      "overall": [
        {
          "k": 10,
          "precision": 1.0,
          "recall": 0.00149678191887442,
          "total_positives": 6681
        },
        {
          "k": 25,
          "precision": 0.96,
          "recall": 0.003592276605298608,
          "total_positives": 6681
        },
        {
          "k": 50,
          "precision": 0.98,
          "recall": 0.007334231402484658,
          "total_positives": 6681
        },
        {
          "k": 100,
          "precision": 0.96,
          "recall": 0.014369106421194431,
          "total_positives": 6681
        }
      ],
      "priority_1": [
        {
          "k": 10,
          "precision": 1.0,
          "recall": 0.002188662727073758,
          "total_positives": 4569
        },
        {
          "k": 25,
          "precision": 0.96,
          "recall": 0.005252790544977019,
          "total_positives": 4569
        },
        {
          "k": 50,
          "precision": 0.94,
          "recall": 0.010286714817246662,
          "total_positives": 4569
        },
        {
          "k": 100,
          "precision": 0.92,
          "recall": 0.020135697089078572,
          "total_positives": 4569
        }
      ],
      "other": [
        {
          "k": 10,
          "precision": 1.0,
          "recall": 0.004734848484848485,
          "total_positives": 2112
        },
        {
          "k": 25,
          "precision": 1.0,
          "recall": 0.011837121212121212,
          "total_positives": 2112
        },
        {
          "k": 50,
          "precision": 1.0,
          "recall": 0.023674242424242424,
          "total_positives": 2112
        },
        {
          "k": 100,
          "precision": 0.97,
          "recall": 0.045928030303030304,
          "total_positives": 2112
        }
      ]
    },
    "4": {
      "rows_test": 14973,
      "overall": [
        {
          "k": 10,
          "precision": 0.9,
          "recall": 0.0010564620260593966,
          "total_positives": 8519
        },
        {
          "k": 25,
          "precision": 0.96,
          "recall": 0.0028172320694917243,
          "total_positives": 8519
        },
        {
          "k": 50,
          "precision": 0.96,
          "recall": 0.0056344641389834485,
          "total_positives": 8519
        },
        {
          "k": 100,
          "precision": 0.97,
          "recall": 0.011386312947529053,
          "total_positives": 8519
        }
      ],
      "priority_1": [
        {
          "k": 10,
          "precision": 0.9,
          "recall": 0.0015207840486650896,
          "total_positives": 5918
        },
        {
          "k": 25,
          "precision": 0.92,
          "recall": 0.00388644812436634,
          "total_positives": 5918
        },
        {
          "k": 50,
          "precision": 0.92,
          "recall": 0.00777289624873268,
          "total_positives": 5918
        },
        {
          "k": 100,
          "precision": 0.96,
          "recall": 0.01622169651909429,
          "total_positives": 5918
        }
      ],
      "other": [
        {
          "k": 10,
          "precision": 1.0,
          "recall": 0.0038446751249519417,
          "total_positives": 2601
        },
        {
          "k": 25,
          "precision": 1.0,