{
  "within_event_time": {
    "1": {
      "rows_train": 20963,
      "rows_test": 6493,
      "auc": 0.7075992669136321,
      "brier": 0.18396818863947562,
      "pr_auc": 0.5003973584180309,
      "event_count": 1,
      "train_ratio": 0.8014373088685015,
      "pos_rate_train": 0.3127892000190812,
      "class_strategy": "none"
    },
    "2": {
      "rows_train": 20963,
      "rows_test": 6493,
      "auc": 0.6709998444920955,
      "brier": 0.2155866755671509,
      "pr_auc": 0.5320130477171884,
      "event_count": 1,
      "train_ratio": 0.8014373088685015,
      "pos_rate_train": 0.4282783952678529,
      "class_strategy": "none"
    },
    "4": {
      "rows_train": 20963,
      "rows_test": 6493,
      "auc": 0.6590509689695927,
      "brier": 0.23070084173631966,
      "pr_auc": 0.592072109396539,
      "event_count": 1,
      "train_ratio": 0.8014373088685015,
      "pos_rate_train": 0.5397605304584268,
      "class_strategy": "none"
    },
    "8": {
      "rows_train": 20963,
      "rows_test": 6493,
      "auc": 0.6076851378763124,
      "brier": 0.24595435027090623,
      "pr_auc": 0.648868706837533,
      "event_count": 1,
      "train_ratio": 0.8014373088685015,
      "pos_rate_train": 0.6328769737155941,
      "class_strategy": "none"
    }
  },
  "groupkfold_event": {
    "1": {
      "rows_train": 32700,
      "rows_test": 0,
      "auc": null,
      "brier": null,
      "pr_auc": null,
      "event_count": 1,
      "folds": 0,
      "note": "insufficient training data"
    },
    "2": {
      "rows_train": 32700,
      "rows_test": 0,
      "auc": null,
      "brier": null,
      "pr_auc": null,
      "event_count": 1,
      "folds": 0,
      "note": "insufficient training data"
    },
    "4": {
      "rows_train": 32700,
      "rows_test": 0,
      "auc": null,
      "brier": null,
      "pr_auc": null,
      "event_count": 1,
      "folds": 0,
      "note": "insufficient training data"
    },
    "8": {
      "rows_train": 32700,
      "rows_test": 0,
      "auc": null,
      "brier": null,
      "pr_auc": null,
      "event_count": 1,
      "folds": 0,
      "note": "insufficient training data"
    }
  },
  "calibration": {
    "1": {
      "rows": 5244,
      "brier": 0.19365696311245273,
      "ece": 5.028316308969843e-17,
      "method": "isotonic"
    },
    "2": {
      "rows": 5244,
      "brier": 0.21715461934838734,
      "ece": 1.2533410194090249e-17,
      "method": "isotonic"
    },
    "4": {
      "rows": 5244,
      "brier": 0.2208659516461475,
      "ece": 5.1128691923526945e-17,
      "method": "isotonic"
    },
    "8": {
      "rows": 5244,
      "brier": 0.2139481195650133,
      "ece": 9.315372441553564e-19,
      "method": "isotonic"
    }
  },
  "ranking": {
    "1": {
      "rows_test": 6493,
      "overall": [
        {
          "k": 10,
          "precision": 0.9,
          "recall": 0.0048025613660619,
          "total_positives": 1874
        },
        {
          "k": 25,
          "precision": 0.92,
          "recall": 0.012273212379935965,
          "total_positives": 1874
        },
        {
          "k": 50,
          "precision": 0.9,
          "recall": 0.0240128068303095,
          "total_positives": 1874
        },
        {
          "k": 100,
          "precision": 0.86,
          "recall": 0.04589114194236926,
          "total_positives": 1874
        }
      ],
      "priority_1": [
        {
          "k": 10,
          "precision": 0.8,
          "recall": 0.005544005544005544,
          "total_positives": 1443
        },
        {
          "k": 25,
          "precision": 0.8,
          "recall": 0.01386001386001386,
          "total_positives": 1443
        },
        {
          "k": 50,
          "precision": 0.86,
          "recall": 0.0297990297990298,
          "total_positives": 1443
        },
        {
          "k": 100,
          "precision": 0.82,
          "recall": 0.05682605682605683,
          "total_positives": 1443
        }
      ],
      "other": [
        {
          "k": 10,
          "precision": 1.0,
          "recall": 0.02320185614849188,
          "total_positives": 431
        },
        {
          "k": 25,
          "precision": 0.96,
          "recall": 0.05568445475638051,
          "total_positives": 431
        },
        {
          "k": 50,
          "precision": 0.72,
          "recall": 0.08352668213457076,
          "total_positives": 431
        },
        {
          "k": 100,
          "precision": 0.55,
          "recall": 0.12761020881670534,
          "total_positives": 431
        }
      ]
    },
    "2": {
      "rows_test": 6493,
      "overall": [
        {
          "k": 10,
          "precision": 1.0,
          "recall": 0.004177109440267335,
          "total_positives": 2394
        },
        {
          "k": 25,
          "precision": 0.88,
          "recall": 0.009189640768588136,
          "total_positives": 2394
        },
        {
          "k": 50,
          "precision": 0.88,
          "recall": 0.018379281537176273,
          "total_positives": 2394
        },
        {
          "k": 100,
          "precision": 0.89,
          "recall": 0.03717627401837928,
          "total_positives": 2394
        }
      ],
      "priority_1": [
        {
          "k": 10,
          "precision": 0.7,
          "recall": 0.003745318352059925,
          "total_positives": 1869
        },
        {
          "k": 25,
          "precision": 0.84,
          "recall": 0.011235955056179775,
          "total_positives": 1869
        },
        {
          "k": 50,
          "precision": 0.9,
          "recall": 0.024077046548956663,
          "total_positives": 1869
        },
        {
          "k": 100,
          "precision": 0.84,
          "recall": 0.0449438202247191,
          "total_positives": 1869
        }
      ],
      "other": [
        {
          "k": 10,
          "precision": 1.0,
          "recall": 0.01904761904761905,
          "total_positives": 525
        },
        {
          "k": 25,
          "precision": 0.96,
          "recall": 0.045714285714285714,
          "total_positives": 525
        },
        {
          "k": 50,
          "precision": 0.76,
          "recall": 0.07238095238095238,
          "total_positives": 525
        },
        {
          "k": 100,
          "precision": 0.59,
          "recall": 0.11238095238095239,
          "total_positives": 525
        }
      ]
    },
    "4": {
      "rows_test": 6493,
      "overall": [
        {
          "k": 10,
          "precision": 0.8,
          "recall": 0.0027595722662987236,
          "total_positives": 2899
        },
        {
          "k": 25,
          "precision": 0.8,
          "recall": 0.006898930665746809,
          "total_positives": 2899
        },
        {
          "k": 50,
          "precision": 0.86,
          "recall": 0.01483270093135564,
          "total_positives": 2899
        },
        {
          "k": 100,
          "precision": 0.87,
          "recall": 0.03001034839599862,
          "total_positives": 2899
        }
      ],
      "priority_1": [
        {
          "k": 10,
          "precision": 0.5,
          "recall": 0.002172024326672459,
          "total_positives": 2302
        },
        {
          "k": 25,
          "precision": 0.76,
          "recall": 0.008253692441355343,
          "total_positives": 2302
        },
        {
          "k": 50,
          "precision": 0.84,
          "recall": 0.018245004344048653,
          "total_positives": 2302
        },
        {
          "k": 100,
          "precision": 0.8,
          "recall": 0.03475238922675934,
          "total_positives": 2302
        }
      ],
      "other": [
        {
          "k": 10,
          "precision": 0.9,
          "recall": 0.01507537688442211,
          "total_positives": 597
        },
        {
          "k": 25,
          "precision": 0.92,
          "recall": 0.038525963149078725,