{
  "within_event_time": {
    "1": {
      "rows_train": 36185,
      "rows_test": 11688,
      "auc": 0.670197099223108,
      "brier": 0.21981115901658077,
      "pr_auc": 0.5558656556921783,
      "event_count": 1,
      "train_ratio": 0.79679757993011,
      "pos_rate_train": 0.3282299295288103,
      "class_strategy": "none"
    },
    "2": {
      "rows_train": 36185,
      "rows_test": 11688,
      "auc": 0.6721203659492597,
      "brier": 0.2347877856482805,
      "pr_auc": 0.6651929834939408,
      "event_count": 1,
      "train_ratio": 0.79679757993011,
      "pos_rate_train": 0.4473124222744231,
      "class_strategy": "none"
    },
    "4": {
      "rows_train": 36185,
      "rows_test": 11688,
      "auc": 0.7076555352903712,
      "brier": 0.21325698749155575,
      "pr_auc": 0.769736833603198,
      "event_count": 1,
      "train_ratio": 0.79679757993011,
      "pos_rate_train": 0.5593754318087605,
      "class_strategy": "none"
    },
    "8": {
      "rows_train": 36185,
      "rows_test": 11688,
      "auc": 0.7300143442154511,
      "brier": 0.19686219226194107,
      "pr_auc": 0.8467678183596565,
      "event_count": 1,
      "train_ratio": 0.79679757993011,
      "pos_rate_train": 0.6608815807655106,
      "class_strategy": "none"
    }
  },
  "groupkfold_event": {
    "1": {
      "rows_train": 57519,
      "rows_test": 0,
      "auc": null,
      "brier": null,
      "pr_auc": null,
      "event_count": 1,
      "folds": 0,
      "note": "insufficient training data"
    },
    "2": {
      "rows_train": 57519,
      "rows_test": 0,
      "auc": null,
      "brier": null,
      "pr_auc": null,
      "event_count": 1,
      "folds": 0,
      "note": "insufficient training data"
    },
    "4": {
      "rows_train": 57519,
      "rows_test": 0,
      "auc": null,
      "brier": null,
      "pr_auc": null,
      "event_count": 1,
      "folds": 0,
      "note": "insufficient training data"
    },
    "8": {
      "rows_train": 57519,
      "rows_test": 0,
      "auc": null,
      "brier": null,
      "pr_auc": null,
      "event_count": 1,
      "folds": 0,
      "note": "insufficient training data"
    }
  },
  "calibration": {
    "1": {
      "rows": 9646,
      "brier": 0.2233808347895334,
      "ece": 2.999420694767943e-17,
      "method": "isotonic"
    },
    "2": {
      "rows": 9646,
      "brier": 0.21506863327370868,
      "ece": 1.4743890675355853e-17,
      "method": "isotonic"
    },
    "4": {
      "rows": 9646,
      "brier": 0.18327140537074868,
      "ece": 3.993856412450024e-18,
      "method": "isotonic"
    },
    "8": {
      "rows": 9646,
      "brier": 0.13787111275401961,
      "ece": 1.6873180117151974e-17,
      "method": "isotonic"
    }
  },
  "ranking": {
    "1": {
      "rows_test": 11688,
      "overall": [
        {
          "k": 10,
          "precision": 1.0,
          "recall": 0.0022371364653243847,
          "total_positives": 4470
        },
        {
          "k": 25,
          "precision": 1.0,
          "recall": 0.005592841163310962,
          "total_positives": 4470
        },
        {
          "k": 50,
          "precision": 0.96,
          "recall": 0.010738255033557046,
          "total_positives": 4470
        },
        {
          "k": 100,
          "precision": 0.92,
          "recall": 0.02058165548098434,
          "total_positives": 4470
        }
      ],
      "priority_1": [
        {
          "k": 10,
          "precision": 0.9,
          "recall": 0.0029752066115702478,
          "total_positives": 3025
        },
        {
          "k": 25,
          "precision": 0.72,
          "recall": 0.0059504132231404955,
          "total_positives": 3025
        },
        {
          "k": 50,
          "precision": 0.82,
          "recall": 0.013553719008264463,
          "total_positives": 3025
        },
        {
          "k": 100,
          "precision": 0.78,
          "recall": 0.025785123966942148,
          "total_positives": 3025
        }
      ],
      "other": [
        {
          "k": 10,
          "precision": 1.0,
          "recall": 0.006920415224913495,
          "total_positives": 1445
        },
        {
          "k": 25,
          "precision": 0.96,
          "recall": 0.01660899653979239,
          "total_positives": 1445
        },
        {
          "k": 50,
          "precision": 0.94,
          "recall": 0.032525951557093424,
          "total_positives": 1445
        },
        {
          "k": 100,
          "precision": 0.95,
          "recall": 0.0657439446366782,
          "total_positives": 1445
        }
      ]
    },
    "2": {
      "rows_test": 11688,
      "overall": [
        {
          "k": 10,
          "precision": 1.0,
          "recall": 0.0017349063150589867,
          "total_positives": 5764
        },
        {
          "k": 25,
          "precision": 1.0,
          "recall": 0.004337265787647467,
          "total_positives": 5764
        },
        {
          "k": 50,
          "precision": 0.94,
          "recall": 0.008154059680777238,
          "total_positives": 5764
        },
        {
          "k": 100,
          "precision": 0.94,
          "recall": 0.016308119361554477,
          "total_positives": 5764
        }
      ],
      "priority_1": [
        {
          "k": 10,
          "precision": 1.0,
          "recall": 0.0025157232704402514,
          "total_positives": 3975
        },
        {
          "k": 25,
          "precision": 0.84,
          "recall": 0.005283018867924529,
          "total_positives": 3975
        },
        {
          "k": 50,
          "precision": 0.88,
          "recall": 0.011069182389937107,
          "total_positives": 3975
        },
        {
          "k": 100,
          "precision": 0.89,
          "recall": 0.02238993710691824,
          "total_positives": 3975
        }
      ],
      "other": [
        {
          "k": 10,
          "precision": 1.0,
          "recall": 0.005589714924538848,
          "total_positives": 1789
        },
        {
          "k": 25,
          "precision": 1.0,
          "recall": 0.013974287311347122,
          "total_positives": 1789
        },
        {
          "k": 50,
          "precision": 1.0,
          "recall": 0.027948574622694244,
          "total_positives": 1789
        },
        {
          "k": 100,
          "precision": 0.98,
          "recall": 0.05477920626048072,
          "total_positives": 1789
        }
      ]
    },
    "4": {
      "rows_test": 11688,
      "overall": [
        {
          "k": 10,
          "precision": 0.9,
          "recall": 0.0013157894736842105,
          "total_positives": 6840
        },
        {
          "k": 25,
          "precision": 0.92,
          "recall": 0.0033625730994152046,
          "total_positives": 6840
        },
        {
          "k": 50,
          "precision": 0.88,
          "recall": 0.006432748538011696,
          "total_positives": 6840
        },
        {
          "k": 100,
          "precision": 0.93,
          "recall": 0.013596491228070176,
          "total_positives": 6840
        }
      ],
      "priority_1": [
        {
          "k": 10,
          "precision": 0.9,
          "recall": 0.001880091915604763,
          "total_positives": 4787
        },
        {
          "k": 25,
          "precision": 0.76,
          "recall": 0.003969082932943388,
          "total_positives": 4787
        },
        {
          "k": 50,
          "precision": 0.86,
          "recall": 0.008982661374556089,
          "total_positives": 4787
        },
        {
          "k": 100,
          "precision": 0.92,
          "recall": 0.019218717359515355,
          "total_positives": 4787
        }
      ],
      "other": [
        {
          "k": 10,
          "precision": 1.0,
          "recall": 0.004870920603994155,
          "total_positives": 2053
        },
        {
          "k": 25,
          "precision": 1.0,
          "recall": 0.012177301509985387,