{
  "within_event_time": {
    "1": {
      "rows_train": 36180,
      "rows_test": 11305,
      "auc": 0.6965827732887045,
      "brier": 0.21028510639397702,
      "pr_auc": 0.5680508067502608,
      "event_count": 1,
      "train_ratio": 0.8010383667722633,
      "pos_rate_train": 0.3282752902155887,
      "class_strategy": "none"
    },
    "2": {
      "rows_train": 36180,
      "rows_test": 11305,
      "auc": 0.670845039935333,
      "brier": 0.22847809735971483,
      "pr_auc": 0.6553791573515377,
      "event_count": 1,
      "train_ratio": 0.8010383667722633,
      "pos_rate_train": 0.44737423991155334,
      "class_strategy": "none"
    },
    "4": {
      "rows_train": 36180,
      "rows_test": 11305,
      "auc": 0.7104146687504765,
      "brier": 0.21325167052476668,
      "pr_auc": 0.7651734347495389,
      "event_count": 1,
      "train_ratio": 0.8010383667722633,
      "pos_rate_train": 0.559452736318408,
      "class_strategy": "none"
    },
    "8": {
      "rows_train": 36180,
      "rows_test": 11305,
      "auc": 0.7255899774467071,
      "brier": 0.2009998222548182,
      "pr_auc": 0.8383614325294462,
      "event_count": 1,
      "train_ratio": 0.8010383667722633,
      "pos_rate_train": 0.6609729132117191,
      "class_strategy": "none"
    }
  },
  "groupkfold_event": {
    "1": {
      "rows_train": 56820,
      "rows_test": 0,
      "auc": null,
      "brier": null,
      "pr_auc": null,
      "event_count": 1,
      "folds": 0,
      "note": "insufficient training data"
    },
    "2": {
      "rows_train": 56820,
      "rows_test": 0,
      "auc": null,
      "brier": null,
      "pr_auc": null,
      "event_count": 1,
      "folds": 0,
      "note": "insufficient training data"
    },
    "4": {
      "rows_train": 56820,
      "rows_test": 0,
      "auc": null,
      "brier": null,
      "pr_auc": null,
      "event_count": 1,
      "folds": 0,
      "note": "insufficient training data"
    },
    "8": {
      "rows_train": 56820,
      "rows_test": 0,
      "auc": null,
      "brier": null,
      "pr_auc": null,
      "event_count": 1,
      "folds": 0,
      "note": "insufficient training data"
    }
  },
  "calibration": {
    "1": {
      "rows": 9335,
      "brier": 0.2228541980500273,
      "ece": 1.4774231947944304e-17,
      "method": "isotonic"
    },
    "2": {
      "rows": 9335,
      "brier": 0.22003785073833945,
      "ece": 1.4253907820174078e-17,
      "method": "isotonic"
    },
    "4": {
      "rows": 9335,
      "brier": 0.17981264049026344,
      "ece": 5.8031006650030774e-18,
      "method": "isotonic"
    },
    "8": {
      "rows": 9335,
      "brier": 0.13672664541209661,
      "ece": 9.105077579832932e-17,
      "method": "isotonic"
    }
  },
  "ranking": {
    "1": {
      "rows_test": 11305,
      "overall": [
        {
          "k": 10,
          "precision": 1.0,
          "recall": 0.0023430178069353325,
          "total_positives": 4268
        },
        {
          "k": 25,
          "precision": 1.0,
          "recall": 0.005857544517338332,
          "total_positives": 4268
        },
        {
          "k": 50,
          "precision": 0.96,
          "recall": 0.011246485473289597,
          "total_positives": 4268
        },
        {
          "k": 100,
          "precision": 0.95,
          "recall": 0.02225866916588566,
          "total_positives": 4268
        }
      ],
      "priority_1": [
        {
          "k": 10,
          "precision": 0.9,
          "recall": 0.0030885380919698007,
          "total_positives": 2914
        },
        {
          "k": 25,
          "precision": 0.84,
          "recall": 0.007206588881262869,
          "total_positives": 2914
        },
        {
          "k": 50,
          "precision": 0.86,
          "recall": 0.014756348661633494,
          "total_positives": 2914
        },
        {
          "k": 100,
          "precision": 0.86,
          "recall": 0.029512697323266987,
          "total_positives": 2914
        }
      ],
      "other": [
        {
          "k": 10,
          "precision": 0.9,
          "recall": 0.0066469719350073855,
          "total_positives": 1354
        },
        {
          "k": 25,
          "precision": 0.96,
          "recall": 0.01772525849335303,
          "total_positives": 1354
        },
        {
          "k": 50,
          "precision": 0.96,
          "recall": 0.03545051698670606,
          "total_positives": 1354
        },
        {
          "k": 100,
          "precision": 0.89,
          "recall": 0.06573116691285082,
          "total_positives": 1354
        }
      ]
    },
    "2": {
      "rows_test": 11305,
      "overall": [
        {
          "k": 10,
          "precision": 1.0,
          "recall": 0.0018129079042784628,
          "total_positives": 5516
        },
        {
          "k": 25,
          "precision": 0.96,
          "recall": 0.00435097897026831,
          "total_positives": 5516
        },
        {
          "k": 50,
          "precision": 0.96,
          "recall": 0.00870195794053662,
          "total_positives": 5516
        },
        {
          "k": 100,
          "precision": 0.96,
          "recall": 0.01740391588107324,
          "total_positives": 5516
        }
      ],
      "priority_1": [
        {
          "k": 10,
          "precision": 0.9,
          "recall": 0.00233523611831863,
          "total_positives": 3854
        },
        {
          "k": 25,
          "precision": 0.88,
          "recall": 0.005708354955889984,
          "total_positives": 3854
        },
        {
          "k": 50,
          "precision": 0.88,
          "recall": 0.011416709911779968,
          "total_positives": 3854
        },
        {
          "k": 100,
          "precision": 0.88,
          "recall": 0.022833419823559936,
          "total_positives": 3854
        }
      ],
      "other": [
        {
          "k": 10,
          "precision": 1.0,
          "recall": 0.006016847172081829,
          "total_positives": 1662
        },
        {
          "k": 25,
          "precision": 1.0,
          "recall": 0.015042117930204572,
          "total_positives": 1662
        },
        {
          "k": 50,
          "precision": 0.98,
          "recall": 0.029482551143200964,
          "total_positives": 1662
        },
        {
          "k": 100,
          "precision": 0.97,
          "recall": 0.05836341756919374,
          "total_positives": 1662
        }
      ]
    },
    "4": {
      "rows_test": 11305,
      "overall": [
        {
          "k": 10,
          "precision": 1.0,
          "recall": 0.0015234613040828763,
          "total_positives": 6564
        },
        {
          "k": 25,
          "precision": 0.96,
          "recall": 0.003656307129798903,
          "total_positives": 6564
        },
        {
          "k": 50,
          "precision": 0.98,
          "recall": 0.007464960390006094,
          "total_positives": 6564
        },
        {
          "k": 100,
          "precision": 0.97,
          "recall": 0.0147775746496039,
          "total_positives": 6564
        }
      ],
      "priority_1": [
        {
          "k": 10,
          "precision": 0.9,
          "recall": 0.0019359001935900194,
          "total_positives": 4649
        },
        {
          "k": 25,
          "precision": 0.96,
          "recall": 0.005162400516240052,
          "total_positives": 4649
        },
        {
          "k": 50,
          "precision": 0.96,
          "recall": 0.010324801032480103,
          "total_positives": 4649
        },
        {
          "k": 100,
          "precision": 0.94,
          "recall": 0.0202194020219402,
          "total_positives": 4649
        }
      ],
      "other": [
        {
          "k": 10,
          "precision": 1.0,
          "recall": 0.005221932114882507,
          "total_positives": 1915
        },
        {
          "k": 25,
          "precision": 1.0,
          "recall": 0.013054830287206266,