{
  "within_event_time": {
    "1": {
      "rows_train": 46496,
      "rows_test": 14889,
      "auc": 0.6742020762569694,
      "brier": 0.2074655239398383,
      "pr_auc": 0.5123265728295573,
      "event_count": 1,
      "train_ratio": 0.7953008139023318,
      "pos_rate_train": 0.3495784583620096,
      "class_strategy": "none"
    },
    "2": {
      "rows_train": 46496,
      "rows_test": 14889,
      "auc": 0.6745514145926446,
      "brier": 0.2274895684140946,
      "pr_auc": 0.6163798894295197,
      "event_count": 1,
      "train_ratio": 0.7953008139023318,
      "pos_rate_train": 0.4699974191328286,
      "class_strategy": "none"
    },
    "4": {
      "rows_train": 46496,
      "rows_test": 14889,
      "auc": 0.7015250981822589,
      "brier": 0.21731465757940469,
      "pr_auc": 0.7494439251437639,
      "event_count": 1,
      "train_ratio": 0.7953008139023318,
      "pos_rate_train": 0.5835555746730902,
      "class_strategy": "none"
    },
    "8": {
      "rows_train": 46496,
      "rows_test": 14889,
      "auc": 0.7271874438498924,
      "brier": 0.19354026891438258,
      "pr_auc": 0.8334127887099458,
      "event_count": 1,
      "train_ratio": 0.7953008139023318,
      "pos_rate_train": 0.685069683413627,
      "class_strategy": "none"
    }
  },
  "groupkfold_event": {
    "1": {
      "rows_train": 72736,
      "rows_test": 0,
      "auc": null,
      "brier": null,
      "pr_auc": null,
      "event_count": 1,
      "folds": 0,
      "note": "insufficient training data"
    },
    "2": {
      "rows_train": 72736,
      "rows_test": 0,
      "auc": null,
      "brier": null,
      "pr_auc": null,
      "event_count": 1,
      "folds": 0,
      "note": "insufficient training data"
    },
    "4": {
      "rows_train": 72736,
      "rows_test": 0,
      "auc": null,
      "brier": null,
      "pr_auc": null,
      "event_count": 1,
      "folds": 0,
      "note": "insufficient training data"
    },
    "8": {
      "rows_train": 72736,
      "rows_test": 0,
      "auc": null,
      "brier": null,
      "pr_auc": null,
      "event_count": 1,
      "folds": 0,
      "note": "insufficient training data"
    }
  },
  "calibration": {
    "1": {
      "rows": 11351,
      "brier": 0.20599106004813683,
      "ece": 3.534550660945432e-17,
      "method": "isotonic"
    },
    "2": {
      "rows": 11351,
      "brier": 0.2205618152117292,
      "ece": 2.3256389717227256e-17,
      "method": "isotonic"
    },
    "4": {
      "rows": 11351,
      "brier": 0.20741860989853741,
      "ece": 2.5415509906514575e-17,
      "method": "isotonic"
    },
    "8": {
      "rows": 11351,
      "brier": 0.17744651832651515,
      "ece": 1.092519706198837e-17,
      "method": "isotonic"
    }
  },
  "ranking": {
    "1": {
      "rows_test": 14889,
      "overall": [
        {
          "k": 10,
          "precision": 1.0,
          "recall": 0.0020238818053025702,
          "total_positives": 4941
        },
        {
          "k": 25,
          "precision": 1.0,
          "recall": 0.005059704513256426,
          "total_positives": 4941
        },
        {
          "k": 50,
          "precision": 0.98,
          "recall": 0.009917020845982595,
          "total_positives": 4941
        },
        {
          "k": 100,
          "precision": 0.94,
          "recall": 0.019024488969844162,
          "total_positives": 4941
        }
      ],
      "priority_1": [
        {
          "k": 10,
          "precision": 0.9,
          "recall": 0.0028373266078184113,
          "total_positives": 3172
        },
        {
          "k": 25,
          "precision": 0.88,
          "recall": 0.0069356872635561164,
          "total_positives": 3172
        },
        {
          "k": 50,
          "precision": 0.84,
          "recall": 0.013240857503152586,
          "total_positives": 3172
        },
        {
          "k": 100,
          "precision": 0.76,
          "recall": 0.02395964691046658,
          "total_positives": 3172
        }
      ],
      "other": [
        {
          "k": 10,
          "precision": 1.0,
          "recall": 0.005652911249293386,
          "total_positives": 1769
        },
        {
          "k": 25,
          "precision": 1.0,
          "recall": 0.014132278123233465,
          "total_positives": 1769
        },
        {
          "k": 50,
          "precision": 0.98,
          "recall": 0.027699265121537593,
          "total_positives": 1769
        },
        {
          "k": 100,
          "precision": 0.9,
          "recall": 0.05087620124364047,
          "total_positives": 1769
        }
      ]
    },
    "2": {
      "rows_test": 14889,
      "overall": [
        {
          "k": 10,
          "precision": 1.0,
          "recall": 0.0015227653418608193,
          "total_positives": 6567
        },
        {
          "k": 25,
          "precision": 1.0,
          "recall": 0.003806913354652048,
          "total_positives": 6567
        },
        {
          "k": 50,
          "precision": 0.98,
          "recall": 0.007461550175118015,
          "total_positives": 6567
        },
        {
          "k": 100,
          "precision": 0.93,
          "recall": 0.01416171767930562,
          "total_positives": 6567
        }
      ],
      "priority_1": [
        {
          "k": 10,
          "precision": 0.9,
          "recall": 0.0020770828525271175,
          "total_positives": 4333
        },
        {
          "k": 25,
          "precision": 0.8,
          "recall": 0.004615739672282483,
          "total_positives": 4333
        },
        {
          "k": 50,
          "precision": 0.82,
          "recall": 0.00946226632817909,
          "total_positives": 4333
        },
        {
          "k": 100,
          "precision": 0.85,
          "recall": 0.019616893607200554,
          "total_positives": 4333
        }
      ],
      "other": [
        {
          "k": 10,
          "precision": 0.9,
          "recall": 0.0040286481647269475,
          "total_positives": 2234
        },
        {
          "k": 25,
          "precision": 0.96,
          "recall": 0.010743061772605193,
          "total_positives": 2234
        },
        {
          "k": 50,
          "precision": 0.98,
          "recall": 0.021933751119068933,
          "total_positives": 2234
        },
        {
          "k": 100,
          "precision": 0.96,
          "recall": 0.04297224709042077,
          "total_positives": 2234
        }
      ]
    },
    "4": {
      "rows_test": 14889,
      "overall": [
        {
          "k": 10,
          "precision": 1.0,
          "recall": 0.0011896264572924102,
          "total_positives": 8406
        },
        {
          "k": 25,
          "precision": 0.96,
          "recall": 0.0028551034975017845,
          "total_positives": 8406
        },
        {
          "k": 50,
          "precision": 0.94,
          "recall": 0.005591244349274328,
          "total_positives": 8406
        },
        {
          "k": 100,
          "precision": 0.97,
          "recall": 0.011539376635736379,
          "total_positives": 8406
        }
      ],
      "priority_1": [
        {
          "k": 10,
          "precision": 0.8,
          "recall": 0.0014094432699083862,
          "total_positives": 5676
        },
        {
          "k": 25,
          "precision": 0.92,
          "recall": 0.00405214940098661,
          "total_positives": 5676
        },
        {
          "k": 50,
          "precision": 0.94,
          "recall": 0.00828047921071177,
          "total_positives": 5676
        },
        {
          "k": 100,
          "precision": 0.96,
          "recall": 0.016913319238900635,
          "total_positives": 5676
        }
      ],
      "other": [
        {
          "k": 10,
          "precision": 0.9,
          "recall": 0.0032967032967032967,
          "total_positives": 2730
        },
        {
          "k": 25,
          "precision": 0.96,