{
  "within_event_time": {
    "1": {
      "rows_train": 32773,
      "rows_test": 9818,
      "auc": 0.6762414249353051,
      "brier": 0.21485328656113029,
      "pr_auc": 0.5429313407996759,
      "event_count": 1,
      "train_ratio": 0.8051868166755958,
      "pos_rate_train": 0.3164190034479602,
      "class_strategy": "none"
    },
    "2": {
      "rows_train": 32773,
      "rows_test": 9818,
      "auc": 0.6843913862212256,
      "brier": 0.22645989094685512,
      "pr_auc": 0.6707821516446334,
      "event_count": 1,
      "train_ratio": 0.8051868166755958,
      "pos_rate_train": 0.4284624538492051,
      "class_strategy": "none"
    },
    "4": {
      "rows_train": 32773,
      "rows_test": 9818,
      "auc": 0.7163037328329158,
      "brier": 0.22255514914400412,
      "pr_auc": 0.7693983585286391,
      "event_count": 1,
      "train_ratio": 0.8051868166755958,
      "pos_rate_train": 0.5323894669392488,
      "class_strategy": "none"
    },
    "8": {
      "rows_train": 32773,
      "rows_test": 9818,
      "auc": 0.7200701134937901,
      "brier": 0.2205289445902507,
      "pr_auc": 0.8017407453875123,
      "event_count": 1,
      "train_ratio": 0.8051868166755958,
      "pos_rate_train": 0.6370487901626338,
      "class_strategy": "none"
    }
  },
  "groupkfold_event": {
    "1": {
      "rows_train": 50397,
      "rows_test": 0,
      "auc": null,
      "brier": null,
      "pr_auc": null,
      "event_count": 1,
      "folds": 0,
      "note": "insufficient training data"
    },
    "2": {
      "rows_train": 50397,
      "rows_test": 0,
      "auc": null,
      "brier": null,
      "pr_auc": null,
      "event_count": 1,
      "folds": 0,
      "note": "insufficient training data"
    },
    "4": {
      "rows_train": 50397,
      "rows_test": 0,
      "auc": null,
      "brier": null,
      "pr_auc": null,
      "event_count": 1,
      "folds": 0,
      "note": "insufficient training data"
    },
    "8": {
      "rows_train": 50397,
      "rows_test": 0,
      "auc": null,
      "brier": null,
      "pr_auc": null,
      "event_count": 1,
      "folds": 0,
      "note": "insufficient training data"
    }
  },
  "calibration": {
    "1": {
      "rows": 7806,
      "brier": 0.2137639505668927,
      "ece": 1.851438409307965e-17,
      "method": "isotonic"
    },
    "2": {
      "rows": 7806,
      "brier": 0.21195661727793574,
      "ece": 2.900006081489488e-17,
      "method": "isotonic"
    },
    "4": {
      "rows": 7806,
      "brier": 0.16099845257590864,
      "ece": 2.707999793602739e-17,
      "method": "isotonic"
    },
    "8": {
      "rows": 7806,
      "brier": 0.09855470253019474,
      "ece": 7.588515177924062e-17,
      "method": "isotonic"
    }
  },
  "ranking": {
    "1": {
      "rows_test": 9818,
      "overall": [
        {
          "k": 10,
          "precision": 0.9,
          "recall": 0.0024469820554649264,
          "total_positives": 3678
        },
        {
          "k": 25,
          "precision": 0.96,
          "recall": 0.0065252854812398045,
          "total_positives": 3678
        },
        {
          "k": 50,
          "precision": 0.88,
          "recall": 0.011963023382272975,
          "total_positives": 3678
        },
        {
          "k": 100,
          "precision": 0.77,
          "recall": 0.020935290918977705,
          "total_positives": 3678
        }
      ],
      "priority_1": [
        {
          "k": 10,
          "precision": 0.5,
          "recall": 0.0022271714922048997,
          "total_positives": 2245
        },
        {
          "k": 25,
          "precision": 0.68,
          "recall": 0.0075723830734966595,
          "total_positives": 2245
        },
        {
          "k": 50,
          "precision": 0.64,
          "recall": 0.014253897550111359,
          "total_positives": 2245
        },
        {
          "k": 100,
          "precision": 0.63,
          "recall": 0.028062360801781736,
          "total_positives": 2245
        }
      ],
      "other": [
        {
          "k": 10,
          "precision": 0.8,
          "recall": 0.005582693649685973,
          "total_positives": 1433
        },
        {
          "k": 25,
          "precision": 0.92,
          "recall": 0.016050244242847175,
          "total_positives": 1433
        },
        {
          "k": 50,
          "precision": 0.9,
          "recall": 0.0314026517794836,
          "total_positives": 1433
        },
        {
          "k": 100,
          "precision": 0.81,
          "recall": 0.056524773203070484,
          "total_positives": 1433
        }
      ]
    },
    "2": {
      "rows_test": 9818,
      "overall": [
        {
          "k": 10,
          "precision": 0.9,
          "recall": 0.001837109614206981,
          "total_positives": 4899
        },
        {
          "k": 25,
          "precision": 0.96,
          "recall": 0.004898958971218616,
          "total_positives": 4899
        },
        {
          "k": 50,
          "precision": 0.96,
          "recall": 0.009797917942437232,
          "total_positives": 4899
        },
        {
          "k": 100,
          "precision": 0.93,
          "recall": 0.018983466013472138,
          "total_positives": 4899
        }
      ],
      "priority_1": [
        {
          "k": 10,
          "precision": 1.0,
          "recall": 0.003171582619727244,
          "total_positives": 3153
        },
        {
          "k": 25,
          "precision": 0.92,
          "recall": 0.007294640025372661,
          "total_positives": 3153
        },
        {
          "k": 50,
          "precision": 0.94,
          "recall": 0.014906438312718047,
          "total_positives": 3153
        },
        {
          "k": 100,
          "precision": 0.92,
          "recall": 0.029178560101490645,
          "total_positives": 3153
        }
      ],
      "other": [
        {
          "k": 10,
          "precision": 0.9,
          "recall": 0.005154639175257732,
          "total_positives": 1746
        },
        {
          "k": 25,
          "precision": 0.96,
          "recall": 0.013745704467353952,
          "total_positives": 1746
        },
        {
          "k": 50,
          "precision": 0.96,
          "recall": 0.027491408934707903,
          "total_positives": 1746
        },
        {
          "k": 100,
          "precision": 0.89,
          "recall": 0.05097365406643757,
          "total_positives": 1746
        }
      ]
    },
    "4": {
      "rows_test": 9818,
      "overall": [
        {
          "k": 10,
          "precision": 1.0,
          "recall": 0.001741856819369448,
          "total_positives": 5741
        },
        {
          "k": 25,
          "precision": 1.0,
          "recall": 0.00435464204842362,
          "total_positives": 5741
        },
        {
          "k": 50,
          "precision": 0.96,
          "recall": 0.00836091273297335,
          "total_positives": 5741
        },
        {
          "k": 100,
          "precision": 0.95,
          "recall": 0.016547639784009756,
          "total_positives": 5741
        }
      ],
      "priority_1": [
        {
          "k": 10,
          "precision": 1.0,
          "recall": 0.002682403433476395,
          "total_positives": 3728
        },
        {
          "k": 25,
          "precision": 0.92,
          "recall": 0.006169527896995708,
          "total_positives": 3728
        },
        {
          "k": 50,
          "precision": 0.94,
          "recall": 0.012607296137339056,
          "total_positives": 3728
        },
        {
          "k": 100,
          "precision": 0.96,
          "recall": 0.02575107296137339,
          "total_positives": 3728
        }
      ],
      "other": [
        {
          "k": 10,
          "precision": 0.8,
          "recall": 0.003974167908594138,
          "total_positives": 2013
        },
        {
          "k": 25,
          "precision": 0.92,
          "recall": 0.011425732737208148,