{
  "within_event_time": {
    "1": {
      "rows_train": 48889,
      "rows_test": 15522,
      "auc": 0.6640413887769132,
      "brier": 0.2110840942233684,
      "pr_auc": 0.49828407337033465,
      "event_count": 1,
      "train_ratio": 0.7973073558025046,
      "pos_rate_train": 0.34639694000695453,
      "class_strategy": "none"
    },
    "2": {
      "rows_train": 48889,
      "rows_test": 15522,
      "auc": 0.6608212982833339,
      "brier": 0.2317577703998877,
      "pr_auc": 0.6044819869473957,
      "event_count": 1,
      "train_ratio": 0.7973073558025046,
      "pos_rate_train": 0.4701466587575937,
      "class_strategy": "none"
    },
    "4": {
      "rows_train": 48889,
      "rows_test": 15522,
      "auc": 0.6946025118898957,
      "brier": 0.22306516192968157,
      "pr_auc": 0.748489326876927,
      "event_count": 1,
      "train_ratio": 0.7973073558025046,
      "pos_rate_train": 0.5848554889647978,
      "class_strategy": "none"
    },
    "8": {
      "rows_train": 48889,
      "rows_test": 15522,
      "auc": 0.7201086823791025,
      "brier": 0.19238146324873487,
      "pr_auc": 0.8371927678594375,
      "event_count": 1,
      "train_ratio": 0.7973073558025046,
      "pos_rate_train": 0.6893166151895109,
      "class_strategy": "none"
    }
  },
  "groupkfold_event": {
    "1": {
      "rows_train": 76579,
      "rows_test": 0,
      "auc": null,
      "brier": null,
      "pr_auc": null,
      "event_count": 1,
      "folds": 0,
      "note": "insufficient training data"
    },
    "2": {
      "rows_train": 76579,
      "rows_test": 0,
      "auc": null,
      "brier": null,
      "pr_auc": null,
      "event_count": 1,
      "folds": 0,
      "note": "insufficient training data"
    },
    "4": {
      "rows_train": 76579,
      "rows_test": 0,
      "auc": null,
      "brier": null,
      "pr_auc": null,
      "event_count": 1,
      "folds": 0,
      "note": "insufficient training data"
    },
    "8": {
      "rows_train": 76579,
      "rows_test": 0,
      "auc": null,
      "brier": null,
      "pr_auc": null,
      "event_count": 1,
      "folds": 0,
      "note": "insufficient training data"
    }
  },
  "calibration": {
    "1": {
      "rows": 12168,
      "brier": 0.21316402761805064,
      "ece": 7.55614067918576e-17,
      "method": "isotonic"
    },
    "2": {
      "rows": 12168,
      "brier": 0.22339600181112473,
      "ece": 1.7144223070929234e-17,
      "method": "isotonic"
    },
    "4": {
      "rows": 12168,
      "brier": 0.20749764105880722,
      "ece": 1.773386938064653e-17,
      "method": "isotonic"
    },
    "8": {
      "rows": 12168,
      "brier": 0.17100506546699387,
      "ece": 3.9133354311450494e-17,
      "method": "isotonic"
    }
  },
  "ranking": {
    "1": {
      "rows_test": 15522,
      "overall": [
        {
          "k": 10,
          "precision": 1.0,
          "recall": 0.0018570102135561746,
          "total_positives": 5385
        },
        {
          "k": 25,
          "precision": 1.0,
          "recall": 0.004642525533890436,
          "total_positives": 5385
        },
        {
          "k": 50,
          "precision": 0.94,
          "recall": 0.00872794800371402,
          "total_positives": 5385
        },
        {
          "k": 100,
          "precision": 0.88,
          "recall": 0.016341689879294335,
          "total_positives": 5385
        }
      ],
      "priority_1": [
        {
          "k": 10,
          "precision": 0.7,
          "recall": 0.0019257221458046766,
          "total_positives": 3635
        },
        {
          "k": 25,
          "precision": 0.72,
          "recall": 0.0049518569463548835,
          "total_positives": 3635
        },
        {
          "k": 50,
          "precision": 0.74,
          "recall": 0.010178817056396148,
          "total_positives": 3635
        },
        {
          "k": 100,
          "precision": 0.72,
          "recall": 0.019807427785419534,
          "total_positives": 3635
        }
      ],
      "other": [
        {
          "k": 10,
          "precision": 1.0,
          "recall": 0.005714285714285714,
          "total_positives": 1750
        },
        {
          "k": 25,
          "precision": 1.0,
          "recall": 0.014285714285714285,
          "total_positives": 1750
        },
        {
          "k": 50,
          "precision": 0.98,
          "recall": 0.028,
          "total_positives": 1750
        },
        {
          "k": 100,
          "precision": 0.87,
          "recall": 0.04971428571428571,
          "total_positives": 1750
        }
      ]
    },
    "2": {
      "rows_test": 15522,
      "overall": [
        {
          "k": 10,
          "precision": 1.0,
          "recall": 0.0014619883040935672,
          "total_positives": 6840
        },
        {
          "k": 25,
          "precision": 1.0,
          "recall": 0.003654970760233918,
          "total_positives": 6840
        },
        {
          "k": 50,
          "precision": 1.0,
          "recall": 0.007309941520467836,
          "total_positives": 6840
        },
        {
          "k": 100,
          "precision": 0.96,
          "recall": 0.014035087719298246,
          "total_positives": 6840
        }
      ],
      "priority_1": [
        {
          "k": 10,
          "precision": 1.0,
          "recall": 0.002150537634408602,
          "total_positives": 4650
        },
        {
          "k": 25,
          "precision": 0.88,
          "recall": 0.004731182795698925,
          "total_positives": 4650
        },
        {
          "k": 50,
          "precision": 0.88,
          "recall": 0.00946236559139785,
          "total_positives": 4650
        },
        {
          "k": 100,
          "precision": 0.88,
          "recall": 0.0189247311827957,
          "total_positives": 4650
        }
      ],
      "other": [
        {
          "k": 10,
          "precision": 1.0,
          "recall": 0.0045662100456621,
          "total_positives": 2190
        },
        {
          "k": 25,
          "precision": 1.0,
          "recall": 0.01141552511415525,
          "total_positives": 2190
        },
        {
          "k": 50,
          "precision": 1.0,
          "recall": 0.0228310502283105,
          "total_positives": 2190
        },
        {
          "k": 100,
          "precision": 0.94,
          "recall": 0.042922374429223746,
          "total_positives": 2190
        }
      ]
    },
    "4": {
      "rows_test": 15522,
      "overall": [
        {
          "k": 10,
          "precision": 1.0,
          "recall": 0.0011307100859339666,
          "total_positives": 8844
        },
        {
          "k": 25,
          "precision": 1.0,
          "recall": 0.0028267752148349165,
          "total_positives": 8844
        },
        {
          "k": 50,
          "precision": 0.96,
          "recall": 0.005427408412483039,
          "total_positives": 8844
        },
        {
          "k": 100,
          "precision": 0.96,
          "recall": 0.010854816824966078,
          "total_positives": 8844
        }
      ],
      "priority_1": [
        {
          "k": 10,
          "precision": 1.0,
          "recall": 0.0016291951775822744,
          "total_positives": 6138
        },
        {
          "k": 25,
          "precision": 1.0,
          "recall": 0.004072987943955686,
          "total_positives": 6138
        },
        {
          "k": 50,
          "precision": 1.0,
          "recall": 0.008145975887911373,
          "total_positives": 6138
        },
        {
          "k": 100,
          "precision": 0.96,
          "recall": 0.015640273704789834,
          "total_positives": 6138
        }
      ],
      "other": [
        {
          "k": 10,
          "precision": 1.0,
          "recall": 0.003695491500369549,
          "total_positives": 2706
        },
        {
          "k": 25,
          "precision": 0.96,
          "recall": 0.008869179600886918,