{
  "within_event_time": {
    "1": {
      "rows_train": 16628,
      "rows_test": 5096,
      "auc": 0.6617380800827851,
      "brier": 0.1950765929622947,
      "pr_auc": 0.4400168116407542,
      "event_count": 1,
      "train_ratio": 0.8028550427482688,
      "pos_rate_train": 0.31687515034880925,
      "class_strategy": "none"
    },
    "2": {
      "rows_train": 16628,
      "rows_test": 5096,
      "auc": 0.6533498573077163,
      "brier": 0.22263230433669887,
      "pr_auc": 0.5206599330591642,
      "event_count": 1,
      "train_ratio": 0.8028550427482688,
      "pos_rate_train": 0.4376353139283137,
      "class_strategy": "none"
    },
    "4": {
      "rows_train": 16628,
      "rows_test": 5096,
      "auc": 0.6704426469298379,
      "brier": 0.22955453581789845,
      "pr_auc": 0.6080608674988978,
      "event_count": 1,
      "train_ratio": 0.8028550427482688,
      "pos_rate_train": 0.5528626413278807,
      "class_strategy": "none"
    },
    "8": {
      "rows_train": 16628,
      "rows_test": 5096,
      "auc": 0.6475877391674695,
      "brier": 0.24690536948968492,
      "pr_auc": 0.6402251189273056,
      "event_count": 1,
      "train_ratio": 0.8028550427482688,
      "pos_rate_train": 0.6486047630502766,
      "class_strategy": "none"
    }
  },
  "groupkfold_event": {
    "1": {
      "rows_train": 25849,
      "rows_test": 0,
      "auc": null,
      "brier": null,
      "pr_auc": null,
      "event_count": 1,
      "folds": 0,
      "note": "insufficient training data"
    },
    "2": {
      "rows_train": 25849,
      "rows_test": 0,
      "auc": null,
      "brier": null,
      "pr_auc": null,
      "event_count": 1,
      "folds": 0,
      "note": "insufficient training data"
    },
    "4": {
      "rows_train": 25849,
      "rows_test": 0,
      "auc": null,
      "brier": null,
      "pr_auc": null,
      "event_count": 1,
      "folds": 0,
      "note": "insufficient training data"
    },
    "8": {
      "rows_train": 25849,
      "rows_test": 0,
      "auc": null,
      "brier": null,
      "pr_auc": null,
      "event_count": 1,
      "folds": 0,
      "note": "insufficient training data"
    }
  },
  "calibration": {
    "1": {
      "rows": 4125,
      "brier": 0.20012810309051604,
      "ece": 2.4761337761336825e-18,
      "method": "isotonic"
    },
    "2": {
      "rows": 4125,
      "brier": 0.22574585816016132,
      "ece": 1.659278774985234e-17,
      "method": "isotonic"
    },
    "4": {
      "rows": 4125,
      "brier": 0.2152416582351023,
      "ece": 6.954706171227647e-17,
      "method": "isotonic"
    },
    "8": {
      "rows": 4125,
      "brier": 0.2013025752958171,
      "ece": 3.0110594152712576e-17,
      "method": "isotonic"
    }
  },
  "ranking": {
    "1": {
      "rows_test": 5096,
      "overall": [
        {
          "k": 10,
          "precision": 0.9,
          "recall": 0.006040268456375839,
          "total_positives": 1490
        },
        {
          "k": 25,
          "precision": 0.96,
          "recall": 0.016107382550335572,
          "total_positives": 1490
        },
        {
          "k": 50,
          "precision": 0.84,
          "recall": 0.028187919463087248,
          "total_positives": 1490
        },
        {
          "k": 100,
          "precision": 0.71,
          "recall": 0.0476510067114094,
          "total_positives": 1490
        }
      ],
      "priority_1": [
        {
          "k": 10,
          "precision": 0.8,
          "recall": 0.012102874432677761,
          "total_positives": 661
        },
        {
          "k": 25,
          "precision": 0.68,
          "recall": 0.025718608169440244,
          "total_positives": 661
        },
        {
          "k": 50,
          "precision": 0.66,
          "recall": 0.049924357034795766,
          "total_positives": 661
        },
        {
          "k": 100,
          "precision": 0.62,
          "recall": 0.09379727685325265,
          "total_positives": 661
        }
      ],
      "other": [
        {
          "k": 10,
          "precision": 1.0,
          "recall": 0.012062726176115802,
          "total_positives": 829
        },
        {
          "k": 25,
          "precision": 1.0,
          "recall": 0.030156815440289506,
          "total_positives": 829
        },
        {
          "k": 50,
          "precision": 0.8,
          "recall": 0.04825090470446321,
          "total_positives": 829
        },
        {
          "k": 100,
          "precision": 0.69,
          "recall": 0.08323281061519903,
          "total_positives": 829
        }
      ]
    },
    "2": {
      "rows_test": 5096,
      "overall": [
        {
          "k": 10,
          "precision": 0.9,
          "recall": 0.004573170731707317,
          "total_positives": 1968
        },
        {
          "k": 25,
          "precision": 0.8,
          "recall": 0.01016260162601626,
          "total_positives": 1968
        },
        {
          "k": 50,
          "precision": 0.82,
          "recall": 0.020833333333333332,
          "total_positives": 1968
        },
        {
          "k": 100,
          "precision": 0.78,
          "recall": 0.039634146341463415,
          "total_positives": 1968
        }
      ],
      "priority_1": [
        {
          "k": 10,
          "precision": 0.8,
          "recall": 0.008429926238145416,
          "total_positives": 949
        },
        {
          "k": 25,
          "precision": 0.76,
          "recall": 0.020021074815595362,
          "total_positives": 949
        },
        {
          "k": 50,
          "precision": 0.72,
          "recall": 0.037934668071654375,
          "total_positives": 949
        },
        {
          "k": 100,
          "precision": 0.69,
          "recall": 0.07270811380400422,
          "total_positives": 949
        }
      ],
      "other": [
        {
          "k": 10,
          "precision": 0.8,
          "recall": 0.007850834151128557,
          "total_positives": 1019
        },
        {
          "k": 25,
          "precision": 0.88,
          "recall": 0.021589793915603533,
          "total_positives": 1019
        },
        {
          "k": 50,
          "precision": 0.88,
          "recall": 0.04317958783120707,
          "total_positives": 1019
        },
        {
          "k": 100,
          "precision": 0.72,
          "recall": 0.07065750736015702,
          "total_positives": 1019
        }
      ]
    },
    "4": {
      "rows_test": 5096,
      "overall": [
        {
          "k": 10,
          "precision": 1.0,
          "recall": 0.004391743522178305,
          "total_positives": 2277
        },
        {
          "k": 25,
          "precision": 0.92,
          "recall": 0.010101010101010102,
          "total_positives": 2277
        },
        {
          "k": 50,
          "precision": 0.9,
          "recall": 0.019762845849802372,
          "total_positives": 2277
        },
        {
          "k": 100,
          "precision": 0.86,
          "recall": 0.037768994290733424,
          "total_positives": 2277
        }
      ],
      "priority_1": [
        {
          "k": 10,
          "precision": 0.7,
          "recall": 0.006013745704467354,
          "total_positives": 1164
        },
        {
          "k": 25,
          "precision": 0.84,
          "recall": 0.01804123711340206,
          "total_positives": 1164
        },
        {
          "k": 50,
          "precision": 0.82,
          "recall": 0.0352233676975945,
          "total_positives": 1164
        },
        {
          "k": 100,
          "precision": 0.8,
          "recall": 0.06872852233676977,
          "total_positives": 1164
        }
      ],
      "other": [
        {
          "k": 10,
          "precision": 1.0,
          "recall": 0.008984725965858042,
          "total_positives": 1113
        },
        {
          "k": 25,
          "precision": 0.88,
          "recall": 0.019766397124887692,