{
  "within_event_time": {
    "1": {
      "rows_train": 20170,
      "rows_test": 6199,
      "auc": 0.661469071770159,
      "brier": 0.1906863917302755,
      "pr_auc": 0.42550749522552783,
      "event_count": 1,
      "train_ratio": 0.8023404119635227,
      "pos_rate_train": 0.3124938026772434,
      "class_strategy": "none"
    },
    "2": {
      "rows_train": 20170,
      "rows_test": 6199,
      "auc": 0.6236149853446092,
      "brier": 0.22852708509806963,
      "pr_auc": 0.4945980976701441,
      "event_count": 1,
      "train_ratio": 0.8023404119635227,
      "pos_rate_train": 0.4307882994546356,
      "class_strategy": "none"
    },
    "4": {
      "rows_train": 20170,
      "rows_test": 6199,
      "auc": 0.6680496525174694,
      "brier": 0.22824751967697893,
      "pr_auc": 0.6166564112614831,
      "event_count": 1,
      "train_ratio": 0.8023404119635227,
      "pos_rate_train": 0.5439762022806148,
      "class_strategy": "none"
    },
    "8": {
      "rows_train": 20170,
      "rows_test": 6199,
      "auc": 0.6366459319768737,
      "brier": 0.23828087138874565,
      "pr_auc": 0.6454212834940413,
      "event_count": 1,
      "train_ratio": 0.8023404119635227,
      "pos_rate_train": 0.6388696083292018,
      "class_strategy": "none"
    }
  },
  "groupkfold_event": {
    "1": {
      "rows_train": 31362,
      "rows_test": 0,
      "auc": null,
      "brier": null,
      "pr_auc": null,
      "event_count": 1,
      "folds": 0,
      "note": "insufficient training data"
    },
    "2": {
      "rows_train": 31362,
      "rows_test": 0,
      "auc": null,
      "brier": null,
      "pr_auc": null,
      "event_count": 1,
      "folds": 0,
      "note": "insufficient training data"
    },
    "4": {
      "rows_train": 31362,
      "rows_test": 0,
      "auc": null,
      "brier": null,
      "pr_auc": null,
      "event_count": 1,
      "folds": 0,
      "note": "insufficient training data"
    },
    "8": {
      "rows_train": 31362,
      "rows_test": 0,
      "auc": null,
      "brier": null,
      "pr_auc": null,
      "event_count": 1,
      "folds": 0,
      "note": "insufficient training data"
    }
  },
  "calibration": {
    "1": {
      "rows": 4993,
      "brier": 0.20066038027350178,
      "ece": 4.896276988232715e-17,
      "method": "isotonic"
    },
    "2": {
      "rows": 4993,
      "brier": 0.2200324822397623,
      "ece": 0.0,
      "method": "isotonic"
    },
    "4": {
      "rows": 4993,
      "brier": 0.21928922381292817,
      "ece": 2.6304703347317447e-17,
      "method": "isotonic"
    },
    "8": {
      "rows": 4993,
      "brier": 0.21015706882355925,
      "ece": 9.304482768964485e-17,
      "method": "isotonic"
    }
  },
  "ranking": {
    "1": {
      "rows_test": 6199,
      "overall": [
        {
          "k": 10,
          "precision": 0.8,
          "recall": 0.004524886877828055,
          "total_positives": 1768
        },
        {
          "k": 25,
          "precision": 0.88,
          "recall": 0.012443438914027148,
          "total_positives": 1768
        },
        {
          "k": 50,
          "precision": 0.72,
          "recall": 0.020361990950226245,
          "total_positives": 1768
        },
        {
          "k": 100,
          "precision": 0.67,
          "recall": 0.03789592760180995,
          "total_positives": 1768
        }
      ],
      "priority_1": [
        {
          "k": 10,
          "precision": 0.5,
          "recall": 0.003837298541826554,
          "total_positives": 1303
        },
        {
          "k": 25,
          "precision": 0.68,
          "recall": 0.013046815042210284,
          "total_positives": 1303
        },
        {
          "k": 50,
          "precision": 0.62,
          "recall": 0.023791250959324637,
          "total_positives": 1303
        },
        {
          "k": 100,
          "precision": 0.61,
          "recall": 0.04681504221028396,
          "total_positives": 1303
        }
      ],
      "other": [
        {
          "k": 10,
          "precision": 1.0,
          "recall": 0.021505376344086023,
          "total_positives": 465
        },
        {
          "k": 25,
          "precision": 0.92,
          "recall": 0.04946236559139785,
          "total_positives": 465
        },
        {
          "k": 50,
          "precision": 0.62,
          "recall": 0.06666666666666667,
          "total_positives": 465
        },
        {
          "k": 100,
          "precision": 0.47,
          "recall": 0.1010752688172043,
          "total_positives": 465
        }
      ]
    },
    "2": {
      "rows_test": 6199,
      "overall": [
        {
          "k": 10,
          "precision": 0.8,
          "recall": 0.003411513859275053,
          "total_positives": 2345
        },
        {
          "k": 25,
          "precision": 0.8,
          "recall": 0.008528784648187633,
          "total_positives": 2345
        },
        {
          "k": 50,
          "precision": 0.78,
          "recall": 0.016631130063965886,
          "total_positives": 2345
        },
        {
          "k": 100,
          "precision": 0.76,
          "recall": 0.032409381663113,
          "total_positives": 2345
        }
      ],
      "priority_1": [
        {
          "k": 10,
          "precision": 0.7,
          "recall": 0.0039303761931499155,
          "total_positives": 1781
        },
        {
          "k": 25,
          "precision": 0.64,
          "recall": 0.008983717012914094,
          "total_positives": 1781
        },
        {
          "k": 50,
          "precision": 0.66,
          "recall": 0.018528916339135316,
          "total_positives": 1781
        },
        {
          "k": 100,
          "precision": 0.63,
          "recall": 0.03537338573834924,
          "total_positives": 1781
        }
      ],
      "other": [
        {
          "k": 10,
          "precision": 0.9,
          "recall": 0.015957446808510637,
          "total_positives": 564
        },
        {
          "k": 25,
          "precision": 0.88,
          "recall": 0.03900709219858156,
          "total_positives": 564
        },
        {
          "k": 50,
          "precision": 0.86,
          "recall": 0.07624113475177305,
          "total_positives": 564
        },
        {
          "k": 100,
          "precision": 0.65,
          "recall": 0.11524822695035461,
          "total_positives": 564
        }
      ]
    },
    "4": {
      "rows_test": 6199,
      "overall": [
        {
          "k": 10,
          "precision": 0.9,
          "recall": 0.003162333099086437,
          "total_positives": 2846
        },
        {
          "k": 25,
          "precision": 0.88,
          "recall": 0.007730147575544624,
          "total_positives": 2846
        },
        {
          "k": 50,
          "precision": 0.84,
          "recall": 0.014757554462403373,
          "total_positives": 2846
        },
        {
          "k": 100,
          "precision": 0.82,
          "recall": 0.02881236823612087,
          "total_positives": 2846
        }
      ],
      "priority_1": [
        {
          "k": 10,
          "precision": 1.0,
          "recall": 0.004531037607612143,
          "total_positives": 2207
        },
        {
          "k": 25,
          "precision": 0.88,
          "recall": 0.009968282736746714,
          "total_positives": 2207
        },
        {
          "k": 50,
          "precision": 0.84,
          "recall": 0.019030357951971,
          "total_positives": 2207
        },
        {
          "k": 100,
          "precision": 0.83,
          "recall": 0.037607612143180785,
          "total_positives": 2207
        }
      ],
      "other": [
        {
          "k": 10,
          "precision": 0.9,
          "recall": 0.014084507042253521,
          "total_positives": 639
        },
        {
          "k": 25,
          "precision": 0.92,
          "recall": 0.03599374021909233,