{
  "within_event_time": {
    "1": {
      "rows_train": 24359,
      "rows_test": 7636,
      "auc": 0.6667583395833261,
      "brier": 0.23239080632417836,
      "pr_auc": 0.568047291493608,
      "event_count": 1,
      "train_ratio": 0.8,
      "pos_rate_train": 0.3127796707582413,
      "class_strategy": "none"
    },
    "2": {
      "rows_train": 24359,
      "rows_test": 7636,
      "auc": 0.6276724357692418,
      "brier": 0.2374042546813157,
      "pr_auc": 0.6300683074498579,
      "event_count": 1,
      "train_ratio": 0.8,
      "pos_rate_train": 0.42904060100989366,
      "class_strategy": "none"
    },
    "4": {
      "rows_train": 24359,
      "rows_test": 7636,
      "auc": 0.6314736872849556,
      "brier": 0.22941502980811843,
      "pr_auc": 0.7240719961408161,
      "event_count": 1,
      "train_ratio": 0.8,
      "pos_rate_train": 0.5360646988792643,
      "class_strategy": "none"
    },
    "8": {
      "rows_train": 24359,
      "rows_test": 7636,
      "auc": 0.5326920855432338,
      "brier": 0.2405614964693049,
      "pr_auc": 0.7404750446978177,
      "event_count": 1,
      "train_ratio": 0.8,
      "pos_rate_train": 0.6232603965680036,
      "class_strategy": "none"
    }
  },
  "groupkfold_event": {
    "1": {
      "rows_train": 38180,
      "rows_test": 0,
      "auc": null,
      "brier": null,
      "pr_auc": null,
      "event_count": 1,
      "folds": 0,
      "note": "insufficient training data"
    },
    "2": {
      "rows_train": 38180,
      "rows_test": 0,
      "auc": null,
      "brier": null,
      "pr_auc": null,
      "event_count": 1,
      "folds": 0,
      "note": "insufficient training data"
    },
    "4": {
      "rows_train": 38180,
      "rows_test": 0,
      "auc": null,
      "brier": null,
      "pr_auc": null,
      "event_count": 1,
      "folds": 0,
      "note": "insufficient training data"
    },
    "8": {
      "rows_train": 38180,
      "rows_test": 0,
      "auc": null,
      "brier": null,
      "pr_auc": null,
      "event_count": 1,
      "folds": 0,
      "note": "insufficient training data"
    }
  },
  "calibration": {
    "1": {
      "rows": 6185,
      "brier": 0.19281716757556258,
      "ece": 2.2123684362983114e-17,
      "method": "isotonic"
    },
    "2": {
      "rows": 6185,
      "brier": 0.21707138768545578,
      "ece": 2.461876925260149e-17,
      "method": "isotonic"
    },
    "4": {
      "rows": 6185,
      "brier": 0.22168354143034247,
      "ece": 4.6545000854535665e-17,
      "method": "isotonic"
    },
    "8": {
      "rows": 6185,
      "brier": 0.20206364469059312,
      "ece": 5.53338925025889e-17,
      "method": "isotonic"
    }
  },
  "ranking": {
    "1": {
      "rows_test": 7636,
      "overall": [
        {
          "k": 10,
          "precision": 0.9,
          "recall": 0.002953724975385625,
          "total_positives": 3047
        },
        {
          "k": 25,
          "precision": 0.92,
          "recall": 0.007548408270429931,
          "total_positives": 3047
        },
        {
          "k": 50,
          "precision": 0.92,
          "recall": 0.015096816540859863,
          "total_positives": 3047
        },
        {
          "k": 100,
          "precision": 0.79,
          "recall": 0.025927141450607153,
          "total_positives": 3047
        }
      ],
      "priority_1": [
        {
          "k": 10,
          "precision": 0.9,
          "recall": 0.003392385978137957,
          "total_positives": 2653
        },
        {
          "k": 25,
          "precision": 0.92,
          "recall": 0.008669430833019224,
          "total_positives": 2653
        },
        {
          "k": 50,
          "precision": 0.92,
          "recall": 0.017338861666038447,
          "total_positives": 2653
        },
        {
          "k": 100,
          "precision": 0.8,
          "recall": 0.03015454202789295,
          "total_positives": 2653
        }
      ],
      "other": [
        {
          "k": 10,
          "precision": 0.9,
          "recall": 0.02284263959390863,
          "total_positives": 394
        },
        {
          "k": 25,
          "precision": 0.76,
          "recall": 0.048223350253807105,
          "total_positives": 394
        },
        {
          "k": 50,
          "precision": 0.72,
          "recall": 0.09137055837563451,
          "total_positives": 394
        },
        {
          "k": 100,
          "precision": 0.69,
          "recall": 0.1751269035532995,
          "total_positives": 394
        }
      ]
    },
    "2": {
      "rows_test": 7636,
      "overall": [
        {
          "k": 10,
          "precision": 1.0,
          "recall": 0.002535496957403651,
          "total_positives": 3944
        },
        {
          "k": 25,
          "precision": 0.92,
          "recall": 0.0058316430020283975,
          "total_positives": 3944
        },
        {
          "k": 50,
          "precision": 0.92,
          "recall": 0.011663286004056795,
          "total_positives": 3944
        },
        {
          "k": 100,
          "precision": 0.87,
          "recall": 0.022058823529411766,
          "total_positives": 3944
        }
      ],
      "priority_1": [
        {
          "k": 10,
          "precision": 1.0,
          "recall": 0.0029129041654529565,
          "total_positives": 3433
        },
        {
          "k": 25,
          "precision": 0.92,
          "recall": 0.0066996795805418004,
          "total_positives": 3433
        },
        {
          "k": 50,
          "precision": 0.82,
          "recall": 0.011942907078357122,
          "total_positives": 3433
        },
        {
          "k": 100,
          "precision": 0.83,
          "recall": 0.02417710457325954,
          "total_positives": 3433
        }
      ],
      "other": [
        {
          "k": 10,
          "precision": 0.9,
          "recall": 0.01761252446183953,
          "total_positives": 511
        },
        {
          "k": 25,
          "precision": 0.92,
          "recall": 0.04500978473581213,
          "total_positives": 511
        },
        {
          "k": 50,
          "precision": 0.88,
          "recall": 0.08610567514677103,
          "total_positives": 511
        },
        {
          "k": 100,
          "precision": 0.78,
          "recall": 0.15264187866927592,
          "total_positives": 511
        }
      ]
    },
    "4": {
      "rows_test": 7636,
      "overall": [
        {
          "k": 10,
          "precision": 0.7,
          "recall": 0.0014353085913471396,
          "total_positives": 4877
        },
        {
          "k": 25,
          "precision": 0.84,
          "recall": 0.004305925774041419,
          "total_positives": 4877
        },
        {
          "k": 50,
          "precision": 0.9,
          "recall": 0.009226983801517326,
          "total_positives": 4877
        },
        {
          "k": 100,
          "precision": 0.84,
          "recall": 0.017223703096165676,
          "total_positives": 4877
        }
      ],
      "priority_1": [
        {
          "k": 10,
          "precision": 0.8,
          "recall": 0.0019216910881575786,
          "total_positives": 4163
        },
        {
          "k": 25,
          "precision": 0.76,
          "recall": 0.004564016334374249,
          "total_positives": 4163
        },
        {
          "k": 50,
          "precision": 0.8,
          "recall": 0.009608455440787894,
          "total_positives": 4163
        },
        {
          "k": 100,
          "precision": 0.82,
          "recall": 0.01969733365361518,
          "total_positives": 4163
        }
      ],
      "other": [
        {
          "k": 10,
          "precision": 0.8,
          "recall": 0.011204481792717087,
          "total_positives": 714
        },
        {
          "k": 25,
          "precision": 0.92,
          "recall": 0.03221288515406162,
          "total_positives": 714
        },
        {
          "k": 50,