{
  "within_event_time": {
    "1": {
      "rows_train": 15276,
      "rows_test": 4719,
      "auc": 0.6051595159749947,
      "brier": 0.21217714707950733,
      "pr_auc": 0.41279796084911763,
      "event_count": 1,
      "train_ratio": 0.8035305383238269,
      "pos_rate_train": 0.31238544121497774,
      "class_strategy": "none"
    },
    "2": {
      "rows_train": 15276,
      "rows_test": 4719,
      "auc": 0.640495433339904,
      "brier": 0.2286619193588813,
      "pr_auc": 0.5558638712558012,
      "event_count": 1,
      "train_ratio": 0.8035305383238269,
      "pos_rate_train": 0.43375229117570047,
      "class_strategy": "none"
    },
    "4": {
      "rows_train": 15276,
      "rows_test": 4719,
      "auc": 0.6596099292193909,
      "brier": 0.2390792589550149,
      "pr_auc": 0.6320027728278783,
      "event_count": 1,
      "train_ratio": 0.8035305383238269,
      "pos_rate_train": 0.5537444357161561,
      "class_strategy": "none"
    },
    "8": {
      "rows_train": 15276,
      "rows_test": 4719,
      "auc": 0.677158635621444,
      "brier": 0.2475401366825102,
      "pr_auc": 0.6793773369514937,
      "event_count": 1,
      "train_ratio": 0.8035305383238269,
      "pos_rate_train": 0.6537051584184341,
      "class_strategy": "none"
    }
  },
  "groupkfold_event": {
    "1": {
      "rows_train": 24019,
      "rows_test": 0,
      "auc": null,
      "brier": null,
      "pr_auc": null,
      "event_count": 1,
      "folds": 0,
      "note": "insufficient training data"
    },
    "2": {
      "rows_train": 24019,
      "rows_test": 0,
      "auc": null,
      "brier": null,
      "pr_auc": null,
      "event_count": 1,
      "folds": 0,
      "note": "insufficient training data"
    },
    "4": {
      "rows_train": 24019,
      "rows_test": 0,
      "auc": null,
      "brier": null,
      "pr_auc": null,
      "event_count": 1,
      "folds": 0,
      "note": "insufficient training data"
    },
    "8": {
      "rows_train": 24019,
      "rows_test": 0,
      "auc": null,
      "brier": null,
      "pr_auc": null,
      "event_count": 1,
      "folds": 0,
      "note": "insufficient training data"
    }
  },
  "calibration": {
    "1": {
      "rows": 4024,
      "brier": 0.20624585612035695,
      "ece": 0.04023968234659768
    },
    "2": {
      "rows": 4024,
      "brier": 0.23547324718635917,
      "ece": 0.06026175211121312
    },
    "4": {
      "rows": 4024,
      "brier": 0.22273290652259656,
      "ece": 0.0642041337241895
    },
    "8": {
      "rows": 4024,
      "brier": 0.205922836425946,
      "ece": 0.07464669933407025
    }
  },
  "eta_regression": {
    "rows_train": 17451,
    "rows_test": 2379,
    "mae": 4.634136033433593,
    "rmse": 6.435082698708558,
    "eta_class_mae": 2.778665533644437,
    "eta_class_rmse": 3.604951345262431
  },
  "feature_importance_path": "/home/runner/work/snow_map_dashboard/snow_map_dashboard/data/artifacts_snow/feature_importance.json"
}