{
  "within_event_time": {
    "1": {
      "rows_train": 49135,
      "rows_test": 15374,
      "auc": 0.665452644075402,
      "brier": 0.21042718061268673,
      "pr_auc": 0.5102793092847763,
      "event_count": 1,
      "train_ratio": 0.8004076492658418,
      "pos_rate_train": 0.3464740002035209,
      "class_strategy": "none"
    },
    "2": {
      "rows_train": 49135,
      "rows_test": 15374,
      "auc": 0.6374596825055772,
      "brier": 0.23753291038680155,
      "pr_auc": 0.5839717300571091,
      "event_count": 1,
      "train_ratio": 0.8004076492658418,
      "pos_rate_train": 0.46980767273837387,
      "class_strategy": "none"
    },
    "4": {
      "rows_train": 49135,
      "rows_test": 15374,
      "auc": 0.6879554396345773,
      "brier": 0.22220582057326035,
      "pr_auc": 0.7475599411540153,
      "event_count": 1,
      "train_ratio": 0.8004076492658418,
      "pos_rate_train": 0.5847969878905057,
      "class_strategy": "none"
    },
    "8": {
      "rows_train": 49135,
      "rows_test": 15374,
      "auc": 0.7063602157872921,
      "brier": 0.19682415238369305,
      "pr_auc": 0.8321438559407403,
      "event_count": 1,
      "train_ratio": 0.8004076492658418,
      "pos_rate_train": 0.6891625114480513,
      "class_strategy": "none"
    }
  },
  "groupkfold_event": {
    "1": {
      "rows_train": 77027,
      "rows_test": 0,
      "auc": null,
      "brier": null,
      "pr_auc": null,
      "event_count": 1,
      "folds": 0,
      "note": "insufficient training data"
    },
    "2": {
      "rows_train": 77027,
      "rows_test": 0,
      "auc": null,
      "brier": null,
      "pr_auc": null,
      "event_count": 1,
      "folds": 0,
      "note": "insufficient training data"
    },
    "4": {
      "rows_train": 77027,
      "rows_test": 0,
      "auc": null,
      "brier": null,
      "pr_auc": null,
      "event_count": 1,
      "folds": 0,
      "note": "insufficient training data"
    },
    "8": {
      "rows_train": 77027,
      "rows_test": 0,
      "auc": null,
      "brier": null,
      "pr_auc": null,
      "event_count": 1,
      "folds": 0,
      "note": "insufficient training data"
    }
  },
  "calibration": {
    "1": {
      "rows": 12518,
      "brier": 0.2154636962907534,
      "ece": 3.417230638984445e-17,
      "method": "isotonic"
    },
    "2": {
      "rows": 12518,
      "brier": 0.2267319767969206,
      "ece": 8.173848507559161e-17,
      "method": "isotonic"
    },
    "4": {
      "rows": 12518,
      "brier": 0.20685802202225634,
      "ece": 1.8261297393379114e-17,
      "method": "isotonic"
    },
    "8": {
      "rows": 12518,
      "brier": 0.17251683415095018,
      "ece": 6.861068316424518e-17,
      "method": "isotonic"
    }
  },
  "ranking": {
    "1": {
      "rows_test": 15374,
      "overall": [
        {
          "k": 10,
          "precision": 1.0,
          "recall": 0.0018814675446848542,
          "total_positives": 5315
        },
        {
          "k": 25,
          "precision": 1.0,
          "recall": 0.004703668861712135,
          "total_positives": 5315
        },
        {
          "k": 50,
          "precision": 1.0,
          "recall": 0.00940733772342427,
          "total_positives": 5315
        },
        {
          "k": 100,
          "precision": 0.93,
          "recall": 0.017497648165569143,
          "total_positives": 5315
        }
      ],
      "priority_1": [
        {
          "k": 10,
          "precision": 1.0,
          "recall": 0.0028669724770642203,
          "total_positives": 3488
        },
        {
          "k": 25,
          "precision": 0.92,
          "recall": 0.006594036697247707,
          "total_positives": 3488
        },
        {
          "k": 50,
          "precision": 0.86,
          "recall": 0.012327981651376147,
          "total_positives": 3488
        },
        {
          "k": 100,
          "precision": 0.83,
          "recall": 0.023795871559633027,
          "total_positives": 3488
        }
      ],
      "other": [
        {
          "k": 10,
          "precision": 1.0,
          "recall": 0.005473453749315818,
          "total_positives": 1827
        },
        {
          "k": 25,
          "precision": 1.0,
          "recall": 0.013683634373289545,
          "total_positives": 1827
        },
        {
          "k": 50,
          "precision": 0.96,
          "recall": 0.026272577996715927,
          "total_positives": 1827
        },
        {
          "k": 100,
          "precision": 0.86,
          "recall": 0.04707170224411604,
          "total_positives": 1827
        }
      ]
    },
    "2": {
      "rows_test": 15374,
      "overall": [
        {
          "k": 10,
          "precision": 1.0,
          "recall": 0.0014812620352540364,
          "total_positives": 6751
        },
        {
          "k": 25,
          "precision": 0.96,
          "recall": 0.0035550288846096876,
          "total_positives": 6751
        },
        {
          "k": 50,
          "precision": 0.98,
          "recall": 0.0072581839727447785,
          "total_positives": 6751
        },
        {
          "k": 100,
          "precision": 0.96,
          "recall": 0.01422011553843875,
          "total_positives": 6751
        }
      ],
      "priority_1": [
        {
          "k": 10,
          "precision": 1.0,
          "recall": 0.0022346368715083797,
          "total_positives": 4475
        },
        {
          "k": 25,
          "precision": 0.96,
          "recall": 0.005363128491620112,
          "total_positives": 4475
        },
        {
          "k": 50,
          "precision": 0.94,
          "recall": 0.010502793296089385,
          "total_positives": 4475
        },
        {
          "k": 100,
          "precision": 0.93,
          "recall": 0.020782122905027935,
          "total_positives": 4475
        }
      ],
      "other": [
        {
          "k": 10,
          "precision": 1.0,
          "recall": 0.004393673110720563,
          "total_positives": 2276
        },
        {
          "k": 25,
          "precision": 0.96,
          "recall": 0.01054481546572935,
          "total_positives": 2276
        },
        {
          "k": 50,
          "precision": 0.96,
          "recall": 0.0210896309314587,
          "total_positives": 2276
        },
        {
          "k": 100,
          "precision": 0.95,
          "recall": 0.04173989455184534,
          "total_positives": 2276
        }
      ]
    },
    "4": {
      "rows_test": 15374,
      "overall": [
        {
          "k": 10,
          "precision": 1.0,
          "recall": 0.0011427265455376528,
          "total_positives": 8751
        },
        {
          "k": 25,
          "precision": 0.96,
          "recall": 0.002742543709290367,
          "total_positives": 8751
        },
        {
          "k": 50,
          "precision": 0.98,
          "recall": 0.005599360073134499,
          "total_positives": 8751
        },
        {
          "k": 100,
          "precision": 0.98,
          "recall": 0.011198720146268997,
          "total_positives": 8751
        }
      ],
      "priority_1": [
        {
          "k": 10,
          "precision": 1.0,
          "recall": 0.001677008217340265,
          "total_positives": 5963
        },
        {
          "k": 25,
          "precision": 1.0,
          "recall": 0.004192520543350662,
          "total_positives": 5963
        },
        {
          "k": 50,
          "precision": 1.0,
          "recall": 0.008385041086701324,
          "total_positives": 5963
        },
        {
          "k": 100,
          "precision": 1.0,
          "recall": 0.01677008217340265,
          "total_positives": 5963
        }
      ],
      "other": [
        {
          "k": 10,
          "precision": 1.0,
          "recall": 0.003586800573888092,
          "total_positives": 2788
        },
        {
          "k": 25,
          "precision": 0.96,