{
  "within_event_time": {
    "1": {
      "rows_train": 55847,
      "rows_test": 17866,
      "auc": 0.661867542646601,
      "brier": 0.2024565925666775,
      "pr_auc": 0.46403771635946633,
      "event_count": 1,
      "train_ratio": 0.7963663718428011,
      "pos_rate_train": 0.3554711980947947,
      "class_strategy": "none"
    },
    "2": {
      "rows_train": 55847,
      "rows_test": 17866,
      "auc": 0.6611548616216131,
      "brier": 0.22721527394277297,
      "pr_auc": 0.5598718500537379,
      "event_count": 1,
      "train_ratio": 0.7963663718428011,
      "pos_rate_train": 0.4766236324243021,
      "class_strategy": "none"
    },
    "4": {
      "rows_train": 55847,
      "rows_test": 17866,
      "auc": 0.7023881521544033,
      "brier": 0.22386046514135358,
      "pr_auc": 0.7047152258086672,
      "event_count": 1,
      "train_ratio": 0.7963663718428011,
      "pos_rate_train": 0.5892527799165578,
      "class_strategy": "none"
    },
    "8": {
      "rows_train": 55847,
      "rows_test": 17866,
      "auc": 0.7434938940518206,
      "brier": 0.21371730300943695,
      "pr_auc": 0.8110745690064605,
      "event_count": 1,
      "train_ratio": 0.7963663718428011,
      "pos_rate_train": 0.6912457249270327,
      "class_strategy": "none"
    }
  },
  "groupkfold_event": {
    "1": {
      "rows_train": 87736,
      "rows_test": 0,
      "auc": null,
      "brier": null,
      "pr_auc": null,
      "event_count": 1,
      "folds": 0,
      "note": "insufficient training data"
    },
    "2": {
      "rows_train": 87736,
      "rows_test": 0,
      "auc": null,
      "brier": null,
      "pr_auc": null,
      "event_count": 1,
      "folds": 0,
      "note": "insufficient training data"
    },
    "4": {
      "rows_train": 87736,
      "rows_test": 0,
      "auc": null,
      "brier": null,
      "pr_auc": null,
      "event_count": 1,
      "folds": 0,
      "note": "insufficient training data"
    },
    "8": {
      "rows_train": 87736,
      "rows_test": 0,
      "auc": null,
      "brier": null,
      "pr_auc": null,
      "event_count": 1,
      "folds": 0,
      "note": "insufficient training data"
    }
  },
  "calibration": {
    "1": {
      "rows": 14023,
      "brier": 0.20820122084079515,
      "ece": 4.449442628819354e-18,
      "method": "isotonic"
    },
    "2": {
      "rows": 14023,
      "brier": 0.220976132884861,
      "ece": 7.489631186589161e-18,
      "method": "isotonic"
    },
    "4": {
      "rows": 14023,
      "brier": 0.20476261798751794,
      "ece": 7.83323583087877e-17,
      "method": "isotonic"
    },
    "8": {
      "rows": 14023,
      "brier": 0.16620622744926536,
      "ece": 4.6101609301806225e-17,
      "method": "isotonic"
    }
  },
  "ranking": {
    "1": {
      "rows_test": 17866,
      "overall": [
        {
          "k": 10,
          "precision": 0.9,
          "recall": 0.0015994313133108227,
          "total_positives": 5627
        },
        {
          "k": 25,
          "precision": 0.8,
          "recall": 0.003554291807357384,
          "total_positives": 5627
        },
        {
          "k": 50,
          "precision": 0.84,
          "recall": 0.007464012795450507,
          "total_positives": 5627
        },
        {
          "k": 100,
          "precision": 0.82,
          "recall": 0.014572596410165275,
          "total_positives": 5627
        }
      ],
      "priority_1": [
        {
          "k": 10,
          "precision": 0.7,
          "recall": 0.00195858981533296,
          "total_positives": 3574
        },
        {
          "k": 25,
          "precision": 0.64,
          "recall": 0.004476776720761052,
          "total_positives": 3574
        },
        {
          "k": 50,
          "precision": 0.62,
          "recall": 0.008673754896474537,
          "total_positives": 3574
        },
        {
          "k": 100,
          "precision": 0.62,
          "recall": 0.017347509792949075,
          "total_positives": 3574
        }
      ],
      "other": [
        {
          "k": 10,
          "precision": 0.8,
          "recall": 0.003896736483195324,
          "total_positives": 2053
        },
        {
          "k": 25,
          "precision": 0.88,
          "recall": 0.01071602532878714,
          "total_positives": 2053
        },
        {
          "k": 50,
          "precision": 0.92,
          "recall": 0.022406234778373113,
          "total_positives": 2053
        },
        {
          "k": 100,
          "precision": 0.86,
          "recall": 0.04188991719434973,
          "total_positives": 2053
        }
      ]
    },
    "2": {
      "rows_test": 17866,
      "overall": [
        {
          "k": 10,
          "precision": 1.0,
          "recall": 0.0013646288209606986,
          "total_positives": 7328
        },
        {
          "k": 25,
          "precision": 0.88,
          "recall": 0.003002183406113537,
          "total_positives": 7328
        },
        {
          "k": 50,
          "precision": 0.9,
          "recall": 0.006140829694323144,
          "total_positives": 7328
        },
        {
          "k": 100,
          "precision": 0.85,
          "recall": 0.011599344978165938,
          "total_positives": 7328
        }
      ],
      "priority_1": [
        {
          "k": 10,
          "precision": 0.6,
          "recall": 0.0012549675800041832,
          "total_positives": 4781
        },
        {
          "k": 25,
          "precision": 0.64,
          "recall": 0.003346580213344489,
          "total_positives": 4781
        },
        {
          "k": 50,
          "precision": 0.72,
          "recall": 0.007529805480025099,
          "total_positives": 4781
        },
        {
          "k": 100,
          "precision": 0.69,
          "recall": 0.014432127170048107,
          "total_positives": 4781
        }
      ],
      "other": [
        {
          "k": 10,
          "precision": 0.8,
          "recall": 0.0031409501374165686,
          "total_positives": 2547
        },
        {
          "k": 25,
          "precision": 0.88,
          "recall": 0.008637612877895563,
          "total_positives": 2547
        },
        {
          "k": 50,
          "precision": 0.94,
          "recall": 0.01845308205732234,
          "total_positives": 2547
        },
        {
          "k": 100,
          "precision": 0.94,
          "recall": 0.03690616411464468,
          "total_positives": 2547
        }
      ]
    },
    "4": {
      "rows_test": 17866,
      "overall": [
        {
          "k": 10,
          "precision": 1.0,
          "recall": 0.0011009578333149841,
          "total_positives": 9083
        },
        {
          "k": 25,
          "precision": 1.0,
          "recall": 0.00275239458328746,
          "total_positives": 9083
        },
        {
          "k": 50,
          "precision": 0.94,
          "recall": 0.0051745018165804246,
          "total_positives": 9083
        },
        {
          "k": 100,
          "precision": 0.93,
          "recall": 0.010238907849829351,
          "total_positives": 9083
        }
      ],
      "priority_1": [
        {
          "k": 10,
          "precision": 0.9,
          "recall": 0.0014717906786590352,
          "total_positives": 6115
        },
        {
          "k": 25,
          "precision": 0.92,
          "recall": 0.0037612428454619788,
          "total_positives": 6115
        },
        {
          "k": 50,
          "precision": 0.96,
          "recall": 0.007849550286181521,
          "total_positives": 6115
        },
        {
          "k": 100,
          "precision": 0.94,
          "recall": 0.015372035977105479,
          "total_positives": 6115
        }
      ],
      "other": [
        {
          "k": 10,
          "precision": 1.0,
          "recall": 0.0033692722371967657,
          "total_positives": 2968
        },
        {
          "k": 25,
          "precision": 1.0,