{
  "within_event_time": {
    "1": {
      "rows_train": 35845,
      "rows_test": 11538,
      "auc": 0.6685621833314686,
      "brier": 0.21654327879118038,
      "pr_auc": 0.5448005122142054,
      "event_count": 1,
      "train_ratio": 0.7952440106477373,
      "pos_rate_train": 0.3267122332263914,
      "class_strategy": "none"
    },
    "2": {
      "rows_train": 35845,
      "rows_test": 11538,
      "auc": 0.6632697510884307,
      "brier": 0.22955625697461285,
      "pr_auc": 0.6546023766427771,
      "event_count": 1,
      "train_ratio": 0.7952440106477373,
      "pos_rate_train": 0.4441623657413865,
      "class_strategy": "none"
    },
    "4": {
      "rows_train": 35845,
      "rows_test": 11538,
      "auc": 0.7058515370257711,
      "brier": 0.21378250202461793,
      "pr_auc": 0.7657839501496294,
      "event_count": 1,
      "train_ratio": 0.7952440106477373,
      "pos_rate_train": 0.5568419584321384,
      "class_strategy": "none"
    },
    "8": {
      "rows_train": 35845,
      "rows_test": 11538,
      "auc": 0.7259312165976515,
      "brier": 0.20201525884091287,
      "pr_auc": 0.8332238042505743,
      "event_count": 1,
      "train_ratio": 0.7952440106477373,
      "pos_rate_train": 0.6583065978518622,
      "class_strategy": "none"
    }
  },
  "groupkfold_event": {
    "1": {
      "rows_train": 56350,
      "rows_test": 0,
      "auc": null,
      "brier": null,
      "pr_auc": null,
      "event_count": 1,
      "folds": 0,
      "note": "insufficient training data"
    },
    "2": {
      "rows_train": 56350,
      "rows_test": 0,
      "auc": null,
      "brier": null,
      "pr_auc": null,
      "event_count": 1,
      "folds": 0,
      "note": "insufficient training data"
    },
    "4": {
      "rows_train": 56350,
      "rows_test": 0,
      "auc": null,
      "brier": null,
      "pr_auc": null,
      "event_count": 1,
      "folds": 0,
      "note": "insufficient training data"
    },
    "8": {
      "rows_train": 56350,
      "rows_test": 0,
      "auc": null,
      "brier": null,
      "pr_auc": null,
      "event_count": 1,
      "folds": 0,
      "note": "insufficient training data"
    }
  },
  "calibration": {
    "1": {
      "rows": 8967,
      "brier": 0.2247025718842257,
      "ece": 1.8850390933331112e-17,
      "method": "isotonic"
    },
    "2": {
      "rows": 8967,
      "brier": 0.21191436015450052,
      "ece": 5.4180171247459405e-17,
      "method": "isotonic"
    },
    "4": {
      "rows": 8967,
      "brier": 0.1822127128654083,
      "ece": 4.532760670405596e-17,
      "method": "isotonic"
    },
    "8": {
      "rows": 8967,
      "brier": 0.13034822101982657,
      "ece": 1.316741593274065e-17,
      "method": "isotonic"
    }
  },
  "ranking": {
    "1": {
      "rows_test": 11538,
      "overall": [
        {
          "k": 10,
          "precision": 1.0,
          "recall": 0.002284669865204478,
          "total_positives": 4377
        },
        {
          "k": 25,
          "precision": 0.96,
          "recall": 0.0054832076764907475,
          "total_positives": 4377
        },
        {
          "k": 50,
          "precision": 0.98,
          "recall": 0.011194882339501942,
          "total_positives": 4377
        },
        {
          "k": 100,
          "precision": 0.88,
          "recall": 0.020105094813799407,
          "total_positives": 4377
        }
      ],
      "priority_1": [
        {
          "k": 10,
          "precision": 0.9,
          "recall": 0.003038487508440243,
          "total_positives": 2962
        },
        {
          "k": 25,
          "precision": 0.8,
          "recall": 0.00675219446320054,
          "total_positives": 2962
        },
        {
          "k": 50,
          "precision": 0.84,
          "recall": 0.014179608372721135,
          "total_positives": 2962
        },
        {
          "k": 100,
          "precision": 0.81,
          "recall": 0.027346387575962187,
          "total_positives": 2962
        }
      ],
      "other": [
        {
          "k": 10,
          "precision": 0.9,
          "recall": 0.0063604240282685515,
          "total_positives": 1415
        },
        {
          "k": 25,
          "precision": 0.96,
          "recall": 0.01696113074204947,
          "total_positives": 1415
        },
        {
          "k": 50,
          "precision": 0.98,
          "recall": 0.03462897526501767,
          "total_positives": 1415
        },
        {
          "k": 100,
          "precision": 0.88,
          "recall": 0.06219081272084806,
          "total_positives": 1415
        }
      ]
    },
    "2": {
      "rows_test": 11538,
      "overall": [
        {
          "k": 10,
          "precision": 1.0,
          "recall": 0.0017568517217146872,
          "total_positives": 5692
        },
        {
          "k": 25,
          "precision": 1.0,
          "recall": 0.004392129304286718,
          "total_positives": 5692
        },
        {
          "k": 50,
          "precision": 0.98,
          "recall": 0.008608573436401968,
          "total_positives": 5692
        },
        {
          "k": 100,
          "precision": 0.98,
          "recall": 0.017217146872803936,
          "total_positives": 5692
        }
      ],
      "priority_1": [
        {
          "k": 10,
          "precision": 1.0,
          "recall": 0.002537427048972342,
          "total_positives": 3941
        },
        {
          "k": 25,
          "precision": 0.96,
          "recall": 0.006089824917533621,
          "total_positives": 3941
        },
        {
          "k": 50,
          "precision": 0.94,
          "recall": 0.011925907130170008,
          "total_positives": 3941
        },
        {
          "k": 100,
          "precision": 0.9,
          "recall": 0.022836843440751077,
          "total_positives": 3941
        }
      ],
      "other": [
        {
          "k": 10,
          "precision": 1.0,
          "recall": 0.0057110222729868645,
          "total_positives": 1751
        },
        {
          "k": 25,
          "precision": 1.0,
          "recall": 0.014277555682467162,
          "total_positives": 1751
        },
        {
          "k": 50,
          "precision": 0.98,
          "recall": 0.027984009137635636,
          "total_positives": 1751
        },
        {
          "k": 100,
          "precision": 0.99,
          "recall": 0.05653912050256996,
          "total_positives": 1751
        }
      ]
    },
    "4": {
      "rows_test": 11538,
      "overall": [
        {
          "k": 10,
          "precision": 1.0,
          "recall": 0.001481700992739665,
          "total_positives": 6749
        },
        {
          "k": 25,
          "precision": 1.0,
          "recall": 0.003704252481849163,
          "total_positives": 6749
        },
        {
          "k": 50,
          "precision": 1.0,
          "recall": 0.007408504963698326,
          "total_positives": 6749
        },
        {
          "k": 100,
          "precision": 1.0,
          "recall": 0.014817009927396652,
          "total_positives": 6749
        }
      ],
      "priority_1": [
        {
          "k": 10,
          "precision": 1.0,
          "recall": 0.0021043771043771043,
          "total_positives": 4752
        },
        {
          "k": 25,
          "precision": 1.0,
          "recall": 0.005260942760942761,
          "total_positives": 4752
        },
        {
          "k": 50,
          "precision": 1.0,
          "recall": 0.010521885521885523,
          "total_positives": 4752
        },
        {
          "k": 100,
          "precision": 0.98,
          "recall": 0.020622895622895623,
          "total_positives": 4752
        }
      ],
      "other": [
        {
          "k": 10,
          "precision": 1.0,
          "recall": 0.005007511266900351,
          "total_positives": 1997
        },
        {
          "k": 25,
          "precision": 1.0,
          "recall": 0.012518778167250876,