{
  "within_event_time": {
    "1": {
      "rows_train": 16636,
      "rows_test": 5244,
      "auc": 0.6569338616166236,
      "brier": 0.19358176033376043,
      "pr_auc": 0.4198553458601675,
      "event_count": 1,
      "train_ratio": 0.7989263803680982,
      "pos_rate_train": 0.31672276989660975,
      "class_strategy": "none"
    },
    "2": {
      "rows_train": 16636,
      "rows_test": 5244,
      "auc": 0.6098982706175851,
      "brier": 0.23349039930825347,
      "pr_auc": 0.46184156360317774,
      "event_count": 1,
      "train_ratio": 0.7989263803680982,
      "pos_rate_train": 0.4374248617456119,
      "class_strategy": "none"
    },
    "4": {
      "rows_train": 16636,
      "rows_test": 5244,
      "auc": 0.6387706915360352,
      "brier": 0.2381176802492284,
      "pr_auc": 0.56193740259717,
      "event_count": 1,
      "train_ratio": 0.7989263803680982,
      "pos_rate_train": 0.5525967780716519,
      "class_strategy": "none"
    },
    "8": {
      "rows_train": 16636,
      "rows_test": 5244,
      "auc": 0.6459168548672677,
      "brier": 0.2500905720529286,
      "pr_auc": 0.6292729695404679,
      "event_count": 1,
      "train_ratio": 0.7989263803680982,
      "pos_rate_train": 0.648292858860303,
      "class_strategy": "none"
    }
  },
  "groupkfold_event": {
    "1": {
      "rows_train": 26080,
      "rows_test": 0,
      "auc": null,
      "brier": null,
      "pr_auc": null,
      "event_count": 1,
      "folds": 0,
      "note": "insufficient training data"
    },
    "2": {
      "rows_train": 26080,
      "rows_test": 0,
      "auc": null,
      "brier": null,
      "pr_auc": null,
      "event_count": 1,
      "folds": 0,
      "note": "insufficient training data"
    },
    "4": {
      "rows_train": 26080,
      "rows_test": 0,
      "auc": null,
      "brier": null,
      "pr_auc": null,
      "event_count": 1,
      "folds": 0,
      "note": "insufficient training data"
    },
    "8": {
      "rows_train": 26080,
      "rows_test": 0,
      "auc": null,
      "brier": null,
      "pr_auc": null,
      "event_count": 1,
      "folds": 0,
      "note": "insufficient training data"
    }
  },
  "calibration": {
    "1": {
      "rows": 4200,
      "brier": 0.20290754690180837,
      "ece": 2.0089749969407594e-18,
      "method": "isotonic"
    },
    "2": {
      "rows": 4200,
      "brier": 0.22603234081266557,
      "ece": 2.191368779557749e-17,
      "method": "isotonic"
    },
    "4": {
      "rows": 4200,
      "brier": 0.21935977128752074,
      "ece": 5.3475742352778376e-17,
      "method": "isotonic"
    },
    "8": {
      "rows": 4200,
      "brier": 0.20280894250273054,
      "ece": 9.331160183159054e-18,
      "method": "isotonic"
    }
  },
  "ranking": {
    "1": {
      "rows_test": 5244,
      "overall": [
        {
          "k": 10,
          "precision": 1.0,
          "recall": 0.006743088334457181,
          "total_positives": 1483
        },
        {
          "k": 25,
          "precision": 0.84,
          "recall": 0.014160485502360081,
          "total_positives": 1483
        },
        {
          "k": 50,
          "precision": 0.74,
          "recall": 0.024949426837491573,
          "total_positives": 1483
        },
        {
          "k": 100,
          "precision": 0.64,
          "recall": 0.04315576534052596,
          "total_positives": 1483
        }
      ],
      "priority_1": [
        {
          "k": 10,
          "precision": 0.6,
          "recall": 0.00906344410876133,
          "total_positives": 662
        },
        {
          "k": 25,
          "precision": 0.44,
          "recall": 0.01661631419939577,
          "total_positives": 662
        },
        {
          "k": 50,
          "precision": 0.56,
          "recall": 0.04229607250755287,
          "total_positives": 662
        },
        {
          "k": 100,
          "precision": 0.56,
          "recall": 0.08459214501510574,
          "total_positives": 662
        }
      ],
      "other": [
        {
          "k": 10,
          "precision": 0.9,
          "recall": 0.010962241169305725,
          "total_positives": 821
        },
        {
          "k": 25,
          "precision": 0.92,
          "recall": 0.028014616321559074,
          "total_positives": 821
        },
        {
          "k": 50,
          "precision": 0.78,
          "recall": 0.047503045066991476,
          "total_positives": 821
        },
        {
          "k": 100,
          "precision": 0.68,
          "recall": 0.0828258221680877,
          "total_positives": 821
        }
      ]
    },
    "2": {
      "rows_test": 5244,
      "overall": [
        {
          "k": 10,
          "precision": 0.9,
          "recall": 0.004589495155532891,
          "total_positives": 1961
        },
        {
          "k": 25,
          "precision": 0.84,
          "recall": 0.010708822029576747,
          "total_positives": 1961
        },
        {
          "k": 50,
          "precision": 0.68,
          "recall": 0.017338092809790925,
          "total_positives": 1961
        },
        {
          "k": 100,
          "precision": 0.72,
          "recall": 0.03671596124426313,
          "total_positives": 1961
        }
      ],
      "priority_1": [
        {
          "k": 10,
          "precision": 0.7,
          "recall": 0.007368421052631579,
          "total_positives": 950
        },
        {
          "k": 25,
          "precision": 0.68,
          "recall": 0.017894736842105262,
          "total_positives": 950
        },
        {
          "k": 50,
          "precision": 0.62,
          "recall": 0.03263157894736842,
          "total_positives": 950
        },
        {
          "k": 100,
          "precision": 0.61,
          "recall": 0.06421052631578947,
          "total_positives": 950
        }
      ],
      "other": [
        {
          "k": 10,
          "precision": 1.0,
          "recall": 0.009891196834817012,
          "total_positives": 1011
        },
        {
          "k": 25,
          "precision": 0.92,
          "recall": 0.02274975272007913,
          "total_positives": 1011
        },
        {
          "k": 50,
          "precision": 0.8,
          "recall": 0.03956478733926805,
          "total_positives": 1011
        },
        {
          "k": 100,
          "precision": 0.62,
          "recall": 0.06132542037586548,
          "total_positives": 1011
        }
      ]
    },
    "4": {
      "rows_test": 5244,
      "overall": [
        {
          "k": 10,
          "precision": 0.5,
          "recall": 0.002208480565371025,
          "total_positives": 2264
        },
        {
          "k": 25,
          "precision": 0.76,
          "recall": 0.008392226148409895,
          "total_positives": 2264
        },
        {
          "k": 50,
          "precision": 0.8,
          "recall": 0.0176678445229682,
          "total_positives": 2264
        },
        {
          "k": 100,
          "precision": 0.82,
          "recall": 0.036219081272084806,
          "total_positives": 2264
        }
      ],
      "priority_1": [
        {
          "k": 10,
          "precision": 0.7,
          "recall": 0.00603448275862069,
          "total_positives": 1160
        },
        {
          "k": 25,
          "precision": 0.72,
          "recall": 0.015517241379310345,
          "total_positives": 1160
        },
        {
          "k": 50,
          "precision": 0.78,
          "recall": 0.03362068965517241,
          "total_positives": 1160
        },
        {
          "k": 100,
          "precision": 0.72,
          "recall": 0.06206896551724138,
          "total_positives": 1160
        }
      ],
      "other": [
        {
          "k": 10,
          "precision": 0.9,
          "recall": 0.008152173913043478,
          "total_positives": 1104
        },
        {
          "k": 25,
          "precision": 0.92,
          "recall": 0.020833333333333332,