{
  "within_event_time": {
    "1": {
      "rows_train": 27394,
      "rows_test": 8743,
      "auc": 0.6775033501761605,
      "brier": 0.23584196662686566,
      "pr_auc": 0.5704981754832444,
      "event_count": 1,
      "train_ratio": 0.7966602321092169,
      "pos_rate_train": 0.30922829816748193,
      "class_strategy": "none"
    },
    "2": {
      "rows_train": 27394,
      "rows_test": 8743,
      "auc": 0.651263869488083,
      "brier": 0.23550443184561906,
      "pr_auc": 0.6674627886455256,
      "event_count": 1,
      "train_ratio": 0.7966602321092169,
      "pos_rate_train": 0.4225012776520406,
      "class_strategy": "none"
    },
    "4": {
      "rows_train": 27394,
      "rows_test": 8743,
      "auc": 0.70868796236904,
      "brier": 0.27682463137739816,
      "pr_auc": 0.7863735229076667,
      "event_count": 1,
      "train_ratio": 0.7966602321092169,
      "pos_rate_train": 0.5239468496751113,
      "class_strategy": "none"
    },
    "8": {
      "rows_train": 27394,
      "rows_test": 8743,
      "auc": 0.7032466097240193,
      "brier": 0.24426559355580024,
      "pr_auc": 0.8259209174990887,
      "event_count": 1,
      "train_ratio": 0.7966602321092169,
      "pos_rate_train": 0.6121048404760167,
      "class_strategy": "none"
    }
  },
  "groupkfold_event": {
    "1": {
      "rows_train": 42997,
      "rows_test": 0,
      "auc": null,
      "brier": null,
      "pr_auc": null,
      "event_count": 1,
      "folds": 0,
      "note": "insufficient training data"
    },
    "2": {
      "rows_train": 42997,
      "rows_test": 0,
      "auc": null,
      "brier": null,
      "pr_auc": null,
      "event_count": 1,
      "folds": 0,
      "note": "insufficient training data"
    },
    "4": {
      "rows_train": 42997,
      "rows_test": 0,
      "auc": null,
      "brier": null,
      "pr_auc": null,
      "event_count": 1,
      "folds": 0,
      "note": "insufficient training data"
    },
    "8": {
      "rows_train": 42997,
      "rows_test": 0,
      "auc": null,
      "brier": null,
      "pr_auc": null,
      "event_count": 1,
      "folds": 0,
      "note": "insufficient training data"
    }
  },
  "calibration": {
    "1": {
      "rows": 6860,
      "brier": 0.20554080584113282,
      "ece": 2.089355575497197e-17,
      "method": "isotonic"
    },
    "2": {
      "rows": 6860,
      "brier": 0.21361180388878956,
      "ece": 6.028543391732811e-17,
      "method": "isotonic"
    },
    "4": {
      "rows": 6860,
      "brier": 0.17436745110038815,
      "ece": 1.4792184322265206e-17,
      "method": "isotonic"
    },
    "8": {
      "rows": 6860,
      "brier": 0.11926254111988221,
      "ece": 6.4897876512345154e-18,
      "method": "isotonic"
    }
  },
  "ranking": {
    "1": {
      "rows_test": 8743,
      "overall": [
        {
          "k": 10,
          "precision": 1.0,
          "recall": 0.002868617326448652,
          "total_positives": 3486
        },
        {
          "k": 25,
          "precision": 0.96,
          "recall": 0.0068846815834767644,
          "total_positives": 3486
        },
        {
          "k": 50,
          "precision": 0.92,
          "recall": 0.013195639701663799,
          "total_positives": 3486
        },
        {
          "k": 100,
          "precision": 0.84,
          "recall": 0.024096385542168676,
          "total_positives": 3486
        }
      ],
      "priority_1": [
        {
          "k": 10,
          "precision": 1.0,
          "recall": 0.0037650602409638554,
          "total_positives": 2656
        },
        {
          "k": 25,
          "precision": 0.88,
          "recall": 0.008283132530120483,
          "total_positives": 2656
        },
        {
          "k": 50,
          "precision": 0.84,
          "recall": 0.01581325301204819,
          "total_positives": 2656
        },
        {
          "k": 100,
          "precision": 0.79,
          "recall": 0.029743975903614456,
          "total_positives": 2656
        }
      ],
      "other": [
        {
          "k": 10,
          "precision": 0.9,
          "recall": 0.010843373493975903,
          "total_positives": 830
        },
        {
          "k": 25,
          "precision": 0.96,
          "recall": 0.02891566265060241,
          "total_positives": 830
        },
        {
          "k": 50,
          "precision": 0.9,
          "recall": 0.05421686746987952,
          "total_positives": 830
        },
        {
          "k": 100,
          "precision": 0.75,
          "recall": 0.09036144578313253,
          "total_positives": 830
        }
      ]
    },
    "2": {
      "rows_test": 8743,
      "overall": [
        {
          "k": 10,
          "precision": 1.0,
          "recall": 0.002142704092564817,
          "total_positives": 4667
        },
        {
          "k": 25,
          "precision": 1.0,
          "recall": 0.005356760231412042,
          "total_positives": 4667
        },
        {
          "k": 50,
          "precision": 1.0,
          "recall": 0.010713520462824084,
          "total_positives": 4667
        },
        {
          "k": 100,
          "precision": 0.96,
          "recall": 0.020569959288622243,
          "total_positives": 4667
        }
      ],
      "priority_1": [
        {
          "k": 10,
          "precision": 1.0,
          "recall": 0.0027917364600781687,
          "total_positives": 3582
        },
        {
          "k": 25,
          "precision": 0.96,
          "recall": 0.006700167504187605,
          "total_positives": 3582
        },
        {
          "k": 50,
          "precision": 0.98,
          "recall": 0.013679508654383027,
          "total_positives": 3582
        },
        {
          "k": 100,
          "precision": 0.94,
          "recall": 0.026242322724734785,
          "total_positives": 3582
        }
      ],
      "other": [
        {
          "k": 10,
          "precision": 0.9,
          "recall": 0.008294930875576038,
          "total_positives": 1085
        },
        {
          "k": 25,
          "precision": 0.96,
          "recall": 0.022119815668202765,
          "total_positives": 1085
        },
        {
          "k": 50,
          "precision": 0.96,
          "recall": 0.04423963133640553,
          "total_positives": 1085
        },
        {
          "k": 100,
          "precision": 0.81,
          "recall": 0.07465437788018434,
          "total_positives": 1085
        }
      ]
    },
    "4": {
      "rows_test": 8743,
      "overall": [
        {
          "k": 10,
          "precision": 0.9,
          "recall": 0.0016,
          "total_positives": 5625
        },
        {
          "k": 25,
          "precision": 0.92,
          "recall": 0.004088888888888889,
          "total_positives": 5625
        },
        {
          "k": 50,
          "precision": 0.88,
          "recall": 0.007822222222222222,
          "total_positives": 5625
        },
        {
          "k": 100,
          "precision": 0.87,
          "recall": 0.015466666666666667,
          "total_positives": 5625
        }
      ],
      "priority_1": [
        {
          "k": 10,
          "precision": 0.9,
          "recall": 0.0020954598370197903,
          "total_positives": 4295
        },
        {
          "k": 25,
          "precision": 0.96,
          "recall": 0.0055878928987194414,
          "total_positives": 4295
        },
        {
          "k": 50,
          "precision": 0.88,
          "recall": 0.010244470314318976,
          "total_positives": 4295
        },
        {
          "k": 100,
          "precision": 0.9,
          "recall": 0.020954598370197905,
          "total_positives": 4295
        }
      ],
      "other": [
        {
          "k": 10,
          "precision": 0.8,
          "recall": 0.006015037593984963,
          "total_positives": 1330
        },
        {
          "k": 25,
          "precision": 0.92,
          "recall": 0.017293233082706767,