{
  "within_event_time": {
    "1": {
      "rows_train": 49771,
      "rows_test": 15362,
      "auc": 0.6371755365366658,
      "brier": 0.2184521841886098,
      "pr_auc": 0.4696885912890015,
      "event_count": 1,
      "train_ratio": 0.8016834060571635,
      "pos_rate_train": 0.3471298547346849,
      "class_strategy": "none"
    },
    "2": {
      "rows_train": 49771,
      "rows_test": 15362,
      "auc": 0.6400019385125222,
      "brier": 0.23725900592771787,
      "pr_auc": 0.580208710437359,
      "event_count": 1,
      "train_ratio": 0.8016834060571635,
      "pos_rate_train": 0.4704144984026843,
      "class_strategy": "none"
    },
    "4": {
      "rows_train": 49771,
      "rows_test": 15362,
      "auc": 0.6887600910337119,
      "brier": 0.22058403668036128,
      "pr_auc": 0.7482794808523161,
      "event_count": 1,
      "train_ratio": 0.8016834060571635,
      "pos_rate_train": 0.5866870265817444,
      "class_strategy": "none"
    },
    "8": {
      "rows_train": 49771,
      "rows_test": 15362,
      "auc": 0.7160301151605053,
      "brier": 0.19527159111442013,
      "pr_auc": 0.8369433753923781,
      "event_count": 1,
      "train_ratio": 0.8016834060571635,
      "pos_rate_train": 0.6903015812420887,
      "class_strategy": "none"
    }
  },
  "groupkfold_event": {
    "1": {
      "rows_train": 77462,
      "rows_test": 0,
      "auc": null,
      "brier": null,
      "pr_auc": null,
      "event_count": 1,
      "folds": 0,
      "note": "insufficient training data"
    },
    "2": {
      "rows_train": 77462,
      "rows_test": 0,
      "auc": null,
      "brier": null,
      "pr_auc": null,
      "event_count": 1,
      "folds": 0,
      "note": "insufficient training data"
    },
    "4": {
      "rows_train": 77462,
      "rows_test": 0,
      "auc": null,
      "brier": null,
      "pr_auc": null,
      "event_count": 1,
      "folds": 0,
      "note": "insufficient training data"
    },
    "8": {
      "rows_train": 77462,
      "rows_test": 0,
      "auc": null,
      "brier": null,
      "pr_auc": null,
      "event_count": 1,
      "folds": 0,
      "note": "insufficient training data"
    }
  },
  "calibration": {
    "1": {
      "rows": 12329,
      "brier": 0.2150608678055179,
      "ece": 2.746966774774142e-17,
      "method": "isotonic"
    },
    "2": {
      "rows": 12329,
      "brier": 0.22474005314279644,
      "ece": 1.813151155878622e-17,
      "method": "isotonic"
    },
    "4": {
      "rows": 12329,
      "brier": 0.20486668526421753,
      "ece": 6.245848729661843e-17,
      "method": "isotonic"
    },
    "8": {
      "rows": 12329,
      "brier": 0.17155108194590776,
      "ece": 6.512395907282936e-17,
      "method": "isotonic"
    }
  },
  "ranking": {
    "1": {
      "rows_test": 15362,
      "overall": [
        {
          "k": 10,
          "precision": 0.9,
          "recall": 0.0017000377786173025,
          "total_positives": 5294
        },
        {
          "k": 25,
          "precision": 0.96,
          "recall": 0.004533434076312807,
          "total_positives": 5294
        },
        {
          "k": 50,
          "precision": 0.98,
          "recall": 0.009255761239138648,
          "total_positives": 5294
        },
        {
          "k": 100,
          "precision": 0.92,
          "recall": 0.017378163959199094,
          "total_positives": 5294
        }
      ],
      "priority_1": [
        {
          "k": 10,
          "precision": 0.8,
          "recall": 0.0023508668821627977,
          "total_positives": 3403
        },
        {
          "k": 25,
          "precision": 0.88,
          "recall": 0.006464883925947693,
          "total_positives": 3403
        },
        {
          "k": 50,
          "precision": 0.86,
          "recall": 0.012635909491625037,
          "total_positives": 3403
        },
        {
          "k": 100,
          "precision": 0.79,
          "recall": 0.023214810461357625,
          "total_positives": 3403
        }
      ],
      "other": [
        {
          "k": 10,
          "precision": 1.0,
          "recall": 0.005288207297726071,
          "total_positives": 1891
        },
        {
          "k": 25,
          "precision": 1.0,
          "recall": 0.013220518244315178,
          "total_positives": 1891
        },
        {
          "k": 50,
          "precision": 1.0,
          "recall": 0.026441036488630356,
          "total_positives": 1891
        },
        {
          "k": 100,
          "precision": 0.85,
          "recall": 0.0449497620306716,
          "total_positives": 1891
        }
      ]
    },
    "2": {
      "rows_test": 15362,
      "overall": [
        {
          "k": 10,
          "precision": 0.9,
          "recall": 0.0013315579227696406,
          "total_positives": 6759
        },
        {
          "k": 25,
          "precision": 0.92,
          "recall": 0.00340287024707797,
          "total_positives": 6759
        },
        {
          "k": 50,
          "precision": 0.94,
          "recall": 0.006953691374463678,
          "total_positives": 6759
        },
        {
          "k": 100,
          "precision": 0.97,
          "recall": 0.014351235389850569,
          "total_positives": 6759
        }
      ],
      "priority_1": [
        {
          "k": 10,
          "precision": 0.8,
          "recall": 0.0018157058556513845,
          "total_positives": 4406
        },
        {
          "k": 25,
          "precision": 0.92,
          "recall": 0.00522015433499773,
          "total_positives": 4406
        },
        {
          "k": 50,
          "precision": 0.88,
          "recall": 0.009986382206082615,
          "total_positives": 4406
        },
        {
          "k": 100,
          "precision": 0.87,
          "recall": 0.019745801180208807,
          "total_positives": 4406
        }
      ],
      "other": [
        {
          "k": 10,
          "precision": 1.0,
          "recall": 0.004249893752656183,
          "total_positives": 2353
        },
        {
          "k": 25,
          "precision": 1.0,
          "recall": 0.010624734381640459,
          "total_positives": 2353
        },
        {
          "k": 50,
          "precision": 1.0,
          "recall": 0.021249468763280918,
          "total_positives": 2353
        },
        {
          "k": 100,
          "precision": 0.94,
          "recall": 0.03994900127496812,
          "total_positives": 2353
        }
      ]
    },
    "4": {
      "rows_test": 15362,
      "overall": [
        {
          "k": 10,
          "precision": 1.0,
          "recall": 0.001141552511415525,
          "total_positives": 8760
        },
        {
          "k": 25,
          "precision": 0.96,
          "recall": 0.0027397260273972603,
          "total_positives": 8760
        },
        {
          "k": 50,
          "precision": 0.98,
          "recall": 0.005593607305936073,
          "total_positives": 8760
        },
        {
          "k": 100,
          "precision": 0.97,
          "recall": 0.011073059360730594,
          "total_positives": 8760
        }
      ],
      "priority_1": [
        {
          "k": 10,
          "precision": 0.9,
          "recall": 0.001524390243902439,
          "total_positives": 5904
        },
        {
          "k": 25,
          "precision": 0.96,
          "recall": 0.0040650406504065045,
          "total_positives": 5904
        },
        {
          "k": 50,
          "precision": 0.98,
          "recall": 0.008299457994579946,
          "total_positives": 5904
        },
        {
          "k": 100,
          "precision": 0.97,
          "recall": 0.016429539295392953,
          "total_positives": 5904
        }
      ],
      "other": [
        {
          "k": 10,
          "precision": 0.9,
          "recall": 0.0031512605042016808,
          "total_positives": 2856
        },
        {
          "k": 25,
          "precision": 0.96,