{
  "within_event_time": {
    "1": {
      "rows_train": 33732,
      "rows_test": 10477,
      "auc": 0.6636871097249674,
      "brier": 0.21679985011253336,
      "pr_auc": 0.5226709737927902,
      "event_count": 1,
      "train_ratio": 0.8029490868739303,
      "pos_rate_train": 0.3228981382663346,
      "class_strategy": "none"
    },
    "2": {
      "rows_train": 33732,
      "rows_test": 10477,
      "auc": 0.6769241453984678,
      "brier": 0.22514357037363192,
      "pr_auc": 0.6608826123533531,
      "event_count": 1,
      "train_ratio": 0.8029490868739303,
      "pos_rate_train": 0.4356990394877268,
      "class_strategy": "none"
    },
    "4": {
      "rows_train": 33732,
      "rows_test": 10477,
      "auc": 0.7155509143623346,
      "brier": 0.22336380538833267,
      "pr_auc": 0.7639392731311034,
      "event_count": 1,
      "train_ratio": 0.8029490868739303,
      "pos_rate_train": 0.5418593620301198,
      "class_strategy": "none"
    },
    "8": {
      "rows_train": 33732,
      "rows_test": 10477,
      "auc": 0.7409513541252719,
      "brier": 0.21800734873604968,
      "pr_auc": 0.8308856004471754,
      "event_count": 1,
      "train_ratio": 0.8029490868739303,
      "pos_rate_train": 0.6449958496383257,
      "class_strategy": "none"
    }
  },
  "groupkfold_event": {
    "1": {
      "rows_train": 53169,
      "rows_test": 0,
      "auc": null,
      "brier": null,
      "pr_auc": null,
      "event_count": 1,
      "folds": 0,
      "note": "insufficient training data"
    },
    "2": {
      "rows_train": 53169,
      "rows_test": 0,
      "auc": null,
      "brier": null,
      "pr_auc": null,
      "event_count": 1,
      "folds": 0,
      "note": "insufficient training data"
    },
    "4": {
      "rows_train": 53169,
      "rows_test": 0,
      "auc": null,
      "brier": null,
      "pr_auc": null,
      "event_count": 1,
      "folds": 0,
      "note": "insufficient training data"
    },
    "8": {
      "rows_train": 53169,
      "rows_test": 0,
      "auc": null,
      "brier": null,
      "pr_auc": null,
      "event_count": 1,
      "folds": 0,
      "note": "insufficient training data"
    }
  },
  "calibration": {
    "1": {
      "rows": 8960,
      "brier": 0.2198113974040082,
      "ece": 4.0366395741881735e-17,
      "method": "isotonic"
    },
    "2": {
      "rows": 8960,
      "brier": 0.20964250059706857,
      "ece": 8.053453737222326e-17,
      "method": "isotonic"
    },
    "4": {
      "rows": 8960,
      "brier": 0.16754416567719527,
      "ece": 1.2663481374630693e-17,
      "method": "isotonic"
    },
    "8": {
      "rows": 8960,
      "brier": 0.11034493708295293,
      "ece": 7.807494730092757e-17,
      "method": "isotonic"
    }
  },
  "ranking": {
    "1": {
      "rows_test": 10477,
      "overall": [
        {
          "k": 10,
          "precision": 1.0,
          "recall": 0.00253613999492772,
          "total_positives": 3943
        },
        {
          "k": 25,
          "precision": 1.0,
          "recall": 0.0063403499873193,
          "total_positives": 3943
        },
        {
          "k": 50,
          "precision": 0.96,
          "recall": 0.012173471975653057,
          "total_positives": 3943
        },
        {
          "k": 100,
          "precision": 0.88,
          "recall": 0.022318031955363936,
          "total_positives": 3943
        }
      ],
      "priority_1": [
        {
          "k": 10,
          "precision": 0.7,
          "recall": 0.0026375282592313487,
          "total_positives": 2654
        },
        {
          "k": 25,
          "precision": 0.68,
          "recall": 0.00640542577241899,
          "total_positives": 2654
        },
        {
          "k": 50,
          "precision": 0.7,
          "recall": 0.013187641296156745,
          "total_positives": 2654
        },
        {
          "k": 100,
          "precision": 0.63,
          "recall": 0.02373775433308214,
          "total_positives": 2654
        }
      ],
      "other": [
        {
          "k": 10,
          "precision": 1.0,
          "recall": 0.007757951900698216,
          "total_positives": 1289
        },
        {
          "k": 25,
          "precision": 1.0,
          "recall": 0.019394879751745538,
          "total_positives": 1289
        },
        {
          "k": 50,
          "precision": 0.96,
          "recall": 0.037238169123351435,
          "total_positives": 1289
        },
        {
          "k": 100,
          "precision": 0.85,
          "recall": 0.06594259115593483,
          "total_positives": 1289
        }
      ]
    },
    "2": {
      "rows_test": 10477,
      "overall": [
        {
          "k": 10,
          "precision": 1.0,
          "recall": 0.0019504583577140628,
          "total_positives": 5127
        },
        {
          "k": 25,
          "precision": 1.0,
          "recall": 0.004876145894285157,
          "total_positives": 5127
        },
        {
          "k": 50,
          "precision": 0.96,
          "recall": 0.009362200117027502,
          "total_positives": 5127
        },
        {
          "k": 100,
          "precision": 0.97,
          "recall": 0.018919446069826408,
          "total_positives": 5127
        }
      ],
      "priority_1": [
        {
          "k": 10,
          "precision": 0.8,
          "recall": 0.002246559955068801,
          "total_positives": 3561
        },
        {
          "k": 25,
          "precision": 0.92,
          "recall": 0.006458859870822803,
          "total_positives": 3561
        },
        {
          "k": 50,
          "precision": 0.94,
          "recall": 0.013198539736029205,
          "total_positives": 3561
        },
        {
          "k": 100,
          "precision": 0.9,
          "recall": 0.02527379949452401,
          "total_positives": 3561
        }
      ],
      "other": [
        {
          "k": 10,
          "precision": 1.0,
          "recall": 0.006385696040868455,
          "total_positives": 1566
        },
        {
          "k": 25,
          "precision": 1.0,
          "recall": 0.015964240102171137,
          "total_positives": 1566
        },
        {
          "k": 50,
          "precision": 0.96,
          "recall": 0.03065134099616858,
          "total_positives": 1566
        },
        {
          "k": 100,
          "precision": 0.94,
          "recall": 0.06002554278416347,
          "total_positives": 1566
        }
      ]
    },
    "4": {
      "rows_test": 10477,
      "overall": [
        {
          "k": 10,
          "precision": 0.9,
          "recall": 0.0014895729890764648,
          "total_positives": 6042
        },
        {
          "k": 25,
          "precision": 0.96,
          "recall": 0.003972194637537239,
          "total_positives": 6042
        },
        {
          "k": 50,
          "precision": 0.96,
          "recall": 0.007944389275074478,
          "total_positives": 6042
        },
        {
          "k": 100,
          "precision": 0.98,
          "recall": 0.016219794769943726,
          "total_positives": 6042
        }
      ],
      "priority_1": [
        {
          "k": 10,
          "precision": 1.0,
          "recall": 0.002347417840375587,
          "total_positives": 4260
        },
        {
          "k": 25,
          "precision": 1.0,
          "recall": 0.005868544600938967,
          "total_positives": 4260
        },
        {
          "k": 50,
          "precision": 0.98,
          "recall": 0.011502347417840376,
          "total_positives": 4260
        },
        {
          "k": 100,
          "precision": 0.96,
          "recall": 0.022535211267605635,
          "total_positives": 4260
        }
      ],
      "other": [
        {
          "k": 10,
          "precision": 1.0,
          "recall": 0.005611672278338945,
          "total_positives": 1782
        },
        {
          "k": 25,
          "precision": 1.0,
          "recall": 0.014029180695847363,