{
  "within_event_time": {
    "1": {
      "rows_train": 51149,
      "rows_test": 15647,
      "auc": 0.6829774031654235,
      "brier": 0.20514062034732,
      "pr_auc": 0.5215593640295824,
      "event_count": 1,
      "train_ratio": 0.8023270503815251,
      "pos_rate_train": 0.3504467340514966,
      "class_strategy": "none"
    },
    "2": {
      "rows_train": 51149,
      "rows_test": 15647,
      "auc": 0.6594234773752848,
      "brier": 0.22986625919659665,
      "pr_auc": 0.6019818978312094,
      "event_count": 1,
      "train_ratio": 0.8023270503815251,
      "pos_rate_train": 0.4742028192144519,
      "class_strategy": "none"
    },
    "4": {
      "rows_train": 51149,
      "rows_test": 15647,
      "auc": 0.7019672105257472,
      "brier": 0.21838844574860597,
      "pr_auc": 0.7538355833159457,
      "event_count": 1,
      "train_ratio": 0.8023270503815251,
      "pos_rate_train": 0.5896302958024595,
      "class_strategy": "none"
    },
    "8": {
      "rows_train": 51149,
      "rows_test": 15647,
      "auc": 0.7383947977533966,
      "brier": 0.1934996485222781,
      "pr_auc": 0.8454987527254063,
      "event_count": 1,
      "train_ratio": 0.8023270503815251,
      "pos_rate_train": 0.6927603667715889,
      "class_strategy": "none"
    }
  },
  "groupkfold_event": {
    "1": {
      "rows_train": 79156,
      "rows_test": 0,
      "auc": null,
      "brier": null,
      "pr_auc": null,
      "event_count": 1,
      "folds": 0,
      "note": "insufficient training data"
    },
    "2": {
      "rows_train": 79156,
      "rows_test": 0,
      "auc": null,
      "brier": null,
      "pr_auc": null,
      "event_count": 1,
      "folds": 0,
      "note": "insufficient training data"
    },
    "4": {
      "rows_train": 79156,
      "rows_test": 0,
      "auc": null,
      "brier": null,
      "pr_auc": null,
      "event_count": 1,
      "folds": 0,
      "note": "insufficient training data"
    },
    "8": {
      "rows_train": 79156,
      "rows_test": 0,
      "auc": null,
      "brier": null,
      "pr_auc": null,
      "event_count": 1,
      "folds": 0,
      "note": "insufficient training data"
    }
  },
  "calibration": {
    "1": {
      "rows": 12360,
      "brier": 0.20905039768786773,
      "ece": 3.613614262190133e-17,
      "method": "isotonic"
    },
    "2": {
      "rows": 12360,
      "brier": 0.2236312913767669,
      "ece": 2.082566409865231e-17,
      "method": "isotonic"
    },
    "4": {
      "rows": 12360,
      "brier": 0.20830257626941778,
      "ece": 3.711522279733938e-17,
      "method": "isotonic"
    },
    "8": {
      "rows": 12360,
      "brier": 0.17422899047798768,
      "ece": 3.2902483326876604e-17,
      "method": "isotonic"
    }
  },
  "ranking": {
    "1": {
      "rows_test": 15647,
      "overall": [
        {
          "k": 10,
          "precision": 0.9,
          "recall": 0.0016577638607478357,
          "total_positives": 5429
        },
        {
          "k": 25,
          "precision": 0.96,
          "recall": 0.004420703628660895,
          "total_positives": 5429
        },
        {
          "k": 50,
          "precision": 0.98,
          "recall": 0.009025603241849327,
          "total_positives": 5429
        },
        {
          "k": 100,
          "precision": 0.9,
          "recall": 0.016577638607478358,
          "total_positives": 5429
        }
      ],
      "priority_1": [
        {
          "k": 10,
          "precision": 0.7,
          "recall": 0.002074074074074074,
          "total_positives": 3375
        },
        {
          "k": 25,
          "precision": 0.88,
          "recall": 0.006518518518518518,
          "total_positives": 3375
        },
        {
          "k": 50,
          "precision": 0.8,
          "recall": 0.011851851851851851,
          "total_positives": 3375
        },
        {
          "k": 100,
          "precision": 0.74,
          "recall": 0.021925925925925925,
          "total_positives": 3375
        }
      ],
      "other": [
        {
          "k": 10,
          "precision": 1.0,
          "recall": 0.004868549172346641,
          "total_positives": 2054
        },
        {
          "k": 25,
          "precision": 1.0,
          "recall": 0.012171372930866602,
          "total_positives": 2054
        },
        {
          "k": 50,
          "precision": 0.98,
          "recall": 0.02385589094449854,
          "total_positives": 2054
        },
        {
          "k": 100,
          "precision": 0.89,
          "recall": 0.0433300876338851,
          "total_positives": 2054
        }
      ]
    },
    "2": {
      "rows_test": 15647,
      "overall": [
        {
          "k": 10,
          "precision": 1.0,
          "recall": 0.0014297969688304261,
          "total_positives": 6994
        },
        {
          "k": 25,
          "precision": 1.0,
          "recall": 0.0035744924220760654,
          "total_positives": 6994
        },
        {
          "k": 50,
          "precision": 1.0,
          "recall": 0.007148984844152131,
          "total_positives": 6994
        },
        {
          "k": 100,
          "precision": 0.95,
          "recall": 0.013583071203889048,
          "total_positives": 6994
        }
      ],
      "priority_1": [
        {
          "k": 10,
          "precision": 1.0,
          "recall": 0.002266032177656923,
          "total_positives": 4413
        },
        {
          "k": 25,
          "precision": 1.0,
          "recall": 0.0056650804441423066,
          "total_positives": 4413
        },
        {
          "k": 50,
          "precision": 0.88,
          "recall": 0.00997054158169046,
          "total_positives": 4413
        },
        {
          "k": 100,
          "precision": 0.84,
          "recall": 0.019034670292318152,
          "total_positives": 4413
        }
      ],
      "other": [
        {
          "k": 10,
          "precision": 1.0,
          "recall": 0.0038744672607516468,
          "total_positives": 2581
        },
        {
          "k": 25,
          "precision": 1.0,
          "recall": 0.009686168151879117,
          "total_positives": 2581
        },
        {
          "k": 50,
          "precision": 1.0,
          "recall": 0.019372336303758234,
          "total_positives": 2581
        },
        {
          "k": 100,
          "precision": 0.97,
          "recall": 0.037582332429290974,
          "total_positives": 2581
        }
      ]
    },
    "4": {
      "rows_test": 15647,
      "overall": [
        {
          "k": 10,
          "precision": 1.0,
          "recall": 0.0011299435028248588,
          "total_positives": 8850
        },
        {
          "k": 25,
          "precision": 1.0,
          "recall": 0.002824858757062147,
          "total_positives": 8850
        },
        {
          "k": 50,
          "precision": 0.98,
          "recall": 0.005536723163841808,
          "total_positives": 8850
        },
        {
          "k": 100,
          "precision": 0.97,
          "recall": 0.01096045197740113,
          "total_positives": 8850
        }
      ],
      "priority_1": [
        {
          "k": 10,
          "precision": 1.0,
          "recall": 0.0017349063150589867,
          "total_positives": 5764
        },
        {
          "k": 25,
          "precision": 1.0,
          "recall": 0.004337265787647467,
          "total_positives": 5764
        },
        {
          "k": 50,
          "precision": 1.0,
          "recall": 0.008674531575294934,
          "total_positives": 5764
        },
        {
          "k": 100,
          "precision": 1.0,
          "recall": 0.01734906315058987,
          "total_positives": 5764
        }
      ],
      "other": [
        {
          "k": 10,
          "precision": 1.0,
          "recall": 0.0032404406999351912,
          "total_positives": 3086
        },
        {
          "k": 25,
          "precision": 0.92,
          "recall": 0.007453013609850939,