{
  "within_event_time": {
    "1": {
      "rows_train": 18366,
      "rows_test": 5632,
      "auc": 0.650408328112502,
      "brier": 0.19699011839916605,
      "pr_auc": 0.4148330817365055,
      "event_count": 1,
      "train_ratio": 0.8015433947637337,
      "pos_rate_train": 0.30376783186322553,
      "class_strategy": "none"
    },
    "2": {
      "rows_train": 18366,
      "rows_test": 5632,
      "auc": 0.6404168909196754,
      "brier": 0.2364182686036297,
      "pr_auc": 0.4774342100189853,
      "event_count": 1,
      "train_ratio": 0.8015433947637337,
      "pos_rate_train": 0.4237177393008821,
      "class_strategy": "none"
    },
    "4": {
      "rows_train": 18366,
      "rows_test": 5632,
      "auc": 0.6353816391053259,
      "brier": 0.2558755111314771,
      "pr_auc": 0.5368738336988574,
      "event_count": 1,
      "train_ratio": 0.8015433947637337,
      "pos_rate_train": 0.5388217358161821,
      "class_strategy": "none"
    },
    "8": {
      "rows_train": 18366,
      "rows_test": 5632,
      "auc": 0.6508553892030531,
      "brier": 0.27692923785191365,
      "pr_auc": 0.58122731034921,
      "event_count": 1,
      "train_ratio": 0.8015433947637337,
      "pos_rate_train": 0.6368833714472395,
      "class_strategy": "none"
    }
  },
  "groupkfold_event": {
    "1": {
      "rows_train": 28379,
      "rows_test": 0,
      "auc": null,
      "brier": null,
      "pr_auc": null,
      "event_count": 1,
      "folds": 0,
      "note": "insufficient training data"
    },
    "2": {
      "rows_train": 28379,
      "rows_test": 0,
      "auc": null,
      "brier": null,
      "pr_auc": null,
      "event_count": 1,
      "folds": 0,
      "note": "insufficient training data"
    },
    "4": {
      "rows_train": 28379,
      "rows_test": 0,
      "auc": null,
      "brier": null,
      "pr_auc": null,
      "event_count": 1,
      "folds": 0,
      "note": "insufficient training data"
    },
    "8": {
      "rows_train": 28379,
      "rows_test": 0,
      "auc": null,
      "brier": null,
      "pr_auc": null,
      "event_count": 1,
      "folds": 0,
      "note": "insufficient training data"
    }
  },
  "calibration": {
    "1": {
      "rows": 4381,
      "brier": 0.21848135060573307,
      "ece": 2.5012328813171182e-17,
      "method": "isotonic"
    },
    "2": {
      "rows": 4381,
      "brier": 0.23399937639123342,
      "ece": 3.0840936338023636e-17,
      "method": "isotonic"
    },
    "4": {
      "rows": 4381,
      "brier": 0.2230034800972507,
      "ece": 4.1256404567216496e-17,
      "method": "isotonic"
    },
    "8": {
      "rows": 4381,
      "brier": 0.20774792446556747,
      "ece": 3.8848936241733964e-17,
      "method": "isotonic"
    }
  },
  "ranking": {
    "1": {
      "rows_test": 5632,
      "overall": [
        {
          "k": 10,
          "precision": 1.0,
          "recall": 0.006422607578676943,
          "total_positives": 1557
        },
        {
          "k": 25,
          "precision": 0.8,
          "recall": 0.012845215157353885,
          "total_positives": 1557
        },
        {
          "k": 50,
          "precision": 0.82,
          "recall": 0.026332691072575465,
          "total_positives": 1557
        },
        {
          "k": 100,
          "precision": 0.68,
          "recall": 0.04367373153500321,
          "total_positives": 1557
        }
      ],
      "priority_1": [
        {
          "k": 10,
          "precision": 0.7,
          "recall": 0.007700770077007701,
          "total_positives": 909
        },
        {
          "k": 25,
          "precision": 0.64,
          "recall": 0.0176017601760176,
          "total_positives": 909
        },
        {
          "k": 50,
          "precision": 0.64,
          "recall": 0.0352035203520352,
          "total_positives": 909
        },
        {
          "k": 100,
          "precision": 0.58,
          "recall": 0.0638063806380638,
          "total_positives": 909
        }
      ],
      "other": [
        {
          "k": 10,
          "precision": 1.0,
          "recall": 0.015432098765432098,
          "total_positives": 648
        },
        {
          "k": 25,
          "precision": 0.92,
          "recall": 0.035493827160493825,
          "total_positives": 648
        },
        {
          "k": 50,
          "precision": 0.74,
          "recall": 0.05709876543209876,
          "total_positives": 648
        },
        {
          "k": 100,
          "precision": 0.59,
          "recall": 0.09104938271604938,
          "total_positives": 648
        }
      ]
    },
    "2": {
      "rows_test": 5632,
      "overall": [
        {
          "k": 10,
          "precision": 0.8,
          "recall": 0.003976143141153081,
          "total_positives": 2012
        },
        {
          "k": 25,
          "precision": 0.88,
          "recall": 0.010934393638170975,
          "total_positives": 2012
        },
        {
          "k": 50,
          "precision": 0.8,
          "recall": 0.019880715705765408,
          "total_positives": 2012
        },
        {
          "k": 100,
          "precision": 0.71,
          "recall": 0.0352882703777336,
          "total_positives": 2012
        }
      ],
      "priority_1": [
        {
          "k": 10,
          "precision": 0.5,
          "recall": 0.0040551500405515,
          "total_positives": 1233
        },
        {
          "k": 25,
          "precision": 0.56,
          "recall": 0.0113544201135442,
          "total_positives": 1233
        },
        {
          "k": 50,
          "precision": 0.62,
          "recall": 0.025141930251419302,
          "total_positives": 1233
        },
        {
          "k": 100,
          "precision": 0.61,
          "recall": 0.0494728304947283,
          "total_positives": 1233
        }
      ],
      "other": [
        {
          "k": 10,
          "precision": 0.9,
          "recall": 0.011553273427471117,
          "total_positives": 779
        },
        {
          "k": 25,
          "precision": 0.84,
          "recall": 0.026957637997432605,
          "total_positives": 779
        },
        {
          "k": 50,
          "precision": 0.84,
          "recall": 0.05391527599486521,
          "total_positives": 779
        },
        {
          "k": 100,
          "precision": 0.66,
          "recall": 0.08472400513478819,
          "total_positives": 779
        }
      ]
    },
    "4": {
      "rows_test": 5632,
      "overall": [
        {
          "k": 10,
          "precision": 0.7,
          "recall": 0.0030728709394205445,
          "total_positives": 2278
        },
        {
          "k": 25,
          "precision": 0.8,
          "recall": 0.00877963125548727,
          "total_positives": 2278
        },
        {
          "k": 50,
          "precision": 0.82,
          "recall": 0.017998244073748903,
          "total_positives": 2278
        },
        {
          "k": 100,
          "precision": 0.78,
          "recall": 0.03424056189640035,
          "total_positives": 2278
        }
      ],
      "priority_1": [
        {
          "k": 10,
          "precision": 0.8,
          "recall": 0.005598320503848845,
          "total_positives": 1429
        },
        {
          "k": 25,
          "precision": 0.8,
          "recall": 0.013995801259622114,
          "total_positives": 1429
        },
        {
          "k": 50,
          "precision": 0.82,
          "recall": 0.028691392582225334,
          "total_positives": 1429
        },
        {
          "k": 100,
          "precision": 0.79,
          "recall": 0.055283414975507345,
          "total_positives": 1429
        }
      ],
      "other": [
        {
          "k": 10,
          "precision": 0.7,
          "recall": 0.008244994110718492,
          "total_positives": 849
        },
        {
          "k": 25,
          "precision": 0.84,
          "recall": 0.024734982332155476,