{
  "within_event_time": {
    "1": {
      "rows_train": 48887,
      "rows_test": 15014,
      "auc": 0.6748341563962187,
      "brier": 0.2096262226751893,
      "pr_auc": 0.5144981682669474,
      "event_count": 1,
      "train_ratio": 0.8026265627259462,
      "pos_rate_train": 0.34641111133839264,
      "class_strategy": "none"
    },
    "2": {
      "rows_train": 48887,
      "rows_test": 15014,
      "auc": 0.6651755667283417,
      "brier": 0.23271405890750957,
      "pr_auc": 0.6055170745771363,
      "event_count": 1,
      "train_ratio": 0.8026265627259462,
      "pos_rate_train": 0.47016589277312987,
      "class_strategy": "none"
    },
    "4": {
      "rows_train": 48887,
      "rows_test": 15014,
      "auc": 0.6912726909345718,
      "brier": 0.2220519902059727,
      "pr_auc": 0.7470984624040906,
      "event_count": 1,
      "train_ratio": 0.8026265627259462,
      "pos_rate_train": 0.5848794157956103,
      "class_strategy": "none"
    },
    "8": {
      "rows_train": 48887,
      "rows_test": 15014,
      "auc": 0.7220280509013622,
      "brier": 0.1911689768174043,
      "pr_auc": 0.8380635553041252,
      "event_count": 1,
      "train_ratio": 0.8026265627259462,
      "pos_rate_train": 0.689344815595148,
      "class_strategy": "none"
    }
  },
  "groupkfold_event": {
    "1": {
      "rows_train": 76069,
      "rows_test": 0,
      "auc": null,
      "brier": null,
      "pr_auc": null,
      "event_count": 1,
      "folds": 0,
      "note": "insufficient training data"
    },
    "2": {
      "rows_train": 76069,
      "rows_test": 0,
      "auc": null,
      "brier": null,
      "pr_auc": null,
      "event_count": 1,
      "folds": 0,
      "note": "insufficient training data"
    },
    "4": {
      "rows_train": 76069,
      "rows_test": 0,
      "auc": null,
      "brier": null,
      "pr_auc": null,
      "event_count": 1,
      "folds": 0,
      "note": "insufficient training data"
    },
    "8": {
      "rows_train": 76069,
      "rows_test": 0,
      "auc": null,
      "brier": null,
      "pr_auc": null,
      "event_count": 1,
      "folds": 0,
      "note": "insufficient training data"
    }
  },
  "calibration": {
    "1": {
      "rows": 12168,
      "brier": 0.21622761855368577,
      "ece": 1.6032220842738974e-17,
      "method": "isotonic"
    },
    "2": {
      "rows": 12168,
      "brier": 0.22141252035471798,
      "ece": 3.105850736213045e-17,
      "method": "isotonic"
    },
    "4": {
      "rows": 12168,
      "brier": 0.20584517638817737,
      "ece": 2.543120582993481e-17,
      "method": "isotonic"
    },
    "8": {
      "rows": 12168,
      "brier": 0.17251533113992726,
      "ece": 1.3897860873677174e-16,
      "method": "isotonic"
    }
  },
  "ranking": {
    "1": {
      "rows_test": 15014,
      "overall": [
        {
          "k": 10,
          "precision": 1.0,
          "recall": 0.001924557351809084,
          "total_positives": 5196
        },
        {
          "k": 25,
          "precision": 1.0,
          "recall": 0.00481139337952271,
          "total_positives": 5196
        },
        {
          "k": 50,
          "precision": 0.98,
          "recall": 0.009430331023864511,
          "total_positives": 5196
        },
        {
          "k": 100,
          "precision": 0.92,
          "recall": 0.01770592763664357,
          "total_positives": 5196
        }
      ],
      "priority_1": [
        {
          "k": 10,
          "precision": 0.8,
          "recall": 0.0022740193291642978,
          "total_positives": 3518
        },
        {
          "k": 25,
          "precision": 0.84,
          "recall": 0.005969300739056282,
          "total_positives": 3518
        },
        {
          "k": 50,
          "precision": 0.82,
          "recall": 0.011654349061967027,
          "total_positives": 3518
        },
        {
          "k": 100,
          "precision": 0.78,
          "recall": 0.022171688459351906,
          "total_positives": 3518
        }
      ],
      "other": [
        {
          "k": 10,
          "precision": 1.0,
          "recall": 0.0059594755661501785,
          "total_positives": 1678
        },
        {
          "k": 25,
          "precision": 0.96,
          "recall": 0.014302741358760428,
          "total_positives": 1678
        },
        {
          "k": 50,
          "precision": 0.98,
          "recall": 0.029201430274135878,
          "total_positives": 1678
        },
        {
          "k": 100,
          "precision": 0.94,
          "recall": 0.05601907032181168,
          "total_positives": 1678
        }
      ]
    },
    "2": {
      "rows_test": 15014,
      "overall": [
        {
          "k": 10,
          "precision": 1.0,
          "recall": 0.0015060240963855422,
          "total_positives": 6640
        },
        {
          "k": 25,
          "precision": 1.0,
          "recall": 0.0037650602409638554,
          "total_positives": 6640
        },
        {
          "k": 50,
          "precision": 1.0,
          "recall": 0.007530120481927711,
          "total_positives": 6640
        },
        {
          "k": 100,
          "precision": 0.99,
          "recall": 0.014909638554216868,
          "total_positives": 6640
        }
      ],
      "priority_1": [
        {
          "k": 10,
          "precision": 1.0,
          "recall": 0.0022099447513812156,
          "total_positives": 4525
        },
        {
          "k": 25,
          "precision": 0.96,
          "recall": 0.005303867403314917,
          "total_positives": 4525
        },
        {
          "k": 50,
          "precision": 0.98,
          "recall": 0.010828729281767955,
          "total_positives": 4525
        },
        {
          "k": 100,
          "precision": 0.94,
          "recall": 0.020773480662983426,
          "total_positives": 4525
        }
      ],
      "other": [
        {
          "k": 10,
          "precision": 1.0,
          "recall": 0.004728132387706856,
          "total_positives": 2115
        },
        {
          "k": 25,
          "precision": 1.0,
          "recall": 0.01182033096926714,
          "total_positives": 2115
        },
        {
          "k": 50,
          "precision": 1.0,
          "recall": 0.02364066193853428,
          "total_positives": 2115
        },
        {
          "k": 100,
          "precision": 0.96,
          "recall": 0.04539007092198582,
          "total_positives": 2115
        }
      ]
    },
    "4": {
      "rows_test": 15014,
      "overall": [
        {
          "k": 10,
          "precision": 1.0,
          "recall": 0.001166452816983553,
          "total_positives": 8573
        },
        {
          "k": 25,
          "precision": 1.0,
          "recall": 0.0029161320424588824,
          "total_positives": 8573
        },
        {
          "k": 50,
          "precision": 1.0,
          "recall": 0.005832264084917765,
          "total_positives": 8573
        },
        {
          "k": 100,
          "precision": 0.98,
          "recall": 0.01143123760643882,
          "total_positives": 8573
        }
      ],
      "priority_1": [
        {
          "k": 10,
          "precision": 0.7,
          "recall": 0.001176668347621449,
          "total_positives": 5949
        },
        {
          "k": 25,
          "precision": 0.88,
          "recall": 0.0036981005210959825,
          "total_positives": 5949
        },
        {
          "k": 50,
          "precision": 0.94,
          "recall": 0.007900487476886871,
          "total_positives": 5949
        },
        {
          "k": 100,
          "precision": 0.96,
          "recall": 0.016137165910237016,
          "total_positives": 5949
        }
      ],
      "other": [
        {
          "k": 10,
          "precision": 0.9,
          "recall": 0.003429878048780488,
          "total_positives": 2624
        },
        {
          "k": 25,
          "precision": 0.96,