{
  "within_event_time": {
    "1": {
      "rows_train": 44197,
      "rows_test": 13602,
      "auc": 0.6426538280159241,
      "brier": 0.21915584350090858,
      "pr_auc": 0.5048196739248481,
      "event_count": 1,
      "train_ratio": 0.8021037929378901,
      "pos_rate_train": 0.34579270086204944,
      "class_strategy": "none"
    },
    "2": {
      "rows_train": 44197,
      "rows_test": 13602,
      "auc": 0.6528591681680554,
      "brier": 0.23546772248351933,
      "pr_auc": 0.6219741478941555,
      "event_count": 1,
      "train_ratio": 0.8021037929378901,
      "pos_rate_train": 0.46688689277552775,
      "class_strategy": "none"
    },
    "4": {
      "rows_train": 44197,
      "rows_test": 13602,
      "auc": 0.7046447430394194,
      "brier": 0.21658570020291534,
      "pr_auc": 0.7618052880655811,
      "event_count": 1,
      "train_ratio": 0.8021037929378901,
      "pos_rate_train": 0.5825055999275969,
      "class_strategy": "none"
    },
    "8": {
      "rows_train": 44197,
      "rows_test": 13602,
      "auc": 0.7205506176033198,
      "brier": 0.1971583159516821,
      "pr_auc": 0.8282507795566403,
      "event_count": 1,
      "train_ratio": 0.8021037929378901,
      "pos_rate_train": 0.6848428626377356,
      "class_strategy": "none"
    }
  },
  "groupkfold_event": {
    "1": {
      "rows_train": 68733,
      "rows_test": 0,
      "auc": null,
      "brier": null,
      "pr_auc": null,
      "event_count": 1,
      "folds": 0,
      "note": "insufficient training data"
    },
    "2": {
      "rows_train": 68733,
      "rows_test": 0,
      "auc": null,
      "brier": null,
      "pr_auc": null,
      "event_count": 1,
      "folds": 0,
      "note": "insufficient training data"
    },
    "4": {
      "rows_train": 68733,
      "rows_test": 0,
      "auc": null,
      "brier": null,
      "pr_auc": null,
      "event_count": 1,
      "folds": 0,
      "note": "insufficient training data"
    },
    "8": {
      "rows_train": 68733,
      "rows_test": 0,
      "auc": null,
      "brier": null,
      "pr_auc": null,
      "event_count": 1,
      "folds": 0,
      "note": "insufficient training data"
    }
  },
  "calibration": {
    "1": {
      "rows": 10934,
      "brier": 0.2078162779052048,
      "ece": 1.709148441741627e-17,
      "method": "isotonic"
    },
    "2": {
      "rows": 10934,
      "brier": 0.2176737800262945,
      "ece": 3.2461889607889384e-17,
      "method": "isotonic"
    },
    "4": {
      "rows": 10934,
      "brier": 0.19689612939991283,
      "ece": 2.519426449470614e-17,
      "method": "isotonic"
    },
    "8": {
      "rows": 10934,
      "brier": 0.16786782918781706,
      "ece": 3.26776591274914e-17,
      "method": "isotonic"
    }
  },
  "ranking": {
    "1": {
      "rows_test": 13602,
      "overall": [
        {
          "k": 10,
          "precision": 1.0,
          "recall": 0.0020554984583761563,
          "total_positives": 4865
        },
        {
          "k": 25,
          "precision": 0.96,
          "recall": 0.004933196300102775,
          "total_positives": 4865
        },
        {
          "k": 50,
          "precision": 0.98,
          "recall": 0.010071942446043165,
          "total_positives": 4865
        },
        {
          "k": 100,
          "precision": 0.93,
          "recall": 0.019116135662898253,
          "total_positives": 4865
        }
      ],
      "priority_1": [
        {
          "k": 10,
          "precision": 0.9,
          "recall": 0.0029850746268656717,
          "total_positives": 3015
        },
        {
          "k": 25,
          "precision": 0.84,
          "recall": 0.006965174129353234,
          "total_positives": 3015
        },
        {
          "k": 50,
          "precision": 0.8,
          "recall": 0.013266998341625208,
          "total_positives": 3015
        },
        {
          "k": 100,
          "precision": 0.74,
          "recall": 0.024543946932006632,
          "total_positives": 3015
        }
      ],
      "other": [
        {
          "k": 10,
          "precision": 1.0,
          "recall": 0.005405405405405406,
          "total_positives": 1850
        },
        {
          "k": 25,
          "precision": 1.0,
          "recall": 0.013513513513513514,
          "total_positives": 1850
        },
        {
          "k": 50,
          "precision": 0.96,
          "recall": 0.025945945945945945,
          "total_positives": 1850
        },
        {
          "k": 100,
          "precision": 0.91,
          "recall": 0.049189189189189186,
          "total_positives": 1850
        }
      ]
    },
    "2": {
      "rows_test": 13602,
      "overall": [
        {
          "k": 10,
          "precision": 1.0,
          "recall": 0.0015782828282828283,
          "total_positives": 6336
        },
        {
          "k": 25,
          "precision": 1.0,
          "recall": 0.003945707070707071,
          "total_positives": 6336
        },
        {
          "k": 50,
          "precision": 0.98,
          "recall": 0.007733585858585859,
          "total_positives": 6336
        },
        {
          "k": 100,
          "precision": 0.95,
          "recall": 0.014993686868686868,
          "total_positives": 6336
        }
      ],
      "priority_1": [
        {
          "k": 10,
          "precision": 1.0,
          "recall": 0.002472187886279357,
          "total_positives": 4045
        },
        {
          "k": 25,
          "precision": 0.96,
          "recall": 0.005933250927070457,
          "total_positives": 4045
        },
        {
          "k": 50,
          "precision": 0.88,
          "recall": 0.010877626699629172,
          "total_positives": 4045
        },
        {
          "k": 100,
          "precision": 0.89,
          "recall": 0.022002472187886278,
          "total_positives": 4045
        }
      ],
      "other": [
        {
          "k": 10,
          "precision": 1.0,
          "recall": 0.004364906154517678,
          "total_positives": 2291
        },
        {
          "k": 25,
          "precision": 1.0,
          "recall": 0.010912265386294195,
          "total_positives": 2291
        },
        {
          "k": 50,
          "precision": 0.96,
          "recall": 0.020951549541684853,
          "total_positives": 2291
        },
        {
          "k": 100,
          "precision": 0.96,
          "recall": 0.041903099083369706,
          "total_positives": 2291
        }
      ]
    },
    "4": {
      "rows_test": 13602,
      "overall": [
        {
          "k": 10,
          "precision": 1.0,
          "recall": 0.001294665976178146,
          "total_positives": 7724
        },
        {
          "k": 25,
          "precision": 1.0,
          "recall": 0.003236664940445365,
          "total_positives": 7724
        },
        {
          "k": 50,
          "precision": 1.0,
          "recall": 0.00647332988089073,
          "total_positives": 7724
        },
        {
          "k": 100,
          "precision": 0.98,
          "recall": 0.012687726566545831,
          "total_positives": 7724
        }
      ],
      "priority_1": [
        {
          "k": 10,
          "precision": 1.0,
          "recall": 0.0019817677368212444,
          "total_positives": 5046
        },
        {
          "k": 25,
          "precision": 1.0,
          "recall": 0.004954419342053111,
          "total_positives": 5046
        },
        {
          "k": 50,
          "precision": 1.0,
          "recall": 0.009908838684106223,
          "total_positives": 5046
        },
        {
          "k": 100,
          "precision": 0.99,
          "recall": 0.019619500594530322,
          "total_positives": 5046
        }
      ],
      "other": [
        {
          "k": 10,
          "precision": 0.9,
          "recall": 0.0033607169529499626,
          "total_positives": 2678
        },
        {
          "k": 25,
          "precision": 0.96,