{
  "within_event_time": {
    "1": {
      "rows_train": 21455,
      "rows_test": 6736,
      "auc": 0.6783821191729356,
      "brier": 0.19812673925401622,
      "pr_auc": 0.478422336326895,
      "event_count": 1,
      "train_ratio": 0.7998752191093021,
      "pos_rate_train": 0.3100442787229084,
      "class_strategy": "none"
    },
    "2": {
      "rows_train": 21455,
      "rows_test": 6736,
      "auc": 0.6158374144776042,
      "brier": 0.2288627780321728,
      "pr_auc": 0.4862296497536684,
      "event_count": 1,
      "train_ratio": 0.7998752191093021,
      "pos_rate_train": 0.42796550920531345,
      "class_strategy": "none"
    },
    "4": {
      "rows_train": 21455,
      "rows_test": 6736,
      "auc": 0.6615416708967173,
      "brier": 0.2275677373399174,
      "pr_auc": 0.5968559357863471,
      "event_count": 1,
      "train_ratio": 0.7998752191093021,
      "pos_rate_train": 0.5406665113027266,
      "class_strategy": "none"
    },
    "8": {
      "rows_train": 21455,
      "rows_test": 6736,
      "auc": 0.5992324293155046,
      "brier": 0.23666468696464157,
      "pr_auc": 0.6702055134650432,
      "event_count": 1,
      "train_ratio": 0.7998752191093021,
      "pos_rate_train": 0.633278955954323,
      "class_strategy": "none"
    }
  },
  "groupkfold_event": {
    "1": {
      "rows_train": 33659,
      "rows_test": 0,
      "auc": null,
      "brier": null,
      "pr_auc": null,
      "event_count": 1,
      "folds": 0,
      "note": "insufficient training data"
    },
    "2": {
      "rows_train": 33659,
      "rows_test": 0,
      "auc": null,
      "brier": null,
      "pr_auc": null,
      "event_count": 1,
      "folds": 0,
      "note": "insufficient training data"
    },
    "4": {
      "rows_train": 33659,
      "rows_test": 0,
      "auc": null,
      "brier": null,
      "pr_auc": null,
      "event_count": 1,
      "folds": 0,
      "note": "insufficient training data"
    },
    "8": {
      "rows_train": 33659,
      "rows_test": 0,
      "auc": null,
      "brier": null,
      "pr_auc": null,
      "event_count": 1,
      "folds": 0,
      "note": "insufficient training data"
    }
  },
  "calibration": {
    "1": {
      "rows": 5468,
      "brier": 0.19916835778648664,
      "ece": 5.133867808640652e-17,
      "method": "isotonic"
    },
    "2": {
      "rows": 5468,
      "brier": 0.22340551716791676,
      "ece": 1.5390436222857876e-17,
      "method": "isotonic"
    },
    "4": {
      "rows": 5468,
      "brier": 0.2232054884085419,
      "ece": 3.842533054321706e-18,
      "method": "isotonic"
    },
    "8": {
      "rows": 5468,
      "brier": 0.2204944357505888,
      "ece": 3.0699656423431543e-17,
      "method": "isotonic"
    }
  },
  "ranking": {
    "1": {
      "rows_test": 6736,
      "overall": [
        {
          "k": 10,
          "precision": 1.0,
          "recall": 0.004757373929590866,
          "total_positives": 2102
        },
        {
          "k": 25,
          "precision": 0.92,
          "recall": 0.010941960038058992,
          "total_positives": 2102
        },
        {
          "k": 50,
          "precision": 0.84,
          "recall": 0.019980970504281638,
          "total_positives": 2102
        },
        {
          "k": 100,
          "precision": 0.76,
          "recall": 0.03615604186489058,
          "total_positives": 2102
        }
      ],
      "priority_1": [
        {
          "k": 10,
          "precision": 0.8,
          "recall": 0.004790419161676647,
          "total_positives": 1670
        },
        {
          "k": 25,
          "precision": 0.8,
          "recall": 0.011976047904191617,
          "total_positives": 1670
        },
        {
          "k": 50,
          "precision": 0.7,
          "recall": 0.020958083832335328,
          "total_positives": 1670
        },
        {
          "k": 100,
          "precision": 0.78,
          "recall": 0.046706586826347304,
          "total_positives": 1670
        }
      ],
      "other": [
        {
          "k": 10,
          "precision": 1.0,
          "recall": 0.023148148148148147,
          "total_positives": 432
        },
        {
          "k": 25,
          "precision": 0.92,
          "recall": 0.05324074074074074,
          "total_positives": 432
        },
        {
          "k": 50,
          "precision": 0.7,
          "recall": 0.08101851851851852,
          "total_positives": 432
        },
        {
          "k": 100,
          "precision": 0.53,
          "recall": 0.12268518518518519,
          "total_positives": 432
        }
      ]
    },
    "2": {
      "rows_test": 6736,
      "overall": [
        {
          "k": 10,
          "precision": 1.0,
          "recall": 0.003915426781519186,
          "total_positives": 2554
        },
        {
          "k": 25,
          "precision": 0.76,
          "recall": 0.0074393108848864525,
          "total_positives": 2554
        },
        {
          "k": 50,
          "precision": 0.8,
          "recall": 0.015661707126076743,
          "total_positives": 2554
        },
        {
          "k": 100,
          "precision": 0.81,
          "recall": 0.031714956930305405,
          "total_positives": 2554
        }
      ],
      "priority_1": [
        {
          "k": 10,
          "precision": 0.4,
          "recall": 0.0019550342130987292,
          "total_positives": 2046
        },
        {
          "k": 25,
          "precision": 0.68,
          "recall": 0.008308895405669599,
          "total_positives": 2046
        },
        {
          "k": 50,
          "precision": 0.8,
          "recall": 0.019550342130987292,
          "total_positives": 2046
        },
        {
          "k": 100,
          "precision": 0.82,
          "recall": 0.04007820136852395,
          "total_positives": 2046
        }
      ],
      "other": [
        {
          "k": 10,
          "precision": 1.0,
          "recall": 0.01968503937007874,
          "total_positives": 508
        },
        {
          "k": 25,
          "precision": 0.88,
          "recall": 0.04330708661417323,
          "total_positives": 508
        },
        {
          "k": 50,
          "precision": 0.78,
          "recall": 0.07677165354330709,
          "total_positives": 508
        },
        {
          "k": 100,
          "precision": 0.58,
          "recall": 0.1141732283464567,
          "total_positives": 508
        }
      ]
    },
    "4": {
      "rows_test": 6736,
      "overall": [
        {
          "k": 10,
          "precision": 0.9,
          "recall": 0.0029702970297029703,
          "total_positives": 3030
        },
        {
          "k": 25,
          "precision": 0.8,
          "recall": 0.006600660066006601,
          "total_positives": 3030
        },
        {
          "k": 50,
          "precision": 0.88,
          "recall": 0.014521452145214522,
          "total_positives": 3030
        },
        {
          "k": 100,
          "precision": 0.9,
          "recall": 0.0297029702970297,
          "total_positives": 3030
        }
      ],
      "priority_1": [
        {
          "k": 10,
          "precision": 0.9,
          "recall": 0.0036481556546412645,
          "total_positives": 2467
        },
        {
          "k": 25,
          "precision": 0.88,
          "recall": 0.008917713822456425,
          "total_positives": 2467
        },
        {
          "k": 50,
          "precision": 0.92,
          "recall": 0.018646128901499796,
          "total_positives": 2467
        },
        {
          "k": 100,
          "precision": 0.84,
          "recall": 0.034049452776651806,
          "total_positives": 2467
        }
      ],
      "other": [
        {
          "k": 10,
          "precision": 0.8,
          "recall": 0.014209591474245116,
          "total_positives": 563
        },
        {
          "k": 25,
          "precision": 0.92,
          "recall": 0.04085257548845471,