{
  "within_event_time": {
    "1": {
      "rows_train": 30779,
      "rows_test": 9379,
      "auc": 0.6713667252284836,
      "brier": 0.21244151221675445,
      "pr_auc": 0.5153028195394802,
      "event_count": 1,
      "train_ratio": 0.8041635346195607,
      "pos_rate_train": 0.31086130153676206,
      "class_strategy": "none"
    },
    "2": {
      "rows_train": 30779,
      "rows_test": 9379,
      "auc": 0.6734354705138427,
      "brier": 0.23159685896940918,
      "pr_auc": 0.6691632351587922,
      "event_count": 1,
      "train_ratio": 0.8041635346195607,
      "pos_rate_train": 0.42285324409499986,
      "class_strategy": "none"
    },
    "4": {
      "rows_train": 30779,
      "rows_test": 9379,
      "auc": 0.6964623979095211,
      "brier": 0.24838832415277132,
      "pr_auc": 0.7496416539919094,
      "event_count": 1,
      "train_ratio": 0.8041635346195607,
      "pos_rate_train": 0.5235387764384808,
      "class_strategy": "none"
    },
    "8": {
      "rows_train": 30779,
      "rows_test": 9379,
      "auc": 0.713563320062597,
      "brier": 0.2528370726533794,
      "pr_auc": 0.813388428126814,
      "event_count": 1,
      "train_ratio": 0.8041635346195607,
      "pos_rate_train": 0.6208128919068195,
      "class_strategy": "none"
    }
  },
  "groupkfold_event": {
    "1": {
      "rows_train": 47892,
      "rows_test": 0,
      "auc": null,
      "brier": null,
      "pr_auc": null,
      "event_count": 1,
      "folds": 0,
      "note": "insufficient training data"
    },
    "2": {
      "rows_train": 47892,
      "rows_test": 0,
      "auc": null,
      "brier": null,
      "pr_auc": null,
      "event_count": 1,
      "folds": 0,
      "note": "insufficient training data"
    },
    "4": {
      "rows_train": 47892,
      "rows_test": 0,
      "auc": null,
      "brier": null,
      "pr_auc": null,
      "event_count": 1,
      "folds": 0,
      "note": "insufficient training data"
    },
    "8": {
      "rows_train": 47892,
      "rows_test": 0,
      "auc": null,
      "brier": null,
      "pr_auc": null,
      "event_count": 1,
      "folds": 0,
      "note": "insufficient training data"
    }
  },
  "calibration": {
    "1": {
      "rows": 7734,
      "brier": 0.22659700312444486,
      "ece": 1.9975114284534594e-17,
      "method": "isotonic"
    },
    "2": {
      "rows": 7734,
      "brier": 0.22395092680123058,
      "ece": 2.3222954461951733e-17,
      "method": "isotonic"
    },
    "4": {
      "rows": 7734,
      "brier": 0.1700221430428578,
      "ece": 6.193505611255804e-17,
      "method": "isotonic"
    },
    "8": {
      "rows": 7734,
      "brier": 0.09975040955733996,
      "ece": 1.3206687130270805e-18,
      "method": "isotonic"
    }
  },
  "ranking": {
    "1": {
      "rows_test": 9379,
      "overall": [
        {
          "k": 10,
          "precision": 1.0,
          "recall": 0.0029129041654529565,
          "total_positives": 3433
        },
        {
          "k": 25,
          "precision": 0.96,
          "recall": 0.006990969997087096,
          "total_positives": 3433
        },
        {
          "k": 50,
          "precision": 0.92,
          "recall": 0.013399359161083601,
          "total_positives": 3433
        },
        {
          "k": 100,
          "precision": 0.79,
          "recall": 0.023011942907078357,
          "total_positives": 3433
        }
      ],
      "priority_1": [
        {
          "k": 10,
          "precision": 0.6,
          "recall": 0.0028957528957528956,
          "total_positives": 2072
        },
        {
          "k": 25,
          "precision": 0.68,
          "recall": 0.008204633204633204,
          "total_positives": 2072
        },
        {
          "k": 50,
          "precision": 0.72,
          "recall": 0.017374517374517374,
          "total_positives": 2072
        },
        {
          "k": 100,
          "precision": 0.73,
          "recall": 0.03523166023166023,
          "total_positives": 2072
        }
      ],
      "other": [
        {
          "k": 10,
          "precision": 1.0,
          "recall": 0.0073475385745775165,
          "total_positives": 1361
        },
        {
          "k": 25,
          "precision": 0.96,
          "recall": 0.01763409257898604,
          "total_positives": 1361
        },
        {
          "k": 50,
          "precision": 0.82,
          "recall": 0.030124908155767818,
          "total_positives": 1361
        },
        {
          "k": 100,
          "precision": 0.67,
          "recall": 0.04922850844966936,
          "total_positives": 1361
        }
      ]
    },
    "2": {
      "rows_test": 9379,
      "overall": [
        {
          "k": 10,
          "precision": 1.0,
          "recall": 0.002133560913164071,
          "total_positives": 4687
        },
        {
          "k": 25,
          "precision": 1.0,
          "recall": 0.005333902282910177,
          "total_positives": 4687
        },
        {
          "k": 50,
          "precision": 0.98,
          "recall": 0.010454448474503946,
          "total_positives": 4687
        },
        {
          "k": 100,
          "precision": 0.97,
          "recall": 0.020695540857691486,
          "total_positives": 4687
        }
      ],
      "priority_1": [
        {
          "k": 10,
          "precision": 1.0,
          "recall": 0.0032948929159802307,
          "total_positives": 3035
        },
        {
          "k": 25,
          "precision": 0.96,
          "recall": 0.007907742998352554,
          "total_positives": 3035
        },
        {
          "k": 50,
          "precision": 0.96,
          "recall": 0.015815485996705108,
          "total_positives": 3035
        },
        {
          "k": 100,
          "precision": 0.97,
          "recall": 0.031960461285008235,
          "total_positives": 3035
        }
      ],
      "other": [
        {
          "k": 10,
          "precision": 1.0,
          "recall": 0.006053268765133172,
          "total_positives": 1652
        },
        {
          "k": 25,
          "precision": 1.0,
          "recall": 0.01513317191283293,
          "total_positives": 1652
        },
        {
          "k": 50,
          "precision": 0.96,
          "recall": 0.029055690072639227,
          "total_positives": 1652
        },
        {
          "k": 100,
          "precision": 0.94,
          "recall": 0.05690072639225181,
          "total_positives": 1652
        }
      ]
    },
    "4": {
      "rows_test": 9379,
      "overall": [
        {
          "k": 10,
          "precision": 0.7,
          "recall": 0.0012391573729863693,
          "total_positives": 5649
        },
        {
          "k": 25,
          "precision": 0.88,
          "recall": 0.0038944946008143033,
          "total_positives": 5649
        },
        {
          "k": 50,
          "precision": 0.88,
          "recall": 0.007788989201628607,
          "total_positives": 5649
        },
        {
          "k": 100,
          "precision": 0.9,
          "recall": 0.015932023366967606,
          "total_positives": 5649
        }
      ],
      "priority_1": [
        {
          "k": 10,
          "precision": 0.7,
          "recall": 0.0018852679773767843,
          "total_positives": 3713
        },
        {
          "k": 25,
          "precision": 0.72,
          "recall": 0.004847831941826017,
          "total_positives": 3713
        },
        {
          "k": 50,
          "precision": 0.86,
          "recall": 0.011580931861028817,
          "total_positives": 3713
        },
        {
          "k": 100,
          "precision": 0.88,
          "recall": 0.02370051171559386,
          "total_positives": 3713
        }
      ],
      "other": [
        {
          "k": 10,
          "precision": 1.0,
          "recall": 0.005165289256198347,
          "total_positives": 1936
        },
        {
          "k": 25,
          "precision": 1.0,
          "recall": 0.012913223140495868,