{
  "within_event_time": {
    "1": {
      "rows_train": 17073,
      "rows_test": 5468,
      "auc": 0.6620921049779608,
      "brier": 0.19410084742036984,
      "pr_auc": 0.41975423950580737,
      "event_count": 1,
      "train_ratio": 0.7963121624138574,
      "pos_rate_train": 0.31377028055994843,
      "class_strategy": "none"
    },
    "2": {
      "rows_train": 17073,
      "rows_test": 5468,
      "auc": 0.6397136119534969,
      "brier": 0.2218988854074357,
      "pr_auc": 0.4724722056139505,
      "event_count": 1,
      "train_ratio": 0.7963121624138574,
      "pos_rate_train": 0.43191003338604816,
      "class_strategy": "none"
    },
    "4": {
      "rows_train": 17073,
      "rows_test": 5468,
      "auc": 0.6664412965967329,
      "brier": 0.23242429868203132,
      "pr_auc": 0.5426052697602609,
      "event_count": 1,
      "train_ratio": 0.7963121624138574,
      "pos_rate_train": 0.5458326011831547,
      "class_strategy": "none"
    },
    "8": {
      "rows_train": 17073,
      "rows_test": 5468,
      "auc": 0.673881118938187,
      "brier": 0.2411093485750997,
      "pr_auc": 0.6111214655000131,
      "event_count": 1,
      "train_ratio": 0.7963121624138574,
      "pos_rate_train": 0.6417149885784572,
      "class_strategy": "none"
    }
  },
  "groupkfold_event": {
    "1": {
      "rows_train": 26845,
      "rows_test": 0,
      "auc": null,
      "brier": null,
      "pr_auc": null,
      "event_count": 1,
      "folds": 0,
      "note": "insufficient training data"
    },
    "2": {
      "rows_train": 26845,
      "rows_test": 0,
      "auc": null,
      "brier": null,
      "pr_auc": null,
      "event_count": 1,
      "folds": 0,
      "note": "insufficient training data"
    },
    "4": {
      "rows_train": 26845,
      "rows_test": 0,
      "auc": null,
      "brier": null,
      "pr_auc": null,
      "event_count": 1,
      "folds": 0,
      "note": "insufficient training data"
    },
    "8": {
      "rows_train": 26845,
      "rows_test": 0,
      "auc": null,
      "brier": null,
      "pr_auc": null,
      "event_count": 1,
      "folds": 0,
      "note": "insufficient training data"
    }
  },
  "calibration": {
    "1": {
      "rows": 4304,
      "brier": 0.19990167318482574,
      "ece": 3.366266373456853e-17,
      "method": "isotonic"
    },
    "2": {
      "rows": 4304,
      "brier": 0.22485341234689404,
      "ece": 4.1336719260265176e-17,
      "method": "isotonic"
    },
    "4": {
      "rows": 4304,
      "brier": 0.22224434343620558,
      "ece": 2.137127732114178e-17,
      "method": "isotonic"
    },
    "8": {
      "rows": 4304,
      "brier": 0.2034951749099864,
      "ece": 3.80478383206809e-19,
      "method": "isotonic"
    }
  },
  "ranking": {
    "1": {
      "rows_test": 5468,
      "overall": [
        {
          "k": 10,
          "precision": 0.7,
          "recall": 0.004438807863031071,
          "total_positives": 1577
        },
        {
          "k": 25,
          "precision": 0.6,
          "recall": 0.009511731135066582,
          "total_positives": 1577
        },
        {
          "k": 50,
          "precision": 0.54,
          "recall": 0.017121116043119847,
          "total_positives": 1577
        },
        {
          "k": 100,
          "precision": 0.58,
          "recall": 0.03677869372225745,
          "total_positives": 1577
        }
      ],
      "priority_1": [
        {
          "k": 10,
          "precision": 0.4,
          "recall": 0.005333333333333333,
          "total_positives": 750
        },
        {
          "k": 25,
          "precision": 0.36,
          "recall": 0.012,
          "total_positives": 750
        },
        {
          "k": 50,
          "precision": 0.44,
          "recall": 0.029333333333333333,
          "total_positives": 750
        },
        {
          "k": 100,
          "precision": 0.52,
          "recall": 0.06933333333333333,
          "total_positives": 750
        }
      ],
      "other": [
        {
          "k": 10,
          "precision": 0.9,
          "recall": 0.010882708585247884,
          "total_positives": 827
        },
        {
          "k": 25,
          "precision": 0.8,
          "recall": 0.02418379685610641,
          "total_positives": 827
        },
        {
          "k": 50,
          "precision": 0.78,
          "recall": 0.0471584038694075,
          "total_positives": 827
        },
        {
          "k": 100,
          "precision": 0.59,
          "recall": 0.07134220072551391,
          "total_positives": 827
        }
      ]
    },
    "2": {
      "rows_test": 5468,
      "overall": [
        {
          "k": 10,
          "precision": 0.9,
          "recall": 0.004598875830352581,
          "total_positives": 1957
        },
        {
          "k": 25,
          "precision": 0.88,
          "recall": 0.011241696474195196,
          "total_positives": 1957
        },
        {
          "k": 50,
          "precision": 0.72,
          "recall": 0.018395503321410323,
          "total_positives": 1957
        },
        {
          "k": 100,
          "precision": 0.6,
          "recall": 0.030659172202350538,
          "total_positives": 1957
        }
      ],
      "priority_1": [
        {
          "k": 10,
          "precision": 0.3,
          "recall": 0.003076923076923077,
          "total_positives": 975
        },
        {
          "k": 25,
          "precision": 0.32,
          "recall": 0.008205128205128205,
          "total_positives": 975
        },
        {
          "k": 50,
          "precision": 0.42,
          "recall": 0.021538461538461538,
          "total_positives": 975
        },
        {
          "k": 100,
          "precision": 0.47,
          "recall": 0.048205128205128206,
          "total_positives": 975
        }
      ],
      "other": [
        {
          "k": 10,
          "precision": 1.0,
          "recall": 0.010183299389002037,
          "total_positives": 982
        },
        {
          "k": 25,
          "precision": 0.92,
          "recall": 0.023421588594704685,
          "total_positives": 982
        },
        {
          "k": 50,
          "precision": 0.8,
          "recall": 0.04073319755600815,
          "total_positives": 982
        },
        {
          "k": 100,
          "precision": 0.67,
          "recall": 0.06822810590631365,
          "total_positives": 982
        }
      ]
    },
    "4": {
      "rows_test": 5468,
      "overall": [
        {
          "k": 10,
          "precision": 0.9,
          "recall": 0.004130335016062414,
          "total_positives": 2179
        },
        {
          "k": 25,
          "precision": 0.76,
          "recall": 0.008719596145020651,
          "total_positives": 2179
        },
        {
          "k": 50,
          "precision": 0.78,
          "recall": 0.017898118402937126,
          "total_positives": 2179
        },
        {
          "k": 100,
          "precision": 0.68,
          "recall": 0.031206975676916018,
          "total_positives": 2179
        }
      ],
      "priority_1": [
        {
          "k": 10,
          "precision": 0.8,
          "recall": 0.0070052539404553416,
          "total_positives": 1142
        },
        {
          "k": 25,
          "precision": 0.76,
          "recall": 0.016637478108581436,
          "total_positives": 1142
        },
        {
          "k": 50,
          "precision": 0.68,
          "recall": 0.0297723292469352,
          "total_positives": 1142
        },
        {
          "k": 100,
          "precision": 0.59,
          "recall": 0.05166374781085814,
          "total_positives": 1142
        }
      ],
      "other": [
        {
          "k": 10,
          "precision": 0.9,
          "recall": 0.008678881388621022,
          "total_positives": 1037
        },
        {
          "k": 25,
          "precision": 0.92,
          "recall": 0.022179363548698167,