{
  "within_event_time": {
    "1": {
      "rows_train": 57010,
      "rows_test": 17470,
      "auc": 0.6661631403826082,
      "brier": 0.20195009541726688,
      "pr_auc": 0.47334061478222356,
      "event_count": 1,
      "train_ratio": 0.8029373279790643,
      "pos_rate_train": 0.355411331345378,
      "class_strategy": "none"
    },
    "2": {
      "rows_train": 57010,
      "rows_test": 17470,
      "auc": 0.6511350630946757,
      "brier": 0.22762724529507836,
      "pr_auc": 0.5645163216950493,
      "event_count": 1,
      "train_ratio": 0.8029373279790643,
      "pos_rate_train": 0.4757235572706543,
      "class_strategy": "none"
    },
    "4": {
      "rows_train": 57010,
      "rows_test": 17470,
      "auc": 0.6907950572574371,
      "brier": 0.22683666022299065,
      "pr_auc": 0.6976983027541719,
      "event_count": 1,
      "train_ratio": 0.8029373279790643,
      "pos_rate_train": 0.5867040870022803,
      "class_strategy": "none"
    },
    "8": {
      "rows_train": 57010,
      "rows_test": 17470,
      "auc": 0.7255707963593098,
      "brier": 0.21828754925421798,
      "pr_auc": 0.796159309358421,
      "event_count": 1,
      "train_ratio": 0.8029373279790643,
      "pos_rate_train": 0.6887212769689528,
      "class_strategy": "none"
    }
  },
  "groupkfold_event": {
    "1": {
      "rows_train": 88652,
      "rows_test": 0,
      "auc": null,
      "brier": null,
      "pr_auc": null,
      "event_count": 1,
      "folds": 0,
      "note": "insufficient training data"
    },
    "2": {
      "rows_train": 88652,
      "rows_test": 0,
      "auc": null,
      "brier": null,
      "pr_auc": null,
      "event_count": 1,
      "folds": 0,
      "note": "insufficient training data"
    },
    "4": {
      "rows_train": 88652,
      "rows_test": 0,
      "auc": null,
      "brier": null,
      "pr_auc": null,
      "event_count": 1,
      "folds": 0,
      "note": "insufficient training data"
    },
    "8": {
      "rows_train": 88652,
      "rows_test": 0,
      "auc": null,
      "brier": null,
      "pr_auc": null,
      "event_count": 1,
      "folds": 0,
      "note": "insufficient training data"
    }
  },
  "calibration": {
    "1": {
      "rows": 14172,
      "brier": 0.2032926689594013,
      "ece": 3.033440388206127e-17,
      "method": "isotonic"
    },
    "2": {
      "rows": 14172,
      "brier": 0.22689607692902486,
      "ece": 4.1353300813153014e-17,
      "method": "isotonic"
    },
    "4": {
      "rows": 14172,
      "brier": 0.21182389329430507,
      "ece": 2.024676409217977e-17,
      "method": "isotonic"
    },
    "8": {
      "rows": 14172,
      "brier": 0.16439562916194736,
      "ece": 2.968271973119333e-17,
      "method": "isotonic"
    }
  },
  "ranking": {
    "1": {
      "rows_test": 17470,
      "overall": [
        {
          "k": 10,
          "precision": 1.0,
          "recall": 0.0017812611328820805,
          "total_positives": 5614
        },
        {
          "k": 25,
          "precision": 1.0,
          "recall": 0.004453152832205202,
          "total_positives": 5614
        },
        {
          "k": 50,
          "precision": 0.92,
          "recall": 0.008193801211257571,
          "total_positives": 5614
        },
        {
          "k": 100,
          "precision": 0.79,
          "recall": 0.014071962949768436,
          "total_positives": 5614
        }
      ],
      "priority_1": [
        {
          "k": 10,
          "precision": 0.4,
          "recall": 0.001145475372279496,
          "total_positives": 3492
        },
        {
          "k": 25,
          "precision": 0.56,
          "recall": 0.004009163802978236,
          "total_positives": 3492
        },
        {
          "k": 50,
          "precision": 0.6,
          "recall": 0.00859106529209622,
          "total_positives": 3492
        },
        {
          "k": 100,
          "precision": 0.69,
          "recall": 0.019759450171821305,
          "total_positives": 3492
        }
      ],
      "other": [
        {
          "k": 10,
          "precision": 0.9,
          "recall": 0.004241281809613572,
          "total_positives": 2122
        },
        {
          "k": 25,
          "precision": 0.88,
          "recall": 0.010367577756833177,
          "total_positives": 2122
        },
        {
          "k": 50,
          "precision": 0.9,
          "recall": 0.02120640904806786,
          "total_positives": 2122
        },
        {
          "k": 100,
          "precision": 0.84,
          "recall": 0.03958529688972667,
          "total_positives": 2122
        }
      ]
    },
    "2": {
      "rows_test": 17470,
      "overall": [
        {
          "k": 10,
          "precision": 1.0,
          "recall": 0.001379310344827586,
          "total_positives": 7250
        },
        {
          "k": 25,
          "precision": 1.0,
          "recall": 0.0034482758620689655,
          "total_positives": 7250
        },
        {
          "k": 50,
          "precision": 1.0,
          "recall": 0.006896551724137931,
          "total_positives": 7250
        },
        {
          "k": 100,
          "precision": 0.93,
          "recall": 0.012827586206896552,
          "total_positives": 7250
        }
      ],
      "priority_1": [
        {
          "k": 10,
          "precision": 0.9,
          "recall": 0.0019321597252039502,
          "total_positives": 4658
        },
        {
          "k": 25,
          "precision": 0.8,
          "recall": 0.004293688278231,
          "total_positives": 4658
        },
        {
          "k": 50,
          "precision": 0.82,
          "recall": 0.008802060970373551,
          "total_positives": 4658
        },
        {
          "k": 100,
          "precision": 0.84,
          "recall": 0.018033490768570203,
          "total_positives": 4658
        }
      ],
      "other": [
        {
          "k": 10,
          "precision": 1.0,
          "recall": 0.0038580246913580245,
          "total_positives": 2592
        },
        {
          "k": 25,
          "precision": 1.0,
          "recall": 0.009645061728395061,
          "total_positives": 2592
        },
        {
          "k": 50,
          "precision": 1.0,
          "recall": 0.019290123456790122,
          "total_positives": 2592
        },
        {
          "k": 100,
          "precision": 0.94,
          "recall": 0.036265432098765434,
          "total_positives": 2592
        }
      ]
    },
    "4": {
      "rows_test": 17470,
      "overall": [
        {
          "k": 10,
          "precision": 1.0,
          "recall": 0.0011230907457322552,
          "total_positives": 8904
        },
        {
          "k": 25,
          "precision": 1.0,
          "recall": 0.002807726864330638,
          "total_positives": 8904
        },
        {
          "k": 50,
          "precision": 1.0,
          "recall": 0.005615453728661276,
          "total_positives": 8904
        },
        {
          "k": 100,
          "precision": 1.0,
          "recall": 0.011230907457322551,
          "total_positives": 8904
        }
      ],
      "priority_1": [
        {
          "k": 10,
          "precision": 1.0,
          "recall": 0.0016857720836142953,
          "total_positives": 5932
        },
        {
          "k": 25,
          "precision": 1.0,
          "recall": 0.004214430209035738,
          "total_positives": 5932
        },
        {
          "k": 50,
          "precision": 0.98,
          "recall": 0.008260283209710046,
          "total_positives": 5932
        },
        {
          "k": 100,
          "precision": 0.97,
          "recall": 0.016351989211058664,
          "total_positives": 5932
        }
      ],
      "other": [
        {
          "k": 10,
          "precision": 1.0,
          "recall": 0.0033647375504710633,
          "total_positives": 2972
        },
        {
          "k": 25,
          "precision": 1.0,
          "recall": 0.008411843876177659,