{
  "within_event_time": {
    "1": {
      "rows_train": 35115,
      "rows_test": 10710,
      "auc": 0.660989152571232,
      "brier": 0.21580885447041825,
      "pr_auc": 0.5167793473640702,
      "event_count": 1,
      "train_ratio": 0.80403278928493,
      "pos_rate_train": 0.32174284493806066,
      "class_strategy": "none"
    },
    "2": {
      "rows_train": 35115,
      "rows_test": 10710,
      "auc": 0.6799583340660775,
      "brier": 0.22504247172676214,
      "pr_auc": 0.6609402615044392,
      "event_count": 1,
      "train_ratio": 0.80403278928493,
      "pos_rate_train": 0.43844510892780864,
      "class_strategy": "none"
    },
    "4": {
      "rows_train": 35115,
      "rows_test": 10710,
      "auc": 0.7200197784071396,
      "brier": 0.21056055784529568,
      "pr_auc": 0.7707541578276912,
      "event_count": 1,
      "train_ratio": 0.80403278928493,
      "pos_rate_train": 0.5524134985049124,
      "class_strategy": "none"
    },
    "8": {
      "rows_train": 35115,
      "rows_test": 10710,
      "auc": 0.7232681322519307,
      "brier": 0.20571642639131082,
      "pr_auc": 0.8245657472157332,
      "event_count": 1,
      "train_ratio": 0.80403278928493,
      "pos_rate_train": 0.6542503203759077,
      "class_strategy": "none"
    }
  },
  "groupkfold_event": {
    "1": {
      "rows_train": 54652,
      "rows_test": 0,
      "auc": null,
      "brier": null,
      "pr_auc": null,
      "event_count": 1,
      "folds": 0,
      "note": "insufficient training data"
    },
    "2": {
      "rows_train": 54652,
      "rows_test": 0,
      "auc": null,
      "brier": null,
      "pr_auc": null,
      "event_count": 1,
      "folds": 0,
      "note": "insufficient training data"
    },
    "4": {
      "rows_train": 54652,
      "rows_test": 0,
      "auc": null,
      "brier": null,
      "pr_auc": null,
      "event_count": 1,
      "folds": 0,
      "note": "insufficient training data"
    },
    "8": {
      "rows_train": 54652,
      "rows_test": 0,
      "auc": null,
      "brier": null,
      "pr_auc": null,
      "event_count": 1,
      "folds": 0,
      "note": "insufficient training data"
    }
  },
  "calibration": {
    "1": {
      "rows": 8827,
      "brier": 0.23207291044071457,
      "ece": 3.4085242967420125e-17,
      "method": "isotonic"
    },
    "2": {
      "rows": 8827,
      "brier": 0.20844449455172287,
      "ece": 7.679241732014153e-17,
      "method": "isotonic"
    },
    "4": {
      "rows": 8827,
      "brier": 0.17178789908495143,
      "ece": 3.751263363480831e-17,
      "method": "isotonic"
    },
    "8": {
      "rows": 8827,
      "brier": 0.12260350610779128,
      "ece": 4.732314637081852e-18,
      "method": "isotonic"
    }
  },
  "ranking": {
    "1": {
      "rows_test": 10710,
      "overall": [
        {
          "k": 10,
          "precision": 1.0,
          "recall": 0.002508151492350138,
          "total_positives": 3987
        },
        {
          "k": 25,
          "precision": 0.96,
          "recall": 0.006019563581640331,
          "total_positives": 3987
        },
        {
          "k": 50,
          "precision": 0.94,
          "recall": 0.011788312014045649,
          "total_positives": 3987
        },
        {
          "k": 100,
          "precision": 0.9,
          "recall": 0.022573363431151242,
          "total_positives": 3987
        }
      ],
      "priority_1": [
        {
          "k": 10,
          "precision": 0.7,
          "recall": 0.0025820730357801547,
          "total_positives": 2711
        },
        {
          "k": 25,
          "precision": 0.88,
          "recall": 0.008115086683880487,
          "total_positives": 2711
        },
        {
          "k": 50,
          "precision": 0.86,
          "recall": 0.015861305791220952,
          "total_positives": 2711
        },
        {
          "k": 100,
          "precision": 0.76,
          "recall": 0.028033935817041684,
          "total_positives": 2711
        }
      ],
      "other": [
        {
          "k": 10,
          "precision": 1.0,
          "recall": 0.007836990595611285,
          "total_positives": 1276
        },
        {
          "k": 25,
          "precision": 0.96,
          "recall": 0.018808777429467086,
          "total_positives": 1276
        },
        {
          "k": 50,
          "precision": 0.96,
          "recall": 0.03761755485893417,
          "total_positives": 1276
        },
        {
          "k": 100,
          "precision": 0.84,
          "recall": 0.06583072100313479,
          "total_positives": 1276
        }
      ]
    },
    "2": {
      "rows_test": 10710,
      "overall": [
        {
          "k": 10,
          "precision": 1.0,
          "recall": 0.0019135093761959434,
          "total_positives": 5226
        },
        {
          "k": 25,
          "precision": 1.0,
          "recall": 0.004783773440489858,
          "total_positives": 5226
        },
        {
          "k": 50,
          "precision": 0.94,
          "recall": 0.008993494068120934,
          "total_positives": 5226
        },
        {
          "k": 100,
          "precision": 0.93,
          "recall": 0.017795637198622274,
          "total_positives": 5226
        }
      ],
      "priority_1": [
        {
          "k": 10,
          "precision": 0.8,
          "recall": 0.002186987424822307,
          "total_positives": 3658
        },
        {
          "k": 25,
          "precision": 0.88,
          "recall": 0.006014215418261345,
          "total_positives": 3658
        },
        {
          "k": 50,
          "precision": 0.82,
          "recall": 0.011208310552214325,
          "total_positives": 3658
        },
        {
          "k": 100,
          "precision": 0.87,
          "recall": 0.023783488244942592,
          "total_positives": 3658
        }
      ],
      "other": [
        {
          "k": 10,
          "precision": 1.0,
          "recall": 0.006377551020408163,
          "total_positives": 1568
        },
        {
          "k": 25,
          "precision": 1.0,
          "recall": 0.01594387755102041,
          "total_positives": 1568
        },
        {
          "k": 50,
          "precision": 0.98,
          "recall": 0.03125,
          "total_positives": 1568
        },
        {
          "k": 100,
          "precision": 0.98,
          "recall": 0.0625,
          "total_positives": 1568
        }
      ]
    },
    "4": {
      "rows_test": 10710,
      "overall": [
        {
          "k": 10,
          "precision": 1.0,
          "recall": 0.00160333493666827,
          "total_positives": 6237
        },
        {
          "k": 25,
          "precision": 1.0,
          "recall": 0.004008337341670675,
          "total_positives": 6237
        },
        {
          "k": 50,
          "precision": 1.0,
          "recall": 0.00801667468334135,
          "total_positives": 6237
        },
        {
          "k": 100,
          "precision": 0.99,
          "recall": 0.015873015873015872,
          "total_positives": 6237
        }
      ],
      "priority_1": [
        {
          "k": 10,
          "precision": 1.0,
          "recall": 0.0022482014388489208,
          "total_positives": 4448
        },
        {
          "k": 25,
          "precision": 1.0,
          "recall": 0.005620503597122302,
          "total_positives": 4448
        },
        {
          "k": 50,
          "precision": 1.0,
          "recall": 0.011241007194244604,
          "total_positives": 4448
        },
        {
          "k": 100,
          "precision": 0.99,
          "recall": 0.022257194244604317,
          "total_positives": 4448
        }
      ],
      "other": [
        {
          "k": 10,
          "precision": 1.0,
          "recall": 0.005589714924538848,
          "total_positives": 1789
        },
        {
          "k": 25,
          "precision": 1.0,
          "recall": 0.013974287311347122,