{
  "within_event_time": {
    "1": {
      "rows_train": 29172,
      "rows_test": 9136,
      "auc": 0.6289726469026324,
      "brier": 0.23651626563366104,
      "pr_auc": 0.5308653975922264,
      "event_count": 1,
      "train_ratio": 0.7981306759175376,
      "pos_rate_train": 0.3084121760592349,
      "class_strategy": "none"
    },
    "2": {
      "rows_train": 29172,
      "rows_test": 9136,
      "auc": 0.647321195485258,
      "brier": 0.23613043341571,
      "pr_auc": 0.6598975750160677,
      "event_count": 1,
      "train_ratio": 0.7981306759175376,
      "pos_rate_train": 0.42239133415604,
      "class_strategy": "none"
    },
    "4": {
      "rows_train": 29172,
      "rows_test": 9136,
      "auc": 0.701207483040662,
      "brier": 0.26064277670498975,
      "pr_auc": 0.78177862688372,
      "event_count": 1,
      "train_ratio": 0.7981306759175376,
      "pos_rate_train": 0.5261552173316879,
      "class_strategy": "none"
    },
    "8": {
      "rows_train": 29172,
      "rows_test": 9136,
      "auc": 0.7043348846536784,
      "brier": 0.26875994551741644,
      "pr_auc": 0.8090312838682919,
      "event_count": 1,
      "train_ratio": 0.7981306759175376,
      "pos_rate_train": 0.6124365830248183,
      "class_strategy": "none"
    }
  },
  "groupkfold_event": {
    "1": {
      "rows_train": 45257,
      "rows_test": 0,
      "auc": null,
      "brier": null,
      "pr_auc": null,
      "event_count": 1,
      "folds": 0,
      "note": "insufficient training data"
    },
    "2": {
      "rows_train": 45257,
      "rows_test": 0,
      "auc": null,
      "brier": null,
      "pr_auc": null,
      "event_count": 1,
      "folds": 0,
      "note": "insufficient training data"
    },
    "4": {
      "rows_train": 45257,
      "rows_test": 0,
      "auc": null,
      "brier": null,
      "pr_auc": null,
      "event_count": 1,
      "folds": 0,
      "note": "insufficient training data"
    },
    "8": {
      "rows_train": 45257,
      "rows_test": 0,
      "auc": null,
      "brier": null,
      "pr_auc": null,
      "event_count": 1,
      "folds": 0,
      "note": "insufficient training data"
    }
  },
  "calibration": {
    "1": {
      "rows": 6949,
      "brier": 0.21737921423037662,
      "ece": 1.3612174657945509e-17,
      "method": "isotonic"
    },
    "2": {
      "rows": 6949,
      "brier": 0.2018913153427605,
      "ece": 9.066794739887415e-17,
      "method": "isotonic"
    },
    "4": {
      "rows": 6949,
      "brier": 0.15952168511217557,
      "ece": 4.108416330153389e-17,
      "method": "isotonic"
    },
    "8": {
      "rows": 6949,
      "brier": 0.09895860562289385,
      "ece": 3.67464808841252e-18,
      "method": "isotonic"
    }
  },
  "ranking": {
    "1": {
      "rows_test": 9136,
      "overall": [
        {
          "k": 10,
          "precision": 1.0,
          "recall": 0.00269323996768112,
          "total_positives": 3713
        },
        {
          "k": 25,
          "precision": 1.0,
          "recall": 0.006733099919202801,
          "total_positives": 3713
        },
        {
          "k": 50,
          "precision": 0.9,
          "recall": 0.012119579854565042,
          "total_positives": 3713
        },
        {
          "k": 100,
          "precision": 0.83,
          "recall": 0.022353891731753298,
          "total_positives": 3713
        }
      ],
      "priority_1": [
        {
          "k": 10,
          "precision": 0.8,
          "recall": 0.003098373353989156,
          "total_positives": 2582
        },
        {
          "k": 25,
          "precision": 0.8,
          "recall": 0.0077459333849728895,
          "total_positives": 2582
        },
        {
          "k": 50,
          "precision": 0.74,
          "recall": 0.014329976762199844,
          "total_positives": 2582
        },
        {
          "k": 100,
          "precision": 0.8,
          "recall": 0.030983733539891558,
          "total_positives": 2582
        }
      ],
      "other": [
        {
          "k": 10,
          "precision": 1.0,
          "recall": 0.008841732979664015,
          "total_positives": 1131
        },
        {
          "k": 25,
          "precision": 0.96,
          "recall": 0.021220159151193633,
          "total_positives": 1131
        },
        {
          "k": 50,
          "precision": 0.92,
          "recall": 0.040671971706454466,
          "total_positives": 1131
        },
        {
          "k": 100,
          "precision": 0.81,
          "recall": 0.07161803713527852,
          "total_positives": 1131
        }
      ]
    },
    "2": {
      "rows_test": 9136,
      "overall": [
        {
          "k": 10,
          "precision": 1.0,
          "recall": 0.0021114864864864866,
          "total_positives": 4736
        },
        {
          "k": 25,
          "precision": 1.0,
          "recall": 0.005278716216216216,
          "total_positives": 4736
        },
        {
          "k": 50,
          "precision": 1.0,
          "recall": 0.010557432432432432,
          "total_positives": 4736
        },
        {
          "k": 100,
          "precision": 0.97,
          "recall": 0.020481418918918918,
          "total_positives": 4736
        }
      ],
      "priority_1": [
        {
          "k": 10,
          "precision": 1.0,
          "recall": 0.0029717682020802376,
          "total_positives": 3365
        },
        {
          "k": 25,
          "precision": 1.0,
          "recall": 0.007429420505200594,
          "total_positives": 3365
        },
        {
          "k": 50,
          "precision": 1.0,
          "recall": 0.014858841010401188,
          "total_positives": 3365
        },
        {
          "k": 100,
          "precision": 0.93,
          "recall": 0.02763744427934621,
          "total_positives": 3365
        }
      ],
      "other": [
        {
          "k": 10,
          "precision": 1.0,
          "recall": 0.007293946024799417,
          "total_positives": 1371
        },
        {
          "k": 25,
          "precision": 1.0,
          "recall": 0.01823486506199854,
          "total_positives": 1371
        },
        {
          "k": 50,
          "precision": 0.9,
          "recall": 0.03282275711159737,
          "total_positives": 1371
        },
        {
          "k": 100,
          "precision": 0.77,
          "recall": 0.05616338439095551,
          "total_positives": 1371
        }
      ]
    },
    "4": {
      "rows_test": 9136,
      "overall": [
        {
          "k": 10,
          "precision": 1.0,
          "recall": 0.001771479185119575,
          "total_positives": 5645
        },
        {
          "k": 25,
          "precision": 1.0,
          "recall": 0.0044286979627989375,
          "total_positives": 5645
        },
        {
          "k": 50,
          "precision": 0.96,
          "recall": 0.008503100088573958,
          "total_positives": 5645
        },
        {
          "k": 100,
          "precision": 0.94,
          "recall": 0.016651904340124004,
          "total_positives": 5645
        }
      ],
      "priority_1": [
        {
          "k": 10,
          "precision": 1.0,
          "recall": 0.002500625156289072,
          "total_positives": 3999
        },
        {
          "k": 25,
          "precision": 0.96,
          "recall": 0.006001500375093774,
          "total_positives": 3999
        },
        {
          "k": 50,
          "precision": 0.92,
          "recall": 0.011502875718929733,
          "total_positives": 3999
        },
        {
          "k": 100,
          "precision": 0.95,
          "recall": 0.023755938984746188,
          "total_positives": 3999
        }
      ],
      "other": [
        {
          "k": 10,
          "precision": 1.0,
          "recall": 0.006075334143377886,
          "total_positives": 1646
        },
        {
          "k": 25,
          "precision": 1.0,
          "recall": 0.015188335358444714,