{
  "within_event_time": {
    "1": {
      "rows_train": 34301,
      "rows_test": 10848,
      "auc": 0.6973037917736269,
      "brier": 0.20952700571224986,
      "pr_auc": 0.5518632398800265,
      "event_count": 1,
      "train_ratio": 0.798708528167446,
      "pos_rate_train": 0.3243345675053205,
      "class_strategy": "none"
    },
    "2": {
      "rows_train": 34301,
      "rows_test": 10848,
      "auc": 0.7161715319864702,
      "brier": 0.2169153311149683,
      "pr_auc": 0.6918561051494488,
      "event_count": 1,
      "train_ratio": 0.798708528167446,
      "pos_rate_train": 0.43680942246581733,
      "class_strategy": "none"
    },
    "4": {
      "rows_train": 34301,
      "rows_test": 10848,
      "auc": 0.7283207428391565,
      "brier": 0.21133205864025542,
      "pr_auc": 0.7774596626738645,
      "event_count": 1,
      "train_ratio": 0.798708528167446,
      "pos_rate_train": 0.5465729862103146,
      "class_strategy": "none"
    },
    "8": {
      "rows_train": 34301,
      "rows_test": 10848,
      "auc": 0.7382203945818164,
      "brier": 0.21043870719293217,
      "pr_auc": 0.8327023760195248,
      "event_count": 1,
      "train_ratio": 0.798708528167446,
      "pos_rate_train": 0.6492813620594152,
      "class_strategy": "none"
    }
  },
  "groupkfold_event": {
    "1": {
      "rows_train": 53892,
      "rows_test": 0,
      "auc": null,
      "brier": null,
      "pr_auc": null,
      "event_count": 1,
      "folds": 0,
      "note": "insufficient training data"
    },
    "2": {
      "rows_train": 53892,
      "rows_test": 0,
      "auc": null,
      "brier": null,
      "pr_auc": null,
      "event_count": 1,
      "folds": 0,
      "note": "insufficient training data"
    },
    "4": {
      "rows_train": 53892,
      "rows_test": 0,
      "auc": null,
      "brier": null,
      "pr_auc": null,
      "event_count": 1,
      "folds": 0,
      "note": "insufficient training data"
    },
    "8": {
      "rows_train": 53892,
      "rows_test": 0,
      "auc": null,
      "brier": null,
      "pr_auc": null,
      "event_count": 1,
      "folds": 0,
      "note": "insufficient training data"
    }
  },
  "calibration": {
    "1": {
      "rows": 8743,
      "brier": 0.21963624011334906,
      "ece": 1.0584134633707743e-17,
      "method": "isotonic"
    },
    "2": {
      "rows": 8743,
      "brier": 0.21221404717397588,
      "ece": 1.6793662931107968e-17,
      "method": "isotonic"
    },
    "4": {
      "rows": 8743,
      "brier": 0.16764211478381064,
      "ece": 2.6996844908533488e-17,
      "method": "isotonic"
    },
    "8": {
      "rows": 8743,
      "brier": 0.11334740680064125,
      "ece": 1.4130168942601427e-17,
      "method": "isotonic"
    }
  },
  "ranking": {
    "1": {
      "rows_test": 10848,
      "overall": [
        {
          "k": 10,
          "precision": 1.0,
          "recall": 0.002479543763947434,
          "total_positives": 4033
        },
        {
          "k": 25,
          "precision": 1.0,
          "recall": 0.0061988594098685845,
          "total_positives": 4033
        },
        {
          "k": 50,
          "precision": 0.9,
          "recall": 0.011157946937763452,
          "total_positives": 4033
        },
        {
          "k": 100,
          "precision": 0.88,
          "recall": 0.021819985122737418,
          "total_positives": 4033
        }
      ],
      "priority_1": [
        {
          "k": 10,
          "precision": 0.8,
          "recall": 0.002897500905469033,
          "total_positives": 2761
        },
        {
          "k": 25,
          "precision": 0.76,
          "recall": 0.006881564650488953,
          "total_positives": 2761
        },
        {
          "k": 50,
          "precision": 0.8,
          "recall": 0.014487504527345164,
          "total_positives": 2761
        },
        {
          "k": 100,
          "precision": 0.74,
          "recall": 0.026801883375588555,
          "total_positives": 2761
        }
      ],
      "other": [
        {
          "k": 10,
          "precision": 1.0,
          "recall": 0.007861635220125786,
          "total_positives": 1272
        },
        {
          "k": 25,
          "precision": 0.96,
          "recall": 0.018867924528301886,
          "total_positives": 1272
        },
        {
          "k": 50,
          "precision": 0.98,
          "recall": 0.03852201257861635,
          "total_positives": 1272
        },
        {
          "k": 100,
          "precision": 0.91,
          "recall": 0.07154088050314465,
          "total_positives": 1272
        }
      ]
    },
    "2": {
      "rows_test": 10848,
      "overall": [
        {
          "k": 10,
          "precision": 1.0,
          "recall": 0.0018789928598271326,
          "total_positives": 5322
        },
        {
          "k": 25,
          "precision": 1.0,
          "recall": 0.004697482149567831,
          "total_positives": 5322
        },
        {
          "k": 50,
          "precision": 0.98,
          "recall": 0.00920706501315295,
          "total_positives": 5322
        },
        {
          "k": 100,
          "precision": 0.97,
          "recall": 0.018226230740323188,
          "total_positives": 5322
        }
      ],
      "priority_1": [
        {
          "k": 10,
          "precision": 0.9,
          "recall": 0.0023885350318471337,
          "total_positives": 3768
        },
        {
          "k": 25,
          "precision": 0.96,
          "recall": 0.006369426751592357,
          "total_positives": 3768
        },
        {
          "k": 50,
          "precision": 0.96,
          "recall": 0.012738853503184714,
          "total_positives": 3768
        },
        {
          "k": 100,
          "precision": 0.95,
          "recall": 0.02521231422505308,
          "total_positives": 3768
        }
      ],
      "other": [
        {
          "k": 10,
          "precision": 1.0,
          "recall": 0.006435006435006435,
          "total_positives": 1554
        },
        {
          "k": 25,
          "precision": 1.0,
          "recall": 0.016087516087516088,
          "total_positives": 1554
        },
        {
          "k": 50,
          "precision": 1.0,
          "recall": 0.032175032175032175,
          "total_positives": 1554
        },
        {
          "k": 100,
          "precision": 0.96,
          "recall": 0.06177606177606178,
          "total_positives": 1554
        }
      ]
    },
    "4": {
      "rows_test": 10848,
      "overall": [
        {
          "k": 10,
          "precision": 1.0,
          "recall": 0.0015738117721120553,
          "total_positives": 6354
        },
        {
          "k": 25,
          "precision": 1.0,
          "recall": 0.003934529430280139,
          "total_positives": 6354
        },
        {
          "k": 50,
          "precision": 0.98,
          "recall": 0.007711677683349071,
          "total_positives": 6354
        },
        {
          "k": 100,
          "precision": 0.96,
          "recall": 0.015108593012275733,
          "total_positives": 6354
        }
      ],
      "priority_1": [
        {
          "k": 10,
          "precision": 0.8,
          "recall": 0.0017513134851138354,
          "total_positives": 4568
        },
        {
          "k": 25,
          "precision": 0.84,
          "recall": 0.004597197898423818,
          "total_positives": 4568
        },
        {
          "k": 50,
          "precision": 0.92,
          "recall": 0.010070052539404553,
          "total_positives": 4568
        },
        {
          "k": 100,
          "precision": 0.96,
          "recall": 0.021015761821366025,
          "total_positives": 4568
        }
      ],
      "other": [
        {
          "k": 10,
          "precision": 0.9,
          "recall": 0.005039193729003359,
          "total_positives": 1786
        },
        {
          "k": 25,
          "precision": 0.96,