{
  "within_event_time": {
    "1": {
      "rows_train": 37587,
      "rows_test": 12239,
      "auc": 0.6733069339467442,
      "brier": 0.2227736199051741,
      "pr_auc": 0.5482359773810952,
      "event_count": 1,
      "train_ratio": 0.7943232615198468,
      "pos_rate_train": 0.33418469151568364,
      "class_strategy": "none"
    },
    "2": {
      "rows_train": 37587,
      "rows_test": 12239,
      "auc": 0.656477116674554,
      "brier": 0.23676042331530842,
      "pr_auc": 0.6342674948807484,
      "event_count": 1,
      "train_ratio": 0.7943232615198468,
      "pos_rate_train": 0.4535078617607151,
      "class_strategy": "none"
    },
    "4": {
      "rows_train": 37587,
      "rows_test": 12239,
      "auc": 0.6881731098530032,
      "brier": 0.22366005206851075,
      "pr_auc": 0.7343794101569441,
      "event_count": 1,
      "train_ratio": 0.7943232615198468,
      "pos_rate_train": 0.5646367095006252,
      "class_strategy": "none"
    },
    "8": {
      "rows_train": 37587,
      "rows_test": 12239,
      "auc": 0.7175100713899893,
      "brier": 0.20600044341844237,
      "pr_auc": 0.8304955297554639,
      "event_count": 1,
      "train_ratio": 0.7943232615198468,
      "pos_rate_train": 0.6678106792241999,
      "class_strategy": "none"
    }
  },
  "groupkfold_event": {
    "1": {
      "rows_train": 59506,
      "rows_test": 0,
      "auc": null,
      "brier": null,
      "pr_auc": null,
      "event_count": 1,
      "folds": 0,
      "note": "insufficient training data"
    },
    "2": {
      "rows_train": 59506,
      "rows_test": 0,
      "auc": null,
      "brier": null,
      "pr_auc": null,
      "event_count": 1,
      "folds": 0,
      "note": "insufficient training data"
    },
    "4": {
      "rows_train": 59506,
      "rows_test": 0,
      "auc": null,
      "brier": null,
      "pr_auc": null,
      "event_count": 1,
      "folds": 0,
      "note": "insufficient training data"
    },
    "8": {
      "rows_train": 59506,
      "rows_test": 0,
      "auc": null,
      "brier": null,
      "pr_auc": null,
      "event_count": 1,
      "folds": 0,
      "note": "insufficient training data"
    }
  },
  "calibration": {
    "1": {
      "rows": 9680,
      "brier": 0.2167965406383417,
      "ece": 2.207399781786355e-17,
      "method": "isotonic"
    },
    "2": {
      "rows": 9680,
      "brier": 0.21690885737414947,
      "ece": 4.335661765329801e-17,
      "method": "isotonic"
    },
    "4": {
      "rows": 9680,
      "brier": 0.18771557390334548,
      "ece": 2.578573259414781e-17,
      "method": "isotonic"
    },
    "8": {
      "rows": 9680,
      "brier": 0.14713611922232273,
      "ece": 2.7726902500323513e-17,
      "method": "isotonic"
    }
  },
  "ranking": {
    "1": {
      "rows_test": 12239,
      "overall": [
        {
          "k": 10,
          "precision": 1.0,
          "recall": 0.0021944261575597983,
          "total_positives": 4557
        },
        {
          "k": 25,
          "precision": 1.0,
          "recall": 0.0054860653938994955,
          "total_positives": 4557
        },
        {
          "k": 50,
          "precision": 0.96,
          "recall": 0.01053324555628703,
          "total_positives": 4557
        },
        {
          "k": 100,
          "precision": 0.87,
          "recall": 0.019091507570770244,
          "total_positives": 4557
        }
      ],
      "priority_1": [
        {
          "k": 10,
          "precision": 0.9,
          "recall": 0.00295955277869122,
          "total_positives": 3041
        },
        {
          "k": 25,
          "precision": 0.76,
          "recall": 0.006247944755014798,
          "total_positives": 3041
        },
        {
          "k": 50,
          "precision": 0.66,
          "recall": 0.010851693521867807,
          "total_positives": 3041
        },
        {
          "k": 100,
          "precision": 0.68,
          "recall": 0.02236106543900033,
          "total_positives": 3041
        }
      ],
      "other": [
        {
          "k": 10,
          "precision": 1.0,
          "recall": 0.006596306068601583,
          "total_positives": 1516
        },
        {
          "k": 25,
          "precision": 1.0,
          "recall": 0.016490765171503958,
          "total_positives": 1516
        },
        {
          "k": 50,
          "precision": 0.98,
          "recall": 0.032321899736147755,
          "total_positives": 1516
        },
        {
          "k": 100,
          "precision": 0.9,
          "recall": 0.059366754617414245,
          "total_positives": 1516
        }
      ]
    },
    "2": {
      "rows_test": 12239,
      "overall": [
        {
          "k": 10,
          "precision": 1.0,
          "recall": 0.0017135023989033585,
          "total_positives": 5836
        },
        {
          "k": 25,
          "precision": 1.0,
          "recall": 0.004283755997258396,
          "total_positives": 5836
        },
        {
          "k": 50,
          "precision": 0.96,
          "recall": 0.00822481151473612,
          "total_positives": 5836
        },
        {
          "k": 100,
          "precision": 0.95,
          "recall": 0.016278272789581907,
          "total_positives": 5836
        }
      ],
      "priority_1": [
        {
          "k": 10,
          "precision": 0.9,
          "recall": 0.0022935779816513763,
          "total_positives": 3924
        },
        {
          "k": 25,
          "precision": 0.92,
          "recall": 0.005861365953109072,
          "total_positives": 3924
        },
        {
          "k": 50,
          "precision": 0.88,
          "recall": 0.011213047910295617,
          "total_positives": 3924
        },
        {
          "k": 100,
          "precision": 0.82,
          "recall": 0.02089704383282365,
          "total_positives": 3924
        }
      ],
      "other": [
        {
          "k": 10,
          "precision": 1.0,
          "recall": 0.005230125523012552,
          "total_positives": 1912
        },
        {
          "k": 25,
          "precision": 0.96,
          "recall": 0.012552301255230125,
          "total_positives": 1912
        },
        {
          "k": 50,
          "precision": 0.98,
          "recall": 0.025627615062761507,
          "total_positives": 1912
        },
        {
          "k": 100,
          "precision": 0.97,
          "recall": 0.05073221757322176,
          "total_positives": 1912
        }
      ]
    },
    "4": {
      "rows_test": 12239,
      "overall": [
        {
          "k": 10,
          "precision": 1.0,
          "recall": 0.0014547570555717194,
          "total_positives": 6874
        },
        {
          "k": 25,
          "precision": 0.96,
          "recall": 0.0034914169333721268,
          "total_positives": 6874
        },
        {
          "k": 50,
          "precision": 0.98,
          "recall": 0.007128309572301426,
          "total_positives": 6874
        },
        {
          "k": 100,
          "precision": 0.97,
          "recall": 0.01411114343904568,
          "total_positives": 6874
        }
      ],
      "priority_1": [
        {
          "k": 10,
          "precision": 1.0,
          "recall": 0.0021376656690893546,
          "total_positives": 4678
        },
        {
          "k": 25,
          "precision": 0.96,
          "recall": 0.005130397605814451,
          "total_positives": 4678
        },
        {
          "k": 50,
          "precision": 0.92,
          "recall": 0.00983326207781103,
          "total_positives": 4678
        },
        {
          "k": 100,
          "precision": 0.89,
          "recall": 0.019025224454895254,
          "total_positives": 4678
        }
      ],
      "other": [
        {
          "k": 10,
          "precision": 1.0,
          "recall": 0.004553734061930784,
          "total_positives": 2196
        },
        {
          "k": 25,
          "precision": 1.0,