{
  "within_event_time": {
    "1": {
      "rows_train": 51149,
      "rows_test": 15815,
      "auc": 0.6768300161129713,
      "brier": 0.20570792525896783,
      "pr_auc": 0.5213387810133061,
      "event_count": 1,
      "train_ratio": 0.8008713060777376,
      "pos_rate_train": 0.3504467340514966,
      "class_strategy": "none"
    },
    "2": {
      "rows_train": 51149,
      "rows_test": 15815,
      "auc": 0.6682731488750547,
      "brier": 0.22780993012157527,
      "pr_auc": 0.6059094214391026,
      "event_count": 1,
      "train_ratio": 0.8008713060777376,
      "pos_rate_train": 0.4742028192144519,
      "class_strategy": "none"
    },
    "4": {
      "rows_train": 51149,
      "rows_test": 15815,
      "auc": 0.6963006094986098,
      "brier": 0.2191556386426581,
      "pr_auc": 0.7477283437217194,
      "event_count": 1,
      "train_ratio": 0.8008713060777376,
      "pos_rate_train": 0.5896302958024595,
      "class_strategy": "none"
    },
    "8": {
      "rows_train": 51149,
      "rows_test": 15815,
      "auc": 0.7322725862722645,
      "brier": 0.19294840181326578,
      "pr_auc": 0.8418862622809454,
      "event_count": 1,
      "train_ratio": 0.8008713060777376,
      "pos_rate_train": 0.6927603667715889,
      "class_strategy": "none"
    }
  },
  "groupkfold_event": {
    "1": {
      "rows_train": 79421,
      "rows_test": 0,
      "auc": null,
      "brier": null,
      "pr_auc": null,
      "event_count": 1,
      "folds": 0,
      "note": "insufficient training data"
    },
    "2": {
      "rows_train": 79421,
      "rows_test": 0,
      "auc": null,
      "brier": null,
      "pr_auc": null,
      "event_count": 1,
      "folds": 0,
      "note": "insufficient training data"
    },
    "4": {
      "rows_train": 79421,
      "rows_test": 0,
      "auc": null,
      "brier": null,
      "pr_auc": null,
      "event_count": 1,
      "folds": 0,
      "note": "insufficient training data"
    },
    "8": {
      "rows_train": 79421,
      "rows_test": 0,
      "auc": null,
      "brier": null,
      "pr_auc": null,
      "event_count": 1,
      "folds": 0,
      "note": "insufficient training data"
    }
  },
  "calibration": {
    "1": {
      "rows": 12457,
      "brier": 0.2094774170885926,
      "ece": 2.3047577600390585e-17,
      "method": "isotonic"
    },
    "2": {
      "rows": 12457,
      "brier": 0.22426290727826403,
      "ece": 2.272227343085684e-17,
      "method": "isotonic"
    },
    "4": {
      "rows": 12457,
      "brier": 0.2107695361903741,
      "ece": 8.582236987740182e-17,
      "method": "isotonic"
    },
    "8": {
      "rows": 12457,
      "brier": 0.17698277872439158,
      "ece": 7.633507430291776e-17,
      "method": "isotonic"
    }
  },
  "ranking": {
    "1": {
      "rows_test": 15815,
      "overall": [
        {
          "k": 10,
          "precision": 0.7,
          "recall": 0.001282051282051282,
          "total_positives": 5460
        },
        {
          "k": 25,
          "precision": 0.84,
          "recall": 0.0038461538461538464,
          "total_positives": 5460
        },
        {
          "k": 50,
          "precision": 0.92,
          "recall": 0.008424908424908424,
          "total_positives": 5460
        },
        {
          "k": 100,
          "precision": 0.84,
          "recall": 0.015384615384615385,
          "total_positives": 5460
        }
      ],
      "priority_1": [
        {
          "k": 10,
          "precision": 0.6,
          "recall": 0.001768867924528302,
          "total_positives": 3392
        },
        {
          "k": 25,
          "precision": 0.76,
          "recall": 0.005601415094339622,
          "total_positives": 3392
        },
        {
          "k": 50,
          "precision": 0.78,
          "recall": 0.011497641509433961,
          "total_positives": 3392
        },
        {
          "k": 100,
          "precision": 0.73,
          "recall": 0.02152122641509434,
          "total_positives": 3392
        }
      ],
      "other": [
        {
          "k": 10,
          "precision": 1.0,
          "recall": 0.004835589941972921,
          "total_positives": 2068
        },
        {
          "k": 25,
          "precision": 0.96,
          "recall": 0.01160541586073501,
          "total_positives": 2068
        },
        {
          "k": 50,
          "precision": 0.96,
          "recall": 0.02321083172147002,
          "total_positives": 2068
        },
        {
          "k": 100,
          "precision": 0.88,
          "recall": 0.0425531914893617,
          "total_positives": 2068
        }
      ]
    },
    "2": {
      "rows_test": 15815,
      "overall": [
        {
          "k": 10,
          "precision": 1.0,
          "recall": 0.0014186409419775854,
          "total_positives": 7049
        },
        {
          "k": 25,
          "precision": 1.0,
          "recall": 0.003546602354943964,
          "total_positives": 7049
        },
        {
          "k": 50,
          "precision": 1.0,
          "recall": 0.007093204709887928,
          "total_positives": 7049
        },
        {
          "k": 100,
          "precision": 0.92,
          "recall": 0.013051496666193787,
          "total_positives": 7049
        }
      ],
      "priority_1": [
        {
          "k": 10,
          "precision": 0.9,
          "recall": 0.002018389773491814,
          "total_positives": 4459
        },
        {
          "k": 25,
          "precision": 0.72,
          "recall": 0.004036779546983628,
          "total_positives": 4459
        },
        {
          "k": 50,
          "precision": 0.76,
          "recall": 0.008522090154743216,
          "total_positives": 4459
        },
        {
          "k": 100,
          "precision": 0.8,
          "recall": 0.01794124243103835,
          "total_positives": 4459
        }
      ],
      "other": [
        {
          "k": 10,
          "precision": 1.0,
          "recall": 0.003861003861003861,
          "total_positives": 2590
        },
        {
          "k": 25,
          "precision": 1.0,
          "recall": 0.009652509652509652,
          "total_positives": 2590
        },
        {
          "k": 50,
          "precision": 1.0,
          "recall": 0.019305019305019305,
          "total_positives": 2590
        },
        {
          "k": 100,
          "precision": 0.97,
          "recall": 0.03745173745173745,
          "total_positives": 2590
        }
      ]
    },
    "4": {
      "rows_test": 15815,
      "overall": [
        {
          "k": 10,
          "precision": 1.0,
          "recall": 0.0011179429849077697,
          "total_positives": 8945
        },
        {
          "k": 25,
          "precision": 1.0,
          "recall": 0.002794857462269424,
          "total_positives": 8945
        },
        {
          "k": 50,
          "precision": 1.0,
          "recall": 0.005589714924538848,
          "total_positives": 8945
        },
        {
          "k": 100,
          "precision": 1.0,
          "recall": 0.011179429849077696,
          "total_positives": 8945
        }
      ],
      "priority_1": [
        {
          "k": 10,
          "precision": 1.0,
          "recall": 0.0017117425539198905,
          "total_positives": 5842
        },
        {
          "k": 25,
          "precision": 1.0,
          "recall": 0.004279356384799726,
          "total_positives": 5842
        },
        {
          "k": 50,
          "precision": 1.0,
          "recall": 0.008558712769599451,
          "total_positives": 5842
        },
        {
          "k": 100,
          "precision": 1.0,
          "recall": 0.017117425539198903,
          "total_positives": 5842
        }
      ],
      "other": [
        {
          "k": 10,
          "precision": 1.0,
          "recall": 0.003222687721559781,
          "total_positives": 3103
        },
        {
          "k": 25,
          "precision": 1.0,
          "recall": 0.008056719303899453,