{
  "within_event_time": {
    "1": {
      "rows_train": 18085,
      "rows_test": 5516,
      "auc": 0.6526668275134642,
      "brier": 0.19799147618767654,
      "pr_auc": 0.41558536810490954,
      "event_count": 1,
      "train_ratio": 0.8002028397565923,
      "pos_rate_train": 0.30539120818357757,
      "class_strategy": "none"
    },
    "2": {
      "rows_train": 18085,
      "rows_test": 5516,
      "auc": 0.6348750954401727,
      "brier": 0.22790371286566705,
      "pr_auc": 0.48254120459445227,
      "event_count": 1,
      "train_ratio": 0.8002028397565923,
      "pos_rate_train": 0.42576721039535526,
      "class_strategy": "none"
    },
    "4": {
      "rows_train": 18085,
      "rows_test": 5516,
      "auc": 0.6615609155750213,
      "brier": 0.24797939228717836,
      "pr_auc": 0.54462239722919,
      "event_count": 1,
      "train_ratio": 0.8002028397565923,
      "pos_rate_train": 0.5410561238595522,
      "class_strategy": "none"
    },
    "8": {
      "rows_train": 18085,
      "rows_test": 5516,
      "auc": 0.6481938638365423,
      "brier": 0.27215533540725434,
      "pr_auc": 0.5908896032992274,
      "event_count": 1,
      "train_ratio": 0.8002028397565923,
      "pos_rate_train": 0.6390378766933923,
      "class_strategy": "none"
    }
  },
  "groupkfold_event": {
    "1": {
      "rows_train": 27608,
      "rows_test": 0,
      "auc": null,
      "brier": null,
      "pr_auc": null,
      "event_count": 1,
      "folds": 0,
      "note": "insufficient training data"
    },
    "2": {
      "rows_train": 27608,
      "rows_test": 0,
      "auc": null,
      "brier": null,
      "pr_auc": null,
      "event_count": 1,
      "folds": 0,
      "note": "insufficient training data"
    },
    "4": {
      "rows_train": 27608,
      "rows_test": 0,
      "auc": null,
      "brier": null,
      "pr_auc": null,
      "event_count": 1,
      "folds": 0,
      "note": "insufficient training data"
    },
    "8": {
      "rows_train": 27608,
      "rows_test": 0,
      "auc": null,
      "brier": null,
      "pr_auc": null,
      "event_count": 1,
      "folds": 0,
      "note": "insufficient training data"
    }
  },
  "calibration": {
    "1": {
      "rows": 4007,
      "brier": 0.21354744751416735,
      "ece": 2.5833396370972807e-17,
      "method": "isotonic"
    },
    "2": {
      "rows": 4007,
      "brier": 0.23360685100480544,
      "ece": 1.1983315651369609e-18,
      "method": "isotonic"
    },
    "4": {
      "rows": 4007,
      "brier": 0.22115775859589393,
      "ece": 6.621994082490951e-17,
      "method": "isotonic"
    },
    "8": {
      "rows": 4007,
      "brier": 0.20694636928379795,
      "ece": 1.415139530390064e-17,
      "method": "isotonic"
    }
  },
  "ranking": {
    "1": {
      "rows_test": 5516,
      "overall": [
        {
          "k": 10,
          "precision": 0.8,
          "recall": 0.005105296745373325,
          "total_positives": 1567
        },
        {
          "k": 25,
          "precision": 0.64,
          "recall": 0.01021059349074665,
          "total_positives": 1567
        },
        {
          "k": 50,
          "precision": 0.64,
          "recall": 0.0204211869814933,
          "total_positives": 1567
        },
        {
          "k": 100,
          "precision": 0.67,
          "recall": 0.042756860242501596,
          "total_positives": 1567
        }
      ],
      "priority_1": [
        {
          "k": 10,
          "precision": 0.5,
          "recall": 0.006157635467980296,
          "total_positives": 812
        },
        {
          "k": 25,
          "precision": 0.56,
          "recall": 0.017241379310344827,
          "total_positives": 812
        },
        {
          "k": 50,
          "precision": 0.58,
          "recall": 0.03571428571428571,
          "total_positives": 812
        },
        {
          "k": 100,
          "precision": 0.55,
          "recall": 0.06773399014778325,
          "total_positives": 812
        }
      ],
      "other": [
        {
          "k": 10,
          "precision": 0.7,
          "recall": 0.009271523178807948,
          "total_positives": 755
        },
        {
          "k": 25,
          "precision": 0.84,
          "recall": 0.02781456953642384,
          "total_positives": 755
        },
        {
          "k": 50,
          "precision": 0.78,
          "recall": 0.051655629139072845,
          "total_positives": 755
        },
        {
          "k": 100,
          "precision": 0.7,
          "recall": 0.09271523178807947,
          "total_positives": 755
        }
      ]
    },
    "2": {
      "rows_test": 5516,
      "overall": [
        {
          "k": 10,
          "precision": 0.8,
          "recall": 0.004036326942482341,
          "total_positives": 1982
        },
        {
          "k": 25,
          "precision": 0.8,
          "recall": 0.010090817356205853,
          "total_positives": 1982
        },
        {
          "k": 50,
          "precision": 0.86,
          "recall": 0.021695257315842584,
          "total_positives": 1982
        },
        {
          "k": 100,
          "precision": 0.72,
          "recall": 0.03632694248234107,
          "total_positives": 1982
        }
      ],
      "priority_1": [
        {
          "k": 10,
          "precision": 0.8,
          "recall": 0.007266121707538601,
          "total_positives": 1101
        },
        {
          "k": 25,
          "precision": 0.76,
          "recall": 0.01725703905540418,
          "total_positives": 1101
        },
        {
          "k": 50,
          "precision": 0.62,
          "recall": 0.02815622161671208,
          "total_positives": 1101
        },
        {
          "k": 100,
          "precision": 0.62,
          "recall": 0.05631244323342416,
          "total_positives": 1101
        }
      ],
      "other": [
        {
          "k": 10,
          "precision": 1.0,
          "recall": 0.011350737797956867,
          "total_positives": 881
        },
        {
          "k": 25,
          "precision": 0.92,
          "recall": 0.026106696935300794,
          "total_positives": 881
        },
        {
          "k": 50,
          "precision": 0.8,
          "recall": 0.04540295119182747,
          "total_positives": 881
        },
        {
          "k": 100,
          "precision": 0.7,
          "recall": 0.07945516458569807,
          "total_positives": 881
        }
      ]
    },
    "4": {
      "rows_test": 5516,
      "overall": [
        {
          "k": 10,
          "precision": 0.8,
          "recall": 0.003663003663003663,
          "total_positives": 2184
        },
        {
          "k": 25,
          "precision": 0.92,
          "recall": 0.010531135531135532,
          "total_positives": 2184
        },
        {
          "k": 50,
          "precision": 0.86,
          "recall": 0.019688644688644688,
          "total_positives": 2184
        },
        {
          "k": 100,
          "precision": 0.84,
          "recall": 0.038461538461538464,
          "total_positives": 2184
        }
      ],
      "priority_1": [
        {
          "k": 10,
          "precision": 1.0,
          "recall": 0.008006405124099279,
          "total_positives": 1249
        },
        {
          "k": 25,
          "precision": 0.8,
          "recall": 0.016012810248198558,
          "total_positives": 1249
        },
        {
          "k": 50,
          "precision": 0.82,
          "recall": 0.03282626100880705,
          "total_positives": 1249
        },
        {
          "k": 100,
          "precision": 0.74,
          "recall": 0.059247397918334666,
          "total_positives": 1249
        }
      ],
      "other": [
        {
          "k": 10,
          "precision": 1.0,
          "recall": 0.0106951871657754,
          "total_positives": 935
        },
        {
          "k": 25,
          "precision": 0.92,
          "recall": 0.02459893048128342,