{
  "within_event_time": {
    "1": {
      "rows_train": 30788,
      "rows_test": 9737,
      "auc": 0.6432410508518848,
      "brier": 0.21858416445660694,
      "pr_auc": 0.4935914161357565,
      "event_count": 1,
      "train_ratio": 0.7982345262023663,
      "pos_rate_train": 0.310770430037677,
      "class_strategy": "none"
    },
    "2": {
      "rows_train": 30788,
      "rows_test": 9737,
      "auc": 0.6703674783732385,
      "brier": 0.23162970841559316,
      "pr_auc": 0.6619490866215209,
      "event_count": 1,
      "train_ratio": 0.7982345262023663,
      "pos_rate_train": 0.42272963492269716,
      "class_strategy": "none"
    },
    "4": {
      "rows_train": 30788,
      "rows_test": 9737,
      "auc": 0.71914700464933,
      "brier": 0.2549458088383688,
      "pr_auc": 0.7732236827422432,
      "event_count": 1,
      "train_ratio": 0.7982345262023663,
      "pos_rate_train": 0.5233857347018319,
      "class_strategy": "none"
    },
    "8": {
      "rows_train": 30788,
      "rows_test": 9737,
      "auc": 0.7033987013202219,
      "brier": 0.2595433635668023,
      "pr_auc": 0.7976210570960676,
      "event_count": 1,
      "train_ratio": 0.7982345262023663,
      "pos_rate_train": 0.6206314148369495,
      "class_strategy": "none"
    }
  },
  "groupkfold_event": {
    "1": {
      "rows_train": 48259,
      "rows_test": 0,
      "auc": null,
      "brier": null,
      "pr_auc": null,
      "event_count": 1,
      "folds": 0,
      "note": "insufficient training data"
    },
    "2": {
      "rows_train": 48259,
      "rows_test": 0,
      "auc": null,
      "brier": null,
      "pr_auc": null,
      "event_count": 1,
      "folds": 0,
      "note": "insufficient training data"
    },
    "4": {
      "rows_train": 48259,
      "rows_test": 0,
      "auc": null,
      "brier": null,
      "pr_auc": null,
      "event_count": 1,
      "folds": 0,
      "note": "insufficient training data"
    },
    "8": {
      "rows_train": 48259,
      "rows_test": 0,
      "auc": null,
      "brier": null,
      "pr_auc": null,
      "event_count": 1,
      "folds": 0,
      "note": "insufficient training data"
    }
  },
  "calibration": {
    "1": {
      "rows": 7734,
      "brier": 0.22635955023443663,
      "ece": 2.0405767125739075e-17,
      "method": "isotonic"
    },
    "2": {
      "rows": 7734,
      "brier": 0.21859865489962965,
      "ece": 3.918940854960793e-18,
      "method": "isotonic"
    },
    "4": {
      "rows": 7734,
      "brier": 0.1668400017429841,
      "ece": 2.5601593654871156e-16,
      "method": "isotonic"
    },
    "8": {
      "rows": 7734,
      "brier": 0.09986547794523616,
      "ece": 1.329999524586511e-17,
      "method": "isotonic"
    }
  },
  "ranking": {
    "1": {
      "rows_test": 9737,
      "overall": [
        {
          "k": 10,
          "precision": 0.9,
          "recall": 0.002515371716042482,
          "total_positives": 3578
        },
        {
          "k": 25,
          "precision": 0.96,
          "recall": 0.006707657909446618,
          "total_positives": 3578
        },
        {
          "k": 50,
          "precision": 0.86,
          "recall": 0.012017887087758524,
          "total_positives": 3578
        },
        {
          "k": 100,
          "precision": 0.79,
          "recall": 0.022079373951928452,
          "total_positives": 3578
        }
      ],
      "priority_1": [
        {
          "k": 10,
          "precision": 0.5,
          "recall": 0.0023030861354214646,
          "total_positives": 2171
        },
        {
          "k": 25,
          "precision": 0.64,
          "recall": 0.007369875633348687,
          "total_positives": 2171
        },
        {
          "k": 50,
          "precision": 0.68,
          "recall": 0.01566098572086596,
          "total_positives": 2171
        },
        {
          "k": 100,
          "precision": 0.73,
          "recall": 0.03362505757715339,
          "total_positives": 2171
        }
      ],
      "other": [
        {
          "k": 10,
          "precision": 1.0,
          "recall": 0.007107320540156361,
          "total_positives": 1407
        },
        {
          "k": 25,
          "precision": 1.0,
          "recall": 0.017768301350390904,
          "total_positives": 1407
        },
        {
          "k": 50,
          "precision": 0.9,
          "recall": 0.031982942430703626,
          "total_positives": 1407
        },
        {
          "k": 100,
          "precision": 0.71,
          "recall": 0.05046197583511016,
          "total_positives": 1407
        }
      ]
    },
    "2": {
      "rows_test": 9737,
      "overall": [
        {
          "k": 10,
          "precision": 1.0,
          "recall": 0.0020665426741062203,
          "total_positives": 4839
        },
        {
          "k": 25,
          "precision": 0.96,
          "recall": 0.0049597024178549285,
          "total_positives": 4839
        },
        {
          "k": 50,
          "precision": 0.98,
          "recall": 0.010126059103120479,
          "total_positives": 4839
        },
        {
          "k": 100,
          "precision": 0.94,
          "recall": 0.01942550113659847,
          "total_positives": 4839
        }
      ],
      "priority_1": [
        {
          "k": 10,
          "precision": 1.0,
          "recall": 0.003183699458771092,
          "total_positives": 3141
        },
        {
          "k": 25,
          "precision": 0.96,
          "recall": 0.007640878701050621,
          "total_positives": 3141
        },
        {
          "k": 50,
          "precision": 0.94,
          "recall": 0.014963387456224133,
          "total_positives": 3141
        },
        {
          "k": 100,
          "precision": 0.94,
          "recall": 0.029926774912448266,
          "total_positives": 3141
        }
      ],
      "other": [
        {
          "k": 10,
          "precision": 1.0,
          "recall": 0.005889281507656066,
          "total_positives": 1698
        },
        {
          "k": 25,
          "precision": 1.0,
          "recall": 0.014723203769140165,
          "total_positives": 1698
        },
        {
          "k": 50,
          "precision": 0.98,
          "recall": 0.028857479387514724,
          "total_positives": 1698
        },
        {
          "k": 100,
          "precision": 0.89,
          "recall": 0.052414605418138985,
          "total_positives": 1698
        }
      ]
    },
    "4": {
      "rows_test": 9737,
      "overall": [
        {
          "k": 10,
          "precision": 1.0,
          "recall": 0.001721763085399449,
          "total_positives": 5808
        },
        {
          "k": 25,
          "precision": 0.96,
          "recall": 0.004132231404958678,
          "total_positives": 5808
        },
        {
          "k": 50,
          "precision": 0.98,
          "recall": 0.0084366391184573,
          "total_positives": 5808
        },
        {
          "k": 100,
          "precision": 0.99,
          "recall": 0.017045454545454544,
          "total_positives": 5808
        }
      ],
      "priority_1": [
        {
          "k": 10,
          "precision": 1.0,
          "recall": 0.002615062761506276,
          "total_positives": 3824
        },
        {
          "k": 25,
          "precision": 1.0,
          "recall": 0.00653765690376569,
          "total_positives": 3824
        },
        {
          "k": 50,
          "precision": 1.0,
          "recall": 0.01307531380753138,
          "total_positives": 3824
        },
        {
          "k": 100,
          "precision": 0.99,
          "recall": 0.025889121338912136,
          "total_positives": 3824
        }
      ],
      "other": [
        {
          "k": 10,
          "precision": 1.0,
          "recall": 0.005040322580645161,
          "total_positives": 1984
        },
        {
          "k": 25,
          "precision": 1.0,
          "recall": 0.012600806451612902,