{
  "within_event_time": {
    "1": {
      "rows_train": 42059,
      "rows_test": 13381,
      "auc": 0.6546264388363396,
      "brier": 0.2165081689130409,
      "pr_auc": 0.5101035417174989,
      "event_count": 1,
      "train_ratio": 0.7974539840155002,
      "pos_rate_train": 0.34254261870229913,
      "class_strategy": "none"
    },
    "2": {
      "rows_train": 42059,
      "rows_test": 13381,
      "auc": 0.6631879761931914,
      "brier": 0.23219416119546155,
      "pr_auc": 0.6242117283293414,
      "event_count": 1,
      "train_ratio": 0.7974539840155002,
      "pos_rate_train": 0.4635155376970446,
      "class_strategy": "none"
    },
    "4": {
      "rows_train": 42059,
      "rows_test": 13381,
      "auc": 0.6776178378177542,
      "brier": 0.23187976233652977,
      "pr_auc": 0.7321948741838752,
      "event_count": 1,
      "train_ratio": 0.7974539840155002,
      "pos_rate_train": 0.580137425996814,
      "class_strategy": "none"
    },
    "8": {
      "rows_train": 42059,
      "rows_test": 13381,
      "auc": 0.7011693635181737,
      "brier": 0.20985113707835698,
      "pr_auc": 0.8122819649170662,
      "event_count": 1,
      "train_ratio": 0.7974539840155002,
      "pos_rate_train": 0.6840153118238664,
      "class_strategy": "none"
    }
  },
  "groupkfold_event": {
    "1": {
      "rows_train": 66064,
      "rows_test": 0,
      "auc": null,
      "brier": null,
      "pr_auc": null,
      "event_count": 1,
      "folds": 0,
      "note": "insufficient training data"
    },
    "2": {
      "rows_train": 66064,
      "rows_test": 0,
      "auc": null,
      "brier": null,
      "pr_auc": null,
      "event_count": 1,
      "folds": 0,
      "note": "insufficient training data"
    },
    "4": {
      "rows_train": 66064,
      "rows_test": 0,
      "auc": null,
      "brier": null,
      "pr_auc": null,
      "event_count": 1,
      "folds": 0,
      "note": "insufficient training data"
    },
    "8": {
      "rows_train": 66064,
      "rows_test": 0,
      "auc": null,
      "brier": null,
      "pr_auc": null,
      "event_count": 1,
      "folds": 0,
      "note": "insufficient training data"
    }
  },
  "calibration": {
    "1": {
      "rows": 10624,
      "brier": 0.2093810042969195,
      "ece": 7.148288612641476e-17,
      "method": "isotonic"
    },
    "2": {
      "rows": 10624,
      "brier": 0.21404804878161368,
      "ece": 5.2992667148664994e-17,
      "method": "isotonic"
    },
    "4": {
      "rows": 10624,
      "brier": 0.18755233219444184,
      "ece": 3.4924372630810176e-17,
      "method": "isotonic"
    },
    "8": {
      "rows": 10624,
      "brier": 0.1539220562595056,
      "ece": 7.507381597239387e-17,
      "method": "isotonic"
    }
  },
  "ranking": {
    "1": {
      "rows_test": 13381,
      "overall": [
        {
          "k": 10,
          "precision": 0.9,
          "recall": 0.0018738288569643974,
          "total_positives": 4803
        },
        {
          "k": 25,
          "precision": 0.96,
          "recall": 0.004996876951905059,
          "total_positives": 4803
        },
        {
          "k": 50,
          "precision": 0.94,
          "recall": 0.009785550697480742,
          "total_positives": 4803
        },
        {
          "k": 100,
          "precision": 0.86,
          "recall": 0.017905475744326462,
          "total_positives": 4803
        }
      ],
      "priority_1": [
        {
          "k": 10,
          "precision": 0.7,
          "recall": 0.002245749117741418,
          "total_positives": 3117
        },
        {
          "k": 25,
          "precision": 0.72,
          "recall": 0.005774783445620789,
          "total_positives": 3117
        },
        {
          "k": 50,
          "precision": 0.74,
          "recall": 0.011870388193776067,
          "total_positives": 3117
        },
        {
          "k": 100,
          "precision": 0.67,
          "recall": 0.021495027269810715,
          "total_positives": 3117
        }
      ],
      "other": [
        {
          "k": 10,
          "precision": 1.0,
          "recall": 0.005931198102016607,
          "total_positives": 1686
        },
        {
          "k": 25,
          "precision": 0.88,
          "recall": 0.013048635824436536,
          "total_positives": 1686
        },
        {
          "k": 50,
          "precision": 0.94,
          "recall": 0.027876631079478055,
          "total_positives": 1686
        },
        {
          "k": 100,
          "precision": 0.9,
          "recall": 0.05338078291814947,
          "total_positives": 1686
        }
      ]
    },
    "2": {
      "rows_test": 13381,
      "overall": [
        {
          "k": 10,
          "precision": 1.0,
          "recall": 0.0016291951775822744,
          "total_positives": 6138
        },
        {
          "k": 25,
          "precision": 0.96,
          "recall": 0.0039100684261974585,
          "total_positives": 6138
        },
        {
          "k": 50,
          "precision": 0.9,
          "recall": 0.007331378299120235,
          "total_positives": 6138
        },
        {
          "k": 100,
          "precision": 0.89,
          "recall": 0.014499837080482242,
          "total_positives": 6138
        }
      ],
      "priority_1": [
        {
          "k": 10,
          "precision": 0.9,
          "recall": 0.002216202905688254,
          "total_positives": 4061
        },
        {
          "k": 25,
          "precision": 0.92,
          "recall": 0.005663629647869982,
          "total_positives": 4061
        },
        {
          "k": 50,
          "precision": 0.8,
          "recall": 0.009849790691947797,
          "total_positives": 4061
        },
        {
          "k": 100,
          "precision": 0.82,
          "recall": 0.020192070918492983,
          "total_positives": 4061
        }
      ],
      "other": [
        {
          "k": 10,
          "precision": 0.8,
          "recall": 0.0038517091959557053,
          "total_positives": 2077
        },
        {
          "k": 25,
          "precision": 0.92,
          "recall": 0.011073663938372653,
          "total_positives": 2077
        },
        {
          "k": 50,
          "precision": 0.96,
          "recall": 0.023110255175734232,
          "total_positives": 2077
        },
        {
          "k": 100,
          "precision": 0.96,
          "recall": 0.046220510351468465,
          "total_positives": 2077
        }
      ]
    },
    "4": {
      "rows_test": 13381,
      "overall": [
        {
          "k": 10,
          "precision": 0.8,
          "recall": 0.0010695187165775401,
          "total_positives": 7480
        },
        {
          "k": 25,
          "precision": 0.92,
          "recall": 0.0030748663101604276,
          "total_positives": 7480
        },
        {
          "k": 50,
          "precision": 0.94,
          "recall": 0.0062834224598930484,
          "total_positives": 7480
        },
        {
          "k": 100,
          "precision": 0.97,
          "recall": 0.012967914438502674,
          "total_positives": 7480
        }
      ],
      "priority_1": [
        {
          "k": 10,
          "precision": 1.0,
          "recall": 0.0019809825673534074,
          "total_positives": 5048
        },
        {
          "k": 25,
          "precision": 0.96,
          "recall": 0.004754358161648178,
          "total_positives": 5048
        },
        {
          "k": 50,
          "precision": 0.94,
          "recall": 0.009310618066561015,
          "total_positives": 5048
        },
        {
          "k": 100,
          "precision": 0.94,
          "recall": 0.01862123613312203,
          "total_positives": 5048
        }
      ],
      "other": [
        {
          "k": 10,
          "precision": 1.0,
          "recall": 0.004111842105263158,
          "total_positives": 2432
        },
        {
          "k": 25,
          "precision": 1.0,