{
  "within_event_time": {
    "1": {
      "rows_train": 19014,
      "rows_test": 5844,
      "auc": 0.6460072970605032,
      "brier": 0.18182998613992996,
      "pr_auc": 0.3796768244361385,
      "event_count": 1,
      "train_ratio": 0.8019922748526124,
      "pos_rate_train": 0.3083517408225518,
      "class_strategy": "none"
    },
    "2": {
      "rows_train": 19014,
      "rows_test": 5844,
      "auc": 0.6361219744458924,
      "brier": 0.2131379198411075,
      "pr_auc": 0.4551397786640832,
      "event_count": 1,
      "train_ratio": 0.8019922748526124,
      "pos_rate_train": 0.42821079204796464,
      "class_strategy": "none"
    },
    "4": {
      "rows_train": 19014,
      "rows_test": 5844,
      "auc": 0.6406803314165584,
      "brier": 0.23068458639887043,
      "pr_auc": 0.5138159262313428,
      "event_count": 1,
      "train_ratio": 0.8019922748526124,
      "pos_rate_train": 0.5432838960765751,
      "class_strategy": "none"
    },
    "8": {
      "rows_train": 19014,
      "rows_test": 5844,
      "auc": 0.6393674339603801,
      "brier": 0.25159763769694377,
      "pr_auc": 0.5589817125119366,
      "event_count": 1,
      "train_ratio": 0.8019922748526124,
      "pos_rate_train": 0.6404754391501,
      "class_strategy": "none"
    }
  },
  "groupkfold_event": {
    "1": {
      "rows_train": 29514,
      "rows_test": 0,
      "auc": null,
      "brier": null,
      "pr_auc": null,
      "event_count": 1,
      "folds": 0,
      "note": "insufficient training data"
    },
    "2": {
      "rows_train": 29514,
      "rows_test": 0,
      "auc": null,
      "brier": null,
      "pr_auc": null,
      "event_count": 1,
      "folds": 0,
      "note": "insufficient training data"
    },
    "4": {
      "rows_train": 29514,
      "rows_test": 0,
      "auc": null,
      "brier": null,
      "pr_auc": null,
      "event_count": 1,
      "folds": 0,
      "note": "insufficient training data"
    },
    "8": {
      "rows_train": 29514,
      "rows_test": 0,
      "auc": null,
      "brier": null,
      "pr_auc": null,
      "event_count": 1,
      "folds": 0,
      "note": "insufficient training data"
    }
  },
  "calibration": {
    "1": {
      "rows": 4656,
      "brier": 0.21469928741675576,
      "ece": 1.8599097062019374e-18,
      "method": "isotonic"
    },
    "2": {
      "rows": 4656,
      "brier": 0.2315985436503515,
      "ece": 7.391948832341033e-19,
      "method": "isotonic"
    },
    "4": {
      "rows": 4656,
      "brier": 0.2255940926506009,
      "ece": 1.2821454474676689e-16,
      "method": "isotonic"
    },
    "8": {
      "rows": 4656,
      "brier": 0.21093938227927594,
      "ece": 4.244409329537755e-17,
      "method": "isotonic"
    }
  },
  "ranking": {
    "1": {
      "rows_test": 5844,
      "overall": [
        {
          "k": 10,
          "precision": 0.9,
          "recall": 0.006109979633401222,
          "total_positives": 1473
        },
        {
          "k": 25,
          "precision": 0.96,
          "recall": 0.016293279022403257,
          "total_positives": 1473
        },
        {
          "k": 50,
          "precision": 0.8,
          "recall": 0.027155465037338764,
          "total_positives": 1473
        },
        {
          "k": 100,
          "precision": 0.67,
          "recall": 0.04548540393754243,
          "total_positives": 1473
        }
      ],
      "priority_1": [
        {
          "k": 10,
          "precision": 0.4,
          "recall": 0.00425531914893617,
          "total_positives": 940
        },
        {
          "k": 25,
          "precision": 0.52,
          "recall": 0.013829787234042552,
          "total_positives": 940
        },
        {
          "k": 50,
          "precision": 0.58,
          "recall": 0.030851063829787233,
          "total_positives": 940
        },
        {
          "k": 100,
          "precision": 0.62,
          "recall": 0.06595744680851064,
          "total_positives": 940
        }
      ],
      "other": [
        {
          "k": 10,
          "precision": 1.0,
          "recall": 0.01876172607879925,
          "total_positives": 533
        },
        {
          "k": 25,
          "precision": 1.0,
          "recall": 0.04690431519699812,
          "total_positives": 533
        },
        {
          "k": 50,
          "precision": 0.78,
          "recall": 0.07317073170731707,
          "total_positives": 533
        },
        {
          "k": 100,
          "precision": 0.66,
          "recall": 0.12382739212007504,
          "total_positives": 533
        }
      ]
    },
    "2": {
      "rows_test": 5844,
      "overall": [
        {
          "k": 10,
          "precision": 1.0,
          "recall": 0.005221932114882507,
          "total_positives": 1915
        },
        {
          "k": 25,
          "precision": 0.88,
          "recall": 0.011488250652741514,
          "total_positives": 1915
        },
        {
          "k": 50,
          "precision": 0.86,
          "recall": 0.022454308093994776,
          "total_positives": 1915
        },
        {
          "k": 100,
          "precision": 0.65,
          "recall": 0.033942558746736295,
          "total_positives": 1915
        }
      ],
      "priority_1": [
        {
          "k": 10,
          "precision": 0.6,
          "recall": 0.004672897196261682,
          "total_positives": 1284
        },
        {
          "k": 25,
          "precision": 0.48,
          "recall": 0.009345794392523364,
          "total_positives": 1284
        },
        {
          "k": 50,
          "precision": 0.46,
          "recall": 0.01791277258566978,
          "total_positives": 1284
        },
        {
          "k": 100,
          "precision": 0.48,
          "recall": 0.037383177570093455,
          "total_positives": 1284
        }
      ],
      "other": [
        {
          "k": 10,
          "precision": 1.0,
          "recall": 0.01584786053882726,
          "total_positives": 631
        },
        {
          "k": 25,
          "precision": 0.88,
          "recall": 0.03486529318541997,
          "total_positives": 631
        },
        {
          "k": 50,
          "precision": 0.88,
          "recall": 0.06973058637083994,
          "total_positives": 631
        },
        {
          "k": 100,
          "precision": 0.66,
          "recall": 0.1045958795562599,
          "total_positives": 631
        }
      ]
    },
    "4": {
      "rows_test": 5844,
      "overall": [
        {
          "k": 10,
          "precision": 0.7,
          "recall": 0.003111111111111111,
          "total_positives": 2250
        },
        {
          "k": 25,
          "precision": 0.8,
          "recall": 0.008888888888888889,
          "total_positives": 2250
        },
        {
          "k": 50,
          "precision": 0.82,
          "recall": 0.018222222222222223,
          "total_positives": 2250
        },
        {
          "k": 100,
          "precision": 0.85,
          "recall": 0.03777777777777778,
          "total_positives": 2250
        }
      ],
      "priority_1": [
        {
          "k": 10,
          "precision": 0.7,
          "recall": 0.004498714652956298,
          "total_positives": 1556
        },
        {
          "k": 25,
          "precision": 0.68,
          "recall": 0.010925449871465296,
          "total_positives": 1556
        },
        {
          "k": 50,
          "precision": 0.8,
          "recall": 0.02570694087403599,
          "total_positives": 1556
        },
        {
          "k": 100,
          "precision": 0.73,
          "recall": 0.04691516709511568,
          "total_positives": 1556
        }
      ],
      "other": [
        {
          "k": 10,
          "precision": 0.8,
          "recall": 0.011527377521613832,
          "total_positives": 694
        },
        {
          "k": 25,
          "precision": 0.84,
          "recall": 0.03025936599423631,