{
  "within_event_time": {
    "1": {
      "rows_train": 29556,
      "rows_test": 9472,
      "auc": 0.6507894161908917,
      "brier": 0.22847336627890466,
      "pr_auc": 0.5509671740964533,
      "event_count": 1,
      "train_ratio": 0.7964149077934918,
      "pos_rate_train": 0.3098186493436189,
      "class_strategy": "none"
    },
    "2": {
      "rows_train": 29556,
      "rows_test": 9472,
      "auc": 0.6548336408310145,
      "brier": 0.23130484874928972,
      "pr_auc": 0.663513508269766,
      "event_count": 1,
      "train_ratio": 0.7964149077934918,
      "pos_rate_train": 0.4237718229801056,
      "class_strategy": "none"
    },
    "4": {
      "rows_train": 29556,
      "rows_test": 9472,
      "auc": 0.7047712946937638,
      "brier": 0.2454309758561451,
      "pr_auc": 0.7815077399382466,
      "event_count": 1,
      "train_ratio": 0.7964149077934918,
      "pos_rate_train": 0.5265935850588713,
      "class_strategy": "none"
    },
    "8": {
      "rows_train": 29556,
      "rows_test": 9472,
      "auc": 0.7123236850206177,
      "brier": 0.26183600193192413,
      "pr_auc": 0.8213289459822707,
      "event_count": 1,
      "train_ratio": 0.7964149077934918,
      "pos_rate_train": 0.6138178373257545,
      "class_strategy": "none"
    }
  },
  "groupkfold_event": {
    "1": {
      "rows_train": 46526,
      "rows_test": 0,
      "auc": null,
      "brier": null,
      "pr_auc": null,
      "event_count": 1,
      "folds": 0,
      "note": "insufficient training data"
    },
    "2": {
      "rows_train": 46526,
      "rows_test": 0,
      "auc": null,
      "brier": null,
      "pr_auc": null,
      "event_count": 1,
      "folds": 0,
      "note": "insufficient training data"
    },
    "4": {
      "rows_train": 46526,
      "rows_test": 0,
      "auc": null,
      "brier": null,
      "pr_auc": null,
      "event_count": 1,
      "folds": 0,
      "note": "insufficient training data"
    },
    "8": {
      "rows_train": 46526,
      "rows_test": 0,
      "auc": null,
      "brier": null,
      "pr_auc": null,
      "event_count": 1,
      "folds": 0,
      "note": "insufficient training data"
    }
  },
  "calibration": {
    "1": {
      "rows": 7498,
      "brier": 0.21725378914358145,
      "ece": 5.319756964153149e-17,
      "method": "isotonic"
    },
    "2": {
      "rows": 7498,
      "brier": 0.21428657430311437,
      "ece": 4.138904920756827e-17,
      "method": "isotonic"
    },
    "4": {
      "rows": 7498,
      "brier": 0.16007525826874675,
      "ece": 6.864489119981629e-17,
      "method": "isotonic"
    },
    "8": {
      "rows": 7498,
      "brier": 0.0947863204648319,
      "ece": 7.462688775821271e-18,
      "method": "isotonic"
    }
  },
  "ranking": {
    "1": {
      "rows_test": 9472,
      "overall": [
        {
          "k": 10,
          "precision": 0.7,
          "recall": 0.001834862385321101,
          "total_positives": 3815
        },
        {
          "k": 25,
          "precision": 0.8,
          "recall": 0.005242463958060288,
          "total_positives": 3815
        },
        {
          "k": 50,
          "precision": 0.8,
          "recall": 0.010484927916120577,
          "total_positives": 3815
        },
        {
          "k": 100,
          "precision": 0.79,
          "recall": 0.02070773263433814,
          "total_positives": 3815
        }
      ],
      "priority_1": [
        {
          "k": 10,
          "precision": 0.8,
          "recall": 0.003211561621838619,
          "total_positives": 2491
        },
        {
          "k": 25,
          "precision": 0.76,
          "recall": 0.0076274588518667205,
          "total_positives": 2491
        },
        {
          "k": 50,
          "precision": 0.76,
          "recall": 0.015254917703733441,
          "total_positives": 2491
        },
        {
          "k": 100,
          "precision": 0.79,
          "recall": 0.031714171015656364,
          "total_positives": 2491
        }
      ],
      "other": [
        {
          "k": 10,
          "precision": 0.9,
          "recall": 0.006797583081570997,
          "total_positives": 1324
        },
        {
          "k": 25,
          "precision": 0.84,
          "recall": 0.015861027190332326,
          "total_positives": 1324
        },
        {
          "k": 50,
          "precision": 0.82,
          "recall": 0.030966767371601207,
          "total_positives": 1324
        },
        {
          "k": 100,
          "precision": 0.77,
          "recall": 0.0581570996978852,
          "total_positives": 1324
        }
      ]
    },
    "2": {
      "rows_test": 9472,
      "overall": [
        {
          "k": 10,
          "precision": 0.8,
          "recall": 0.0016349887594522788,
          "total_positives": 4893
        },
        {
          "k": 25,
          "precision": 0.92,
          "recall": 0.0047005926834253016,
          "total_positives": 4893
        },
        {
          "k": 50,
          "precision": 0.92,
          "recall": 0.009401185366850603,
          "total_positives": 4893
        },
        {
          "k": 100,
          "precision": 0.96,
          "recall": 0.019619865113427344,
          "total_positives": 4893
        }
      ],
      "priority_1": [
        {
          "k": 10,
          "precision": 1.0,
          "recall": 0.0030404378230465185,
          "total_positives": 3289
        },
        {
          "k": 25,
          "precision": 0.92,
          "recall": 0.006993006993006993,
          "total_positives": 3289
        },
        {
          "k": 50,
          "precision": 0.96,
          "recall": 0.01459410155062329,
          "total_positives": 3289
        },
        {
          "k": 100,
          "precision": 0.93,
          "recall": 0.028276071754332624,
          "total_positives": 3289
        }
      ],
      "other": [
        {
          "k": 10,
          "precision": 1.0,
          "recall": 0.006234413965087282,
          "total_positives": 1604
        },
        {
          "k": 25,
          "precision": 0.96,
          "recall": 0.014962593516209476,
          "total_positives": 1604
        },
        {
          "k": 50,
          "precision": 0.92,
          "recall": 0.028678304239401497,
          "total_positives": 1604
        },
        {
          "k": 100,
          "precision": 0.9,
          "recall": 0.05610972568578554,
          "total_positives": 1604
        }
      ]
    },
    "4": {
      "rows_test": 9472,
      "overall": [
        {
          "k": 10,
          "precision": 1.0,
          "recall": 0.0016963528413910093,
          "total_positives": 5895
        },
        {
          "k": 25,
          "precision": 1.0,
          "recall": 0.004240882103477523,
          "total_positives": 5895
        },
        {
          "k": 50,
          "precision": 0.98,
          "recall": 0.008312128922815945,
          "total_positives": 5895
        },
        {
          "k": 100,
          "precision": 0.97,
          "recall": 0.016454622561492792,
          "total_positives": 5895
        }
      ],
      "priority_1": [
        {
          "k": 10,
          "precision": 1.0,
          "recall": 0.002509410288582183,
          "total_positives": 3985
        },
        {
          "k": 25,
          "precision": 1.0,
          "recall": 0.006273525721455458,
          "total_positives": 3985
        },
        {
          "k": 50,
          "precision": 1.0,
          "recall": 0.012547051442910916,
          "total_positives": 3985
        },
        {
          "k": 100,
          "precision": 0.98,
          "recall": 0.024592220828105395,
          "total_positives": 3985
        }
      ],
      "other": [
        {
          "k": 10,
          "precision": 0.9,
          "recall": 0.004712041884816754,
          "total_positives": 1910
        },
        {
          "k": 25,
          "precision": 0.96,
          "recall": 0.012565445026178011,