{
  "within_event_time": {
    "1": {
      "rows_train": 15870,
      "rows_test": 5023,
      "auc": 0.6407304154625928,
      "brier": 0.20441585325593567,
      "pr_auc": 0.4356759971628489,
      "event_count": 1,
      "train_ratio": 0.7981758277081324,
      "pos_rate_train": 0.3140516698172653,
      "class_strategy": "none"
    },
    "2": {
      "rows_train": 15870,
      "rows_test": 5023,
      "auc": 0.6470433648690006,
      "brier": 0.22757172822142396,
      "pr_auc": 0.5514979270203184,
      "event_count": 1,
      "train_ratio": 0.7981758277081324,
      "pos_rate_train": 0.4350976685570258,
      "class_strategy": "none"
    },
    "4": {
      "rows_train": 15870,
      "rows_test": 5023,
      "auc": 0.6622104937369759,
      "brier": 0.2390152212571074,
      "pr_auc": 0.6304585674426907,
      "event_count": 1,
      "train_ratio": 0.7981758277081324,
      "pos_rate_train": 0.5540012602394455,
      "class_strategy": "none"
    },
    "8": {
      "rows_train": 15870,
      "rows_test": 5023,
      "auc": 0.6632503588258456,
      "brier": 0.2606424495951339,
      "pr_auc": 0.6559046280818066,
      "event_count": 1,
      "train_ratio": 0.7981758277081324,
      "pos_rate_train": 0.652488972904852,
      "class_strategy": "none"
    }
  },
  "groupkfold_event": {
    "1": {
      "rows_train": 24888,
      "rows_test": 0,
      "auc": null,
      "brier": null,
      "pr_auc": null,
      "event_count": 1,
      "folds": 0,
      "note": "insufficient training data"
    },
    "2": {
      "rows_train": 24888,
      "rows_test": 0,
      "auc": null,
      "brier": null,
      "pr_auc": null,
      "event_count": 1,
      "folds": 0,
      "note": "insufficient training data"
    },
    "4": {
      "rows_train": 24888,
      "rows_test": 0,
      "auc": null,
      "brier": null,
      "pr_auc": null,
      "event_count": 1,
      "folds": 0,
      "note": "insufficient training data"
    },
    "8": {
      "rows_train": 24888,
      "rows_test": 0,
      "auc": null,
      "brier": null,
      "pr_auc": null,
      "event_count": 1,
      "folds": 0,
      "note": "insufficient training data"
    }
  },
  "calibration": {
    "1": {
      "rows": 3995,
      "brier": 0.210078148344848,
      "ece": 0.0615566796279318
    },
    "2": {
      "rows": 3995,
      "brier": 0.23290406112499987,
      "ece": 0.05170406402155723
    },
    "4": {
      "rows": 3995,
      "brier": 0.2232672974183357,
      "ece": 0.05737114092231093
    },
    "8": {
      "rows": 3995,
      "brier": 0.20761232654594788,
      "ece": 0.0762739616654106
    }
  },
  "eta_regression": {
    "rows_train": 18126,
    "rows_test": 2560,
    "mae": 5.286305569834909,
    "rmse": 7.056784210861172,
    "eta_class_mae": 2.882174784919161,
    "eta_class_rmse": 3.759548462619879
  },
  "feature_importance_path": "/home/runner/work/snow_map_dashboard/snow_map_dashboard/data/artifacts_snow/feature_importance.json"
}