{
  "within_event_time": {
    "1": {
      "rows_train": 15584,
      "rows_test": 4902,
      "auc": 0.6335624162233234,
      "brier": 0.20566569838481516,
      "pr_auc": 0.4222302071786761,
      "event_count": 1,
      "train_ratio": 0.8,
      "pos_rate_train": 0.31455338809034905,
      "class_strategy": "none"
    },
    "2": {
      "rows_train": 15584,
      "rows_test": 4902,
      "auc": 0.6377466054384608,
      "brier": 0.23092496909862092,
      "pr_auc": 0.5495328705632001,
      "event_count": 1,
      "train_ratio": 0.8,
      "pos_rate_train": 0.43480492813141686,
      "class_strategy": "none"
    },
    "4": {
      "rows_train": 15584,
      "rows_test": 4902,
      "auc": 0.6565710287997156,
      "brier": 0.2463279062578829,
      "pr_auc": 0.6242934636014354,
      "event_count": 1,
      "train_ratio": 0.8,
      "pos_rate_train": 0.5532597535934292,
      "class_strategy": "none"
    },
    "8": {
      "rows_train": 15584,
      "rows_test": 4902,
      "auc": 0.6716148714383134,
      "brier": 0.26159469423896314,
      "pr_auc": 0.6785247642453569,
      "event_count": 1,
      "train_ratio": 0.8,
      "pos_rate_train": 0.6533624229979466,
      "class_strategy": "none"
    }
  },
  "groupkfold_event": {
    "1": {
      "rows_train": 24510,
      "rows_test": 0,
      "auc": null,
      "brier": null,
      "pr_auc": null,
      "event_count": 1,
      "folds": 0,
      "note": "insufficient training data"
    },
    "2": {
      "rows_train": 24510,
      "rows_test": 0,
      "auc": null,
      "brier": null,
      "pr_auc": null,
      "event_count": 1,
      "folds": 0,
      "note": "insufficient training data"
    },
    "4": {
      "rows_train": 24510,
      "rows_test": 0,
      "auc": null,
      "brier": null,
      "pr_auc": null,
      "event_count": 1,
      "folds": 0,
      "note": "insufficient training data"
    },
    "8": {
      "rows_train": 24510,
      "rows_test": 0,
      "auc": null,
      "brier": null,
      "pr_auc": null,
      "event_count": 1,
      "folds": 0,
      "note": "insufficient training data"
    }
  },
  "calibration": {
    "1": {
      "rows": 4024,
      "brier": 0.2078659345283525,
      "ece": 0.05042204562776681
    },
    "2": {
      "rows": 4024,
      "brier": 0.23746089529435288,
      "ece": 0.051553365065265366
    },
    "4": {
      "rows": 4024,
      "brier": 0.22495297700155553,
      "ece": 0.045637081501813274
    },
    "8": {
      "rows": 4024,
      "brier": 0.20509537527810434,
      "ece": 0.07155849631983408
    }
  },
  "eta_regression": {
    "rows_train": 17864,
    "rows_test": 2466,
    "mae": 4.671197188144622,
    "rmse": 6.405979286666554,
    "eta_class_mae": 2.810110588868723,
    "eta_class_rmse": 3.6282924099045557
  },
  "feature_importance_path": "/home/runner/work/snow_map_dashboard/snow_map_dashboard/data/artifacts_snow/feature_importance.json"
}