{
  "within_event_time": {
    "1": {
      "rows_train": 42059,
      "rows_test": 13101,
      "auc": 0.6528006905812392,
      "brier": 0.2161100954129286,
      "pr_auc": 0.5078477189825942,
      "event_count": 1,
      "train_ratio": 0.7999328069880732,
      "pos_rate_train": 0.34254261870229913,
      "class_strategy": "none"
    },
    "2": {
      "rows_train": 42059,
      "rows_test": 13101,
      "auc": 0.6543878014170393,
      "brier": 0.23784035327183686,
      "pr_auc": 0.6097487526879146,
      "event_count": 1,
      "train_ratio": 0.7999328069880732,
      "pos_rate_train": 0.4635155376970446,
      "class_strategy": "none"
    },
    "4": {
      "rows_train": 42059,
      "rows_test": 13101,
      "auc": 0.6695652496573881,
      "brier": 0.23445892112125266,
      "pr_auc": 0.718811915905761,
      "event_count": 1,
      "train_ratio": 0.7999328069880732,
      "pos_rate_train": 0.580137425996814,
      "class_strategy": "none"
    },
    "8": {
      "rows_train": 42059,
      "rows_test": 13101,
      "auc": 0.7053722110739639,
      "brier": 0.21003186183642053,
      "pr_auc": 0.8119212651557048,
      "event_count": 1,
      "train_ratio": 0.7999328069880732,
      "pos_rate_train": 0.6840153118238664,
      "class_strategy": "none"
    }
  },
  "groupkfold_event": {
    "1": {
      "rows_train": 65483,
      "rows_test": 0,
      "auc": null,
      "brier": null,
      "pr_auc": null,
      "event_count": 1,
      "folds": 0,
      "note": "insufficient training data"
    },
    "2": {
      "rows_train": 65483,
      "rows_test": 0,
      "auc": null,
      "brier": null,
      "pr_auc": null,
      "event_count": 1,
      "folds": 0,
      "note": "insufficient training data"
    },
    "4": {
      "rows_train": 65483,
      "rows_test": 0,
      "auc": null,
      "brier": null,
      "pr_auc": null,
      "event_count": 1,
      "folds": 0,
      "note": "insufficient training data"
    },
    "8": {
      "rows_train": 65483,
      "rows_test": 0,
      "auc": null,
      "brier": null,
      "pr_auc": null,
      "event_count": 1,
      "folds": 0,
      "note": "insufficient training data"
    }
  },
  "calibration": {
    "1": {
      "rows": 10323,
      "brier": 0.20802281902378827,
      "ece": 1.7987484342590085e-17,
      "method": "isotonic"
    },
    "2": {
      "rows": 10323,
      "brier": 0.21290613489905721,
      "ece": 3.729512635516697e-17,
      "method": "isotonic"
    },
    "4": {
      "rows": 10323,
      "brier": 0.18889471129165683,
      "ece": 3.0914812402257215e-17,
      "method": "isotonic"
    },
    "8": {
      "rows": 10323,
      "brier": 0.15103996917285015,
      "ece": 1.148617834253286e-17,
      "method": "isotonic"
    }
  },
  "ranking": {
    "1": {
      "rows_test": 13101,
      "overall": [
        {
          "k": 10,
          "precision": 1.0,
          "recall": 0.002136752136752137,
          "total_positives": 4680
        },
        {
          "k": 25,
          "precision": 0.88,
          "recall": 0.004700854700854701,
          "total_positives": 4680
        },
        {
          "k": 50,
          "precision": 0.9,
          "recall": 0.009615384615384616,
          "total_positives": 4680
        },
        {
          "k": 100,
          "precision": 0.87,
          "recall": 0.01858974358974359,
          "total_positives": 4680
        }
      ],
      "priority_1": [
        {
          "k": 10,
          "precision": 0.7,
          "recall": 0.002263906856403622,
          "total_positives": 3092
        },
        {
          "k": 25,
          "precision": 0.68,
          "recall": 0.005498059508408797,
          "total_positives": 3092
        },
        {
          "k": 50,
          "precision": 0.72,
          "recall": 0.01164294954721863,
          "total_positives": 3092
        },
        {
          "k": 100,
          "precision": 0.74,
          "recall": 0.023932729624838292,
          "total_positives": 3092
        }
      ],
      "other": [
        {
          "k": 10,
          "precision": 0.9,
          "recall": 0.005667506297229219,
          "total_positives": 1588
        },
        {
          "k": 25,
          "precision": 0.92,
          "recall": 0.014483627204030227,
          "total_positives": 1588
        },
        {
          "k": 50,
          "precision": 0.94,
          "recall": 0.02959697732997481,
          "total_positives": 1588
        },
        {
          "k": 100,
          "precision": 0.87,
          "recall": 0.05478589420654912,
          "total_positives": 1588
        }
      ]
    },
    "2": {
      "rows_test": 13101,
      "overall": [
        {
          "k": 10,
          "precision": 1.0,
          "recall": 0.0016818028927009755,
          "total_positives": 5946
        },
        {
          "k": 25,
          "precision": 0.96,
          "recall": 0.004036326942482341,
          "total_positives": 5946
        },
        {
          "k": 50,
          "precision": 0.96,
          "recall": 0.008072653884964682,
          "total_positives": 5946
        },
        {
          "k": 100,
          "precision": 0.92,
          "recall": 0.015472586612848975,
          "total_positives": 5946
        }
      ],
      "priority_1": [
        {
          "k": 10,
          "precision": 1.0,
          "recall": 0.0024925224327018943,
          "total_positives": 4012
        },
        {
          "k": 25,
          "precision": 0.88,
          "recall": 0.005483549351944167,
          "total_positives": 4012
        },
        {
          "k": 50,
          "precision": 0.86,
          "recall": 0.010717846460618146,
          "total_positives": 4012
        },
        {
          "k": 100,
          "precision": 0.86,
          "recall": 0.02143569292123629,
          "total_positives": 4012
        }
      ],
      "other": [
        {
          "k": 10,
          "precision": 1.0,
          "recall": 0.005170630816959669,
          "total_positives": 1934
        },
        {
          "k": 25,
          "precision": 0.88,
          "recall": 0.011375387797311272,
          "total_positives": 1934
        },
        {
          "k": 50,
          "precision": 0.94,
          "recall": 0.024301964839710446,
          "total_positives": 1934
        },
        {
          "k": 100,
          "precision": 0.96,
          "recall": 0.04963805584281282,
          "total_positives": 1934
        }
      ]
    },
    "4": {
      "rows_test": 13101,
      "overall": [
        {
          "k": 10,
          "precision": 1.0,
          "recall": 0.0013829345871940258,
          "total_positives": 7231
        },
        {
          "k": 25,
          "precision": 0.92,
          "recall": 0.0031807495505462593,
          "total_positives": 7231
        },
        {
          "k": 50,
          "precision": 0.96,
          "recall": 0.006638086018531324,
          "total_positives": 7231
        },
        {
          "k": 100,
          "precision": 0.95,
          "recall": 0.013137878578343245,
          "total_positives": 7231
        }
      ],
      "priority_1": [
        {
          "k": 10,
          "precision": 0.8,
          "recall": 0.0016061031921300944,
          "total_positives": 4981
        },
        {
          "k": 25,
          "precision": 0.88,
          "recall": 0.00441678377835776,
          "total_positives": 4981
        },
        {
          "k": 50,
          "precision": 0.88,
          "recall": 0.00883356755671552,
          "total_positives": 4981
        },
        {
          "k": 100,
          "precision": 0.91,
          "recall": 0.018269423810479822,
          "total_positives": 4981
        }
      ],
      "other": [
        {
          "k": 10,
          "precision": 1.0,
          "recall": 0.0044444444444444444,
          "total_positives": 2250
        },
        {
          "k": 25,
          "precision": 1.0,