{
  "within_event_time": {
    "1": {
      "rows_train": 17385,
      "rows_test": 5487,
      "auc": 0.6476488564111722,
      "brier": 0.20300599779500833,
      "pr_auc": 0.40116640264280834,
      "event_count": 1,
      "train_ratio": 0.7980270180733978,
      "pos_rate_train": 0.3100373885533506,
      "class_strategy": "none"
    },
    "2": {
      "rows_train": 17385,
      "rows_test": 5487,
      "auc": 0.6570927463566997,
      "brier": 0.22132299964639973,
      "pr_auc": 0.4942723870939171,
      "event_count": 1,
      "train_ratio": 0.7980270180733978,
      "pos_rate_train": 0.4293931550186943,
      "class_strategy": "none"
    },
    "4": {
      "rows_train": 17385,
      "rows_test": 5487,
      "auc": 0.6822624779901366,
      "brier": 0.22969289649894747,
      "pr_auc": 0.5719824270779666,
      "event_count": 1,
      "train_ratio": 0.7980270180733978,
      "pos_rate_train": 0.5452401495542134,
      "class_strategy": "none"
    },
    "8": {
      "rows_train": 17385,
      "rows_test": 5487,
      "auc": 0.6739963853442139,
      "brier": 0.23968786902653874,
      "pr_auc": 0.6137179430114162,
      "event_count": 1,
      "train_ratio": 0.7980270180733978,
      "pos_rate_train": 0.6429680759275237,
      "class_strategy": "none"
    }
  },
  "groupkfold_event": {
    "1": {
      "rows_train": 27167,
      "rows_test": 0,
      "auc": null,
      "brier": null,
      "pr_auc": null,
      "event_count": 1,
      "folds": 0,
      "note": "insufficient training data"
    },
    "2": {
      "rows_train": 27167,
      "rows_test": 0,
      "auc": null,
      "brier": null,
      "pr_auc": null,
      "event_count": 1,
      "folds": 0,
      "note": "insufficient training data"
    },
    "4": {
      "rows_train": 27167,
      "rows_test": 0,
      "auc": null,
      "brier": null,
      "pr_auc": null,
      "event_count": 1,
      "folds": 0,
      "note": "insufficient training data"
    },
    "8": {
      "rows_train": 27167,
      "rows_test": 0,
      "auc": null,
      "brier": null,
      "pr_auc": null,
      "event_count": 1,
      "folds": 0,
      "note": "insufficient training data"
    }
  },
  "calibration": {
    "1": {
      "rows": 4295,
      "brier": 0.20519281825957789,
      "ece": 1.51734788231657e-17,
      "method": "isotonic"
    },
    "2": {
      "rows": 4295,
      "brier": 0.23299013796071563,
      "ece": 2.7503545941819944e-17,
      "method": "isotonic"
    },
    "4": {
      "rows": 4295,
      "brier": 0.22315816545509568,
      "ece": 4.685167013115474e-17,
      "method": "isotonic"
    },
    "8": {
      "rows": 4295,
      "brier": 0.20530594538154218,
      "ece": 2.824024806526155e-17,
      "method": "isotonic"
    }
  },
  "ranking": {
    "1": {
      "rows_test": 5487,
      "overall": [
        {
          "k": 10,
          "precision": 0.8,
          "recall": 0.005034612964128383,
          "total_positives": 1589
        },
        {
          "k": 25,
          "precision": 0.84,
          "recall": 0.013215859030837005,
          "total_positives": 1589
        },
        {
          "k": 50,
          "precision": 0.66,
          "recall": 0.02076777847702958,
          "total_positives": 1589
        },
        {
          "k": 100,
          "precision": 0.58,
          "recall": 0.03650094398993078,
          "total_positives": 1589
        }
      ],
      "priority_1": [
        {
          "k": 10,
          "precision": 0.4,
          "recall": 0.0050062578222778474,
          "total_positives": 799
        },
        {
          "k": 25,
          "precision": 0.44,
          "recall": 0.01376720901126408,
          "total_positives": 799
        },
        {
          "k": 50,
          "precision": 0.52,
          "recall": 0.03254067584480601,
          "total_positives": 799
        },
        {
          "k": 100,
          "precision": 0.49,
          "recall": 0.06132665832290363,
          "total_positives": 799
        }
      ],
      "other": [
        {
          "k": 10,
          "precision": 0.6,
          "recall": 0.007594936708860759,
          "total_positives": 790
        },
        {
          "k": 25,
          "precision": 0.84,
          "recall": 0.026582278481012658,
          "total_positives": 790
        },
        {
          "k": 50,
          "precision": 0.66,
          "recall": 0.04177215189873418,
          "total_positives": 790
        },
        {
          "k": 100,
          "precision": 0.55,
          "recall": 0.06962025316455696,
          "total_positives": 790
        }
      ]
    },
    "2": {
      "rows_test": 5487,
      "overall": [
        {
          "k": 10,
          "precision": 1.0,
          "recall": 0.005053057099545225,
          "total_positives": 1979
        },
        {
          "k": 25,
          "precision": 0.8,
          "recall": 0.01010611419909045,
          "total_positives": 1979
        },
        {
          "k": 50,
          "precision": 0.78,
          "recall": 0.019706922688226377,
          "total_positives": 1979
        },
        {
          "k": 100,
          "precision": 0.72,
          "recall": 0.03638201111672562,
          "total_positives": 1979
        }
      ],
      "priority_1": [
        {
          "k": 10,
          "precision": 0.7,
          "recall": 0.006591337099811676,
          "total_positives": 1062
        },
        {
          "k": 25,
          "precision": 0.64,
          "recall": 0.015065913370998116,
          "total_positives": 1062
        },
        {
          "k": 50,
          "precision": 0.64,
          "recall": 0.030131826741996232,
          "total_positives": 1062
        },
        {
          "k": 100,
          "precision": 0.59,
          "recall": 0.05555555555555555,
          "total_positives": 1062
        }
      ],
      "other": [
        {
          "k": 10,
          "precision": 0.8,
          "recall": 0.008724100327153763,
          "total_positives": 917
        },
        {
          "k": 25,
          "precision": 0.8,
          "recall": 0.021810250817884406,
          "total_positives": 917
        },
        {
          "k": 50,
          "precision": 0.8,
          "recall": 0.04362050163576881,
          "total_positives": 917
        },
        {
          "k": 100,
          "precision": 0.65,
          "recall": 0.07088331515812432,
          "total_positives": 917
        }
      ]
    },
    "4": {
      "rows_test": 5487,
      "overall": [
        {
          "k": 10,
          "precision": 1.0,
          "recall": 0.004589261128958238,
          "total_positives": 2179
        },
        {
          "k": 25,
          "precision": 0.88,
          "recall": 0.010096374483708122,
          "total_positives": 2179
        },
        {
          "k": 50,
          "precision": 0.84,
          "recall": 0.019274896741624598,
          "total_positives": 2179
        },
        {
          "k": 100,
          "precision": 0.75,
          "recall": 0.03441945846718678,
          "total_positives": 2179
        }
      ],
      "priority_1": [
        {
          "k": 10,
          "precision": 0.7,
          "recall": 0.005780346820809248,
          "total_positives": 1211
        },
        {
          "k": 25,
          "precision": 0.8,
          "recall": 0.016515276630883566,
          "total_positives": 1211
        },
        {
          "k": 50,
          "precision": 0.72,
          "recall": 0.02972749793559042,
          "total_positives": 1211
        },
        {
          "k": 100,
          "precision": 0.72,
          "recall": 0.05945499587118084,
          "total_positives": 1211
        }
      ],
      "other": [
        {
          "k": 10,
          "precision": 0.9,
          "recall": 0.009297520661157025,
          "total_positives": 968
        },
        {
          "k": 25,
          "precision": 0.96,
          "recall": 0.024793388429752067,