{
  "within_event_time": {
    "1": {
      "rows_train": 29451,
      "rows_test": 9370,
      "auc": 0.6608367854738301,
      "brier": 0.23093796009416723,
      "pr_auc": 0.5644827765310595,
      "event_count": 1,
      "train_ratio": 0.7963707486689123,
      "pos_rate_train": 0.30932735730535466,
      "class_strategy": "none"
    },
    "2": {
      "rows_train": 29451,
      "rows_test": 9370,
      "auc": 0.6628351478636141,
      "brier": 0.2309289344612956,
      "pr_auc": 0.6686972975224311,
      "event_count": 1,
      "train_ratio": 0.7963707486689123,
      "pos_rate_train": 0.4235509829886931,
      "class_strategy": "none"
    },
    "4": {
      "rows_train": 29451,
      "rows_test": 9370,
      "auc": 0.7129959310515567,
      "brier": 0.24989823926823868,
      "pr_auc": 0.7901352157476377,
      "event_count": 1,
      "train_ratio": 0.7963707486689123,
      "pos_rate_train": 0.5265356015075888,
      "class_strategy": "none"
    },
    "8": {
      "rows_train": 29451,
      "rows_test": 9370,
      "auc": 0.7072332647903532,
      "brier": 0.25612845869316464,
      "pr_auc": 0.8113934888710044,
      "event_count": 1,
      "train_ratio": 0.7963707486689123,
      "pos_rate_train": 0.6136633730603375,
      "class_strategy": "none"
    }
  },
  "groupkfold_event": {
    "1": {
      "rows_train": 46015,
      "rows_test": 0,
      "auc": null,
      "brier": null,
      "pr_auc": null,
      "event_count": 1,
      "folds": 0,
      "note": "insufficient training data"
    },
    "2": {
      "rows_train": 46015,
      "rows_test": 0,
      "auc": null,
      "brier": null,
      "pr_auc": null,
      "event_count": 1,
      "folds": 0,
      "note": "insufficient training data"
    },
    "4": {
      "rows_train": 46015,
      "rows_test": 0,
      "auc": null,
      "brier": null,
      "pr_auc": null,
      "event_count": 1,
      "folds": 0,
      "note": "insufficient training data"
    },
    "8": {
      "rows_train": 46015,
      "rows_test": 0,
      "auc": null,
      "brier": null,
      "pr_auc": null,
      "event_count": 1,
      "folds": 0,
      "note": "insufficient training data"
    }
  },
  "calibration": {
    "1": {
      "rows": 7194,
      "brier": 0.22132063225812276,
      "ece": 8.379915240081456e-18,
      "method": "isotonic"
    },
    "2": {
      "rows": 7194,
      "brier": 0.2064470670850307,
      "ece": 6.900505249837794e-17,
      "method": "isotonic"
    },
    "4": {
      "rows": 7194,
      "brier": 0.15822619779819758,
      "ece": 1.4699575075833494e-17,
      "method": "isotonic"
    },
    "8": {
      "rows": 7194,
      "brier": 0.09223010026426776,
      "ece": 4.733957642532204e-17,
      "method": "isotonic"
    }
  },
  "ranking": {
    "1": {
      "rows_test": 9370,
      "overall": [
        {
          "k": 10,
          "precision": 0.8,
          "recall": 0.0020876826722338203,
          "total_positives": 3832
        },
        {
          "k": 25,
          "precision": 0.84,
          "recall": 0.005480167014613779,
          "total_positives": 3832
        },
        {
          "k": 50,
          "precision": 0.88,
          "recall": 0.011482254697286013,
          "total_positives": 3832
        },
        {
          "k": 100,
          "precision": 0.85,
          "recall": 0.022181628392484342,
          "total_positives": 3832
        }
      ],
      "priority_1": [
        {
          "k": 10,
          "precision": 0.7,
          "recall": 0.002723735408560311,
          "total_positives": 2570
        },
        {
          "k": 25,
          "precision": 0.76,
          "recall": 0.007392996108949416,
          "total_positives": 2570
        },
        {
          "k": 50,
          "precision": 0.8,
          "recall": 0.01556420233463035,
          "total_positives": 2570
        },
        {
          "k": 100,
          "precision": 0.81,
          "recall": 0.03151750972762646,
          "total_positives": 2570
        }
      ],
      "other": [
        {
          "k": 10,
          "precision": 0.9,
          "recall": 0.0071315372424722665,
          "total_positives": 1262
        },
        {
          "k": 25,
          "precision": 0.96,
          "recall": 0.01901743264659271,
          "total_positives": 1262
        },
        {
          "k": 50,
          "precision": 0.9,
          "recall": 0.03565768621236133,
          "total_positives": 1262
        },
        {
          "k": 100,
          "precision": 0.84,
          "recall": 0.06656101426307448,
          "total_positives": 1262
        }
      ]
    },
    "2": {
      "rows_test": 9370,
      "overall": [
        {
          "k": 10,
          "precision": 0.9,
          "recall": 0.0018598884066955983,
          "total_positives": 4839
        },
        {
          "k": 25,
          "precision": 0.92,
          "recall": 0.0047530481504443065,
          "total_positives": 4839
        },
        {
          "k": 50,
          "precision": 0.96,
          "recall": 0.009919404835709857,
          "total_positives": 4839
        },
        {
          "k": 100,
          "precision": 0.96,
          "recall": 0.019838809671419714,
          "total_positives": 4839
        }
      ],
      "priority_1": [
        {
          "k": 10,
          "precision": 0.7,
          "recall": 0.00210589651022864,
          "total_positives": 3324
        },
        {
          "k": 25,
          "precision": 0.88,
          "recall": 0.006618531889290012,
          "total_positives": 3324
        },
        {
          "k": 50,
          "precision": 0.94,
          "recall": 0.014139590854392299,
          "total_positives": 3324
        },
        {
          "k": 100,
          "precision": 0.93,
          "recall": 0.027978339350180504,
          "total_positives": 3324
        }
      ],
      "other": [
        {
          "k": 10,
          "precision": 1.0,
          "recall": 0.006600660066006601,
          "total_positives": 1515
        },
        {
          "k": 25,
          "precision": 1.0,
          "recall": 0.0165016501650165,
          "total_positives": 1515
        },
        {
          "k": 50,
          "precision": 0.98,
          "recall": 0.03234323432343234,
          "total_positives": 1515
        },
        {
          "k": 100,
          "precision": 0.86,
          "recall": 0.05676567656765676,
          "total_positives": 1515
        }
      ]
    },
    "4": {
      "rows_test": 9370,
      "overall": [
        {
          "k": 10,
          "precision": 0.9,
          "recall": 0.0015482539136418372,
          "total_positives": 5813
        },
        {
          "k": 25,
          "precision": 0.96,
          "recall": 0.0041286771030449,
          "total_positives": 5813
        },
        {
          "k": 50,
          "precision": 0.98,
          "recall": 0.00842938241871667,
          "total_positives": 5813
        },
        {
          "k": 100,
          "precision": 0.98,
          "recall": 0.01685876483743334,
          "total_positives": 5813
        }
      ],
      "priority_1": [
        {
          "k": 10,
          "precision": 1.0,
          "recall": 0.002498126405196103,
          "total_positives": 4003
        },
        {
          "k": 25,
          "precision": 0.92,
          "recall": 0.005745690731951037,
          "total_positives": 4003
        },
        {
          "k": 50,
          "precision": 0.94,
          "recall": 0.011741194104421683,
          "total_positives": 4003
        },
        {
          "k": 100,
          "precision": 0.94,
          "recall": 0.023482388208843366,
          "total_positives": 4003
        }
      ],
      "other": [
        {
          "k": 10,
          "precision": 1.0,
          "recall": 0.0055248618784530384,
          "total_positives": 1810
        },
        {
          "k": 25,
          "precision": 1.0,
          "recall": 0.013812154696132596,