{
  "within_event_time": {
    "1": {
      "rows_train": 36183,
      "rows_test": 11365,
      "auc": 0.6892691449218217,
      "brier": 0.2156942089407129,
      "pr_auc": 0.5603824007310745,
      "event_count": 1,
      "train_ratio": 0.8010538108742079,
      "pos_rate_train": 0.328248072299146,
      "class_strategy": "none"
    },
    "2": {
      "rows_train": 36183,
      "rows_test": 11365,
      "auc": 0.6711349567803699,
      "brier": 0.22758455005045802,
      "pr_auc": 0.6496267981823621,
      "event_count": 1,
      "train_ratio": 0.8010538108742079,
      "pos_rate_train": 0.44733714727910895,
      "class_strategy": "none"
    },
    "4": {
      "rows_train": 36183,
      "rows_test": 11365,
      "auc": 0.715296736952294,
      "brier": 0.21177528912786145,
      "pr_auc": 0.7752937788580884,
      "event_count": 1,
      "train_ratio": 0.8010538108742079,
      "pos_rate_train": 0.5594063510488351,
      "class_strategy": "none"
    },
    "8": {
      "rows_train": 36183,
      "rows_test": 11365,
      "auc": 0.7282437785597858,
      "brier": 0.19839447886970862,
      "pr_auc": 0.8443708161424295,
      "event_count": 1,
      "train_ratio": 0.8010538108742079,
      "pos_rate_train": 0.6609181107149766,
      "class_strategy": "none"
    }
  },
  "groupkfold_event": {
    "1": {
      "rows_train": 57126,
      "rows_test": 0,
      "auc": null,
      "brier": null,
      "pr_auc": null,
      "event_count": 1,
      "folds": 0,
      "note": "insufficient training data"
    },
    "2": {
      "rows_train": 57126,
      "rows_test": 0,
      "auc": null,
      "brier": null,
      "pr_auc": null,
      "event_count": 1,
      "folds": 0,
      "note": "insufficient training data"
    },
    "4": {
      "rows_train": 57126,
      "rows_test": 0,
      "auc": null,
      "brier": null,
      "pr_auc": null,
      "event_count": 1,
      "folds": 0,
      "note": "insufficient training data"
    },
    "8": {
      "rows_train": 57126,
      "rows_test": 0,
      "auc": null,
      "brier": null,
      "pr_auc": null,
      "event_count": 1,
      "folds": 0,
      "note": "insufficient training data"
    }
  },
  "calibration": {
    "1": {
      "rows": 9578,
      "brier": 0.22236780268458592,
      "ece": 1.0200420355712442e-18,
      "method": "isotonic"
    },
    "2": {
      "rows": 9578,
      "brier": 0.21638518178614774,
      "ece": 5.2471310051387845e-17,
      "method": "isotonic"
    },
    "4": {
      "rows": 9578,
      "brier": 0.18383827591834348,
      "ece": 1.118916564701048e-16,
      "method": "isotonic"
    },
    "8": {
      "rows": 9578,
      "brier": 0.1366746066742508,
      "ece": 0.0,
      "method": "isotonic"
    }
  },
  "ranking": {
    "1": {
      "rows_test": 11365,
      "overall": [
        {
          "k": 10,
          "precision": 0.9,
          "recall": 0.002086230876216968,
          "total_positives": 4314
        },
        {
          "k": 25,
          "precision": 0.96,
          "recall": 0.005563282336578581,
          "total_positives": 4314
        },
        {
          "k": 50,
          "precision": 0.96,
          "recall": 0.011126564673157162,
          "total_positives": 4314
        },
        {
          "k": 100,
          "precision": 0.91,
          "recall": 0.021094112192860455,
          "total_positives": 4314
        }
      ],
      "priority_1": [
        {
          "k": 10,
          "precision": 0.6,
          "recall": 0.0020352781546811396,
          "total_positives": 2948
        },
        {
          "k": 25,
          "precision": 0.68,
          "recall": 0.005766621438263229,
          "total_positives": 2948
        },
        {
          "k": 50,
          "precision": 0.72,
          "recall": 0.012211668928086838,
          "total_positives": 2948
        },
        {
          "k": 100,
          "precision": 0.72,
          "recall": 0.024423337856173677,
          "total_positives": 2948
        }
      ],
      "other": [
        {
          "k": 10,
          "precision": 1.0,
          "recall": 0.007320644216691069,
          "total_positives": 1366
        },
        {
          "k": 25,
          "precision": 1.0,
          "recall": 0.018301610541727673,
          "total_positives": 1366
        },
        {
          "k": 50,
          "precision": 0.98,
          "recall": 0.03587115666178624,
          "total_positives": 1366
        },
        {
          "k": 100,
          "precision": 0.94,
          "recall": 0.06881405563689605,
          "total_positives": 1366
        }
      ]
    },
    "2": {
      "rows_test": 11365,
      "overall": [
        {
          "k": 10,
          "precision": 1.0,
          "recall": 0.0017969451931716084,
          "total_positives": 5565
        },
        {
          "k": 25,
          "precision": 0.88,
          "recall": 0.003953279424977538,
          "total_positives": 5565
        },
        {
          "k": 50,
          "precision": 0.92,
          "recall": 0.008265947888589397,
          "total_positives": 5565
        },
        {
          "k": 100,
          "precision": 0.9,
          "recall": 0.016172506738544475,
          "total_positives": 5565
        }
      ],
      "priority_1": [
        {
          "k": 10,
          "precision": 0.7,
          "recall": 0.0018078512396694215,
          "total_positives": 3872
        },
        {
          "k": 25,
          "precision": 0.72,
          "recall": 0.0046487603305785125,
          "total_positives": 3872
        },
        {
          "k": 50,
          "precision": 0.74,
          "recall": 0.009555785123966942,
          "total_positives": 3872
        },
        {
          "k": 100,
          "precision": 0.81,
          "recall": 0.020919421487603305,
          "total_positives": 3872
        }
      ],
      "other": [
        {
          "k": 10,
          "precision": 1.0,
          "recall": 0.005906674542232723,
          "total_positives": 1693
        },
        {
          "k": 25,
          "precision": 1.0,
          "recall": 0.014766686355581808,
          "total_positives": 1693
        },
        {
          "k": 50,
          "precision": 1.0,
          "recall": 0.029533372711163616,
          "total_positives": 1693
        },
        {
          "k": 100,
          "precision": 0.98,
          "recall": 0.057885410513880686,
          "total_positives": 1693
        }
      ]
    },
    "4": {
      "rows_test": 11365,
      "overall": [
        {
          "k": 10,
          "precision": 1.0,
          "recall": 0.001508523155830442,
          "total_positives": 6629
        },
        {
          "k": 25,
          "precision": 1.0,
          "recall": 0.003771307889576105,
          "total_positives": 6629
        },
        {
          "k": 50,
          "precision": 0.98,
          "recall": 0.007391763463569166,
          "total_positives": 6629
        },
        {
          "k": 100,
          "precision": 0.99,
          "recall": 0.014934379242721375,
          "total_positives": 6629
        }
      ],
      "priority_1": [
        {
          "k": 10,
          "precision": 1.0,
          "recall": 0.0021372088053002777,
          "total_positives": 4679
        },
        {
          "k": 25,
          "precision": 0.96,
          "recall": 0.005129301132720667,
          "total_positives": 4679
        },
        {
          "k": 50,
          "precision": 0.98,
          "recall": 0.010472323145971362,
          "total_positives": 4679
        },
        {
          "k": 100,
          "precision": 0.96,
          "recall": 0.02051720453088267,
          "total_positives": 4679
        }
      ],
      "other": [
        {
          "k": 10,
          "precision": 1.0,
          "recall": 0.005128205128205128,
          "total_positives": 1950
        },
        {
          "k": 25,
          "precision": 1.0,
          "recall": 0.01282051282051282,