{
  "within_event_time": {
    "1": {
      "rows_train": 22686,
      "rows_test": 6870,
      "auc": 0.7084324170817262,
      "brier": 0.22479470502349638,
      "pr_auc": 0.5510107857477142,
      "event_count": 1,
      "train_ratio": 0.8046352907720745,
      "pos_rate_train": 0.31380587146257605,
      "class_strategy": "none"
    },
    "2": {
      "rows_train": 22686,
      "rows_test": 6870,
      "auc": 0.6801137738745742,
      "brier": 0.23044585707513085,
      "pr_auc": 0.6214675604533577,
      "event_count": 1,
      "train_ratio": 0.8046352907720745,
      "pos_rate_train": 0.4318963237238826,
      "class_strategy": "none"
    },
    "4": {
      "rows_train": 22686,
      "rows_test": 6870,
      "auc": 0.597756623085541,
      "brier": 0.25619501359731583,
      "pr_auc": 0.5622626527249224,
      "event_count": 1,
      "train_ratio": 0.8046352907720745,
      "pos_rate_train": 0.541567486555585,
      "class_strategy": "none"
    },
    "8": {
      "rows_train": 22686,
      "rows_test": 6870,
      "auc": 0.5488787131809025,
      "brier": 0.24645836827285747,
      "pr_auc": 0.651103231234656,
      "event_count": 1,
      "train_ratio": 0.8046352907720745,
      "pos_rate_train": 0.6319756678127479,
      "class_strategy": "none"
    }
  },
  "groupkfold_event": {
    "1": {
      "rows_train": 35165,
      "rows_test": 0,
      "auc": null,
      "brier": null,
      "pr_auc": null,
      "event_count": 1,
      "folds": 0,
      "note": "insufficient training data"
    },
    "2": {
      "rows_train": 35165,
      "rows_test": 0,
      "auc": null,
      "brier": null,
      "pr_auc": null,
      "event_count": 1,
      "folds": 0,
      "note": "insufficient training data"
    },
    "4": {
      "rows_train": 35165,
      "rows_test": 0,
      "auc": null,
      "brier": null,
      "pr_auc": null,
      "event_count": 1,
      "folds": 0,
      "note": "insufficient training data"
    },
    "8": {
      "rows_train": 35165,
      "rows_test": 0,
      "auc": null,
      "brier": null,
      "pr_auc": null,
      "event_count": 1,
      "folds": 0,
      "note": "insufficient training data"
    }
  },
  "calibration": {
    "1": {
      "rows": 5609,
      "brier": 0.18968143599837956,
      "ece": 9.491031205344313e-18,
      "method": "isotonic"
    },
    "2": {
      "rows": 5609,
      "brier": 0.21621127966084494,
      "ece": 2.076348641169173e-17,
      "method": "isotonic"
    },
    "4": {
      "rows": 5609,
      "brier": 0.2251060370063425,
      "ece": 2.8774946016202915e-17,
      "method": "isotonic"
    },
    "8": {
      "rows": 5609,
      "brier": 0.21334291239354836,
      "ece": 4.7781750426905473e-17,
      "method": "isotonic"
    }
  },
  "ranking": {
    "1": {
      "rows_test": 6870,
      "overall": [
        {
          "k": 10,
          "precision": 1.0,
          "recall": 0.004025764895330112,
          "total_positives": 2484
        },
        {
          "k": 25,
          "precision": 1.0,
          "recall": 0.010064412238325281,
          "total_positives": 2484
        },
        {
          "k": 50,
          "precision": 0.92,
          "recall": 0.018518518518518517,
          "total_positives": 2484
        },
        {
          "k": 100,
          "precision": 0.86,
          "recall": 0.03462157809983897,
          "total_positives": 2484
        }
      ],
      "priority_1": [
        {
          "k": 10,
          "precision": 0.9,
          "recall": 0.0043206913106096975,
          "total_positives": 2083
        },
        {
          "k": 25,
          "precision": 0.88,
          "recall": 0.01056168987037926,
          "total_positives": 2083
        },
        {
          "k": 50,
          "precision": 0.9,
          "recall": 0.02160345655304849,
          "total_positives": 2083
        },
        {
          "k": 100,
          "precision": 0.8,
          "recall": 0.03840614498319731,
          "total_positives": 2083
        }
      ],
      "other": [
        {
          "k": 10,
          "precision": 1.0,
          "recall": 0.02493765586034913,
          "total_positives": 401
        },
        {
          "k": 25,
          "precision": 0.96,
          "recall": 0.059850374064837904,
          "total_positives": 401
        },
        {
          "k": 50,
          "precision": 0.72,
          "recall": 0.08977556109725686,
          "total_positives": 401
        },
        {
          "k": 100,
          "precision": 0.6,
          "recall": 0.14962593516209477,
          "total_positives": 401
        }
      ]
    },
    "2": {
      "rows_test": 6870,
      "overall": [
        {
          "k": 10,
          "precision": 0.9,
          "recall": 0.0029116790682626984,
          "total_positives": 3091
        },
        {
          "k": 25,
          "precision": 0.92,
          "recall": 0.007440957618893562,
          "total_positives": 3091
        },
        {
          "k": 50,
          "precision": 0.9,
          "recall": 0.014558395341313491,
          "total_positives": 3091
        },
        {
          "k": 100,
          "precision": 0.88,
          "recall": 0.028469750889679714,
          "total_positives": 3091
        }
      ],
      "priority_1": [
        {
          "k": 10,
          "precision": 1.0,
          "recall": 0.003834355828220859,
          "total_positives": 2608
        },
        {
          "k": 25,
          "precision": 0.96,
          "recall": 0.009202453987730062,
          "total_positives": 2608
        },
        {
          "k": 50,
          "precision": 0.88,
          "recall": 0.01687116564417178,
          "total_positives": 2608
        },
        {
          "k": 100,
          "precision": 0.82,
          "recall": 0.03144171779141104,
          "total_positives": 2608
        }
      ],
      "other": [
        {
          "k": 10,
          "precision": 0.9,
          "recall": 0.018633540372670808,
          "total_positives": 483
        },
        {
          "k": 25,
          "precision": 0.92,
          "recall": 0.047619047619047616,
          "total_positives": 483
        },
        {
          "k": 50,
          "precision": 0.76,
          "recall": 0.07867494824016563,
          "total_positives": 483
        },
        {
          "k": 100,
          "precision": 0.61,
          "recall": 0.12629399585921325,
          "total_positives": 483
        }
      ]
    },
    "4": {
      "rows_test": 6870,
      "overall": [
        {
          "k": 10,
          "precision": 0.6,
          "recall": 0.001747742499271774,
          "total_positives": 3433
        },
        {
          "k": 25,
          "precision": 0.68,
          "recall": 0.004951937081270026,
          "total_positives": 3433
        },
        {
          "k": 50,
          "precision": 0.72,
          "recall": 0.010486454995630643,
          "total_positives": 3433
        },
        {
          "k": 100,
          "precision": 0.66,
          "recall": 0.019225167491989513,
          "total_positives": 3433
        }
      ],
      "priority_1": [
        {
          "k": 10,
          "precision": 0.7,
          "recall": 0.002403846153846154,
          "total_positives": 2912
        },
        {
          "k": 25,
          "precision": 0.76,
          "recall": 0.006524725274725275,
          "total_positives": 2912
        },
        {
          "k": 50,
          "precision": 0.7,
          "recall": 0.01201923076923077,
          "total_positives": 2912
        },
        {
          "k": 100,
          "precision": 0.63,
          "recall": 0.021634615384615384,
          "total_positives": 2912
        }
      ],
      "other": [
        {
          "k": 10,
          "precision": 0.6,
          "recall": 0.011516314779270634,
          "total_positives": 521
        },
        {
          "k": 25,
          "precision": 0.6,
          "recall": 0.028790786948176585,