{
  "within_event_time": {
    "1": {
      "rows_train": 38567,
      "rows_test": 12166,
      "auc": 0.6710450833995052,
      "brier": 0.21895881716465784,
      "pr_auc": 0.5517186042957533,
      "event_count": 1,
      "train_ratio": 0.7976111258983232,
      "pos_rate_train": 0.3352866440220914,
      "class_strategy": "none"
    },
    "2": {
      "rows_train": 38567,
      "rows_test": 12166,
      "auc": 0.6636416310378919,
      "brier": 0.2302984018968465,
      "pr_auc": 0.6464841045190085,
      "event_count": 1,
      "train_ratio": 0.7976111258983232,
      "pos_rate_train": 0.4524074986387326,
      "class_strategy": "none"
    },
    "4": {
      "rows_train": 38567,
      "rows_test": 12166,
      "auc": 0.6798141140537584,
      "brier": 0.22690088091334934,
      "pr_auc": 0.7321730721113284,
      "event_count": 1,
      "train_ratio": 0.7976111258983232,
      "pos_rate_train": 0.5664168849015998,
      "class_strategy": "none"
    },
    "8": {
      "rows_train": 38567,
      "rows_test": 12166,
      "auc": 0.6925435135912895,
      "brier": 0.2158662923370926,
      "pr_auc": 0.805191864338799,
      "event_count": 1,
      "train_ratio": 0.7976111258983232,
      "pos_rate_train": 0.6708844348795603,
      "class_strategy": "none"
    }
  },
  "groupkfold_event": {
    "1": {
      "rows_train": 60112,
      "rows_test": 0,
      "auc": null,
      "brier": null,
      "pr_auc": null,
      "event_count": 1,
      "folds": 0,
      "note": "insufficient training data"
    },
    "2": {
      "rows_train": 60112,
      "rows_test": 0,
      "auc": null,
      "brier": null,
      "pr_auc": null,
      "event_count": 1,
      "folds": 0,
      "note": "insufficient training data"
    },
    "4": {
      "rows_train": 60112,
      "rows_test": 0,
      "auc": null,
      "brier": null,
      "pr_auc": null,
      "event_count": 1,
      "folds": 0,
      "note": "insufficient training data"
    },
    "8": {
      "rows_train": 60112,
      "rows_test": 0,
      "auc": null,
      "brier": null,
      "pr_auc": null,
      "event_count": 1,
      "folds": 0,
      "note": "insufficient training data"
    }
  },
  "calibration": {
    "1": {
      "rows": 9379,
      "brier": 0.21844225348056945,
      "ece": 7.400993608820381e-17,
      "method": "isotonic"
    },
    "2": {
      "rows": 9379,
      "brier": 0.21471976047491942,
      "ece": 5.267611109480698e-19,
      "method": "isotonic"
    },
    "4": {
      "rows": 9379,
      "brier": 0.18804621289761272,
      "ece": 1.795722708557802e-17,
      "method": "isotonic"
    },
    "8": {
      "rows": 9379,
      "brier": 0.14632116575209106,
      "ece": 1.5814670656778006e-17,
      "method": "isotonic"
    }
  },
  "ranking": {
    "1": {
      "rows_test": 12166,
      "overall": [
        {
          "k": 10,
          "precision": 1.0,
          "recall": 0.0021570319240724763,
          "total_positives": 4636
        },
        {
          "k": 25,
          "precision": 0.96,
          "recall": 0.005176876617773943,
          "total_positives": 4636
        },
        {
          "k": 50,
          "precision": 0.96,
          "recall": 0.010353753235547885,
          "total_positives": 4636
        },
        {
          "k": 100,
          "precision": 0.9,
          "recall": 0.019413287316652286,
          "total_positives": 4636
        }
      ],
      "priority_1": [
        {
          "k": 10,
          "precision": 0.9,
          "recall": 0.0029277813923227064,
          "total_positives": 3074
        },
        {
          "k": 25,
          "precision": 0.88,
          "recall": 0.0071567989590110605,
          "total_positives": 3074
        },
        {
          "k": 50,
          "precision": 0.86,
          "recall": 0.01398828887443071,
          "total_positives": 3074
        },
        {
          "k": 100,
          "precision": 0.81,
          "recall": 0.026350032530904358,
          "total_positives": 3074
        }
      ],
      "other": [
        {
          "k": 10,
          "precision": 1.0,
          "recall": 0.006402048655569782,
          "total_positives": 1562
        },
        {
          "k": 25,
          "precision": 0.96,
          "recall": 0.015364916773367477,
          "total_positives": 1562
        },
        {
          "k": 50,
          "precision": 0.96,
          "recall": 0.030729833546734954,
          "total_positives": 1562
        },
        {
          "k": 100,
          "precision": 0.91,
          "recall": 0.05825864276568502,
          "total_positives": 1562
        }
      ]
    },
    "2": {
      "rows_test": 12166,
      "overall": [
        {
          "k": 10,
          "precision": 0.9,
          "recall": 0.0015389876880984952,
          "total_positives": 5848
        },
        {
          "k": 25,
          "precision": 0.96,
          "recall": 0.004103967168262654,
          "total_positives": 5848
        },
        {
          "k": 50,
          "precision": 0.94,
          "recall": 0.008036935704514364,
          "total_positives": 5848
        },
        {
          "k": 100,
          "precision": 0.92,
          "recall": 0.01573187414500684,
          "total_positives": 5848
        }
      ],
      "priority_1": [
        {
          "k": 10,
          "precision": 0.8,
          "recall": 0.0020491803278688526,
          "total_positives": 3904
        },
        {
          "k": 25,
          "precision": 0.92,
          "recall": 0.00589139344262295,
          "total_positives": 3904
        },
        {
          "k": 50,
          "precision": 0.84,
          "recall": 0.010758196721311475,
          "total_positives": 3904
        },
        {
          "k": 100,
          "precision": 0.87,
          "recall": 0.02228483606557377,
          "total_positives": 3904
        }
      ],
      "other": [
        {
          "k": 10,
          "precision": 1.0,
          "recall": 0.0051440329218107,
          "total_positives": 1944
        },
        {
          "k": 25,
          "precision": 0.96,
          "recall": 0.012345679012345678,
          "total_positives": 1944
        },
        {
          "k": 50,
          "precision": 0.98,
          "recall": 0.025205761316872428,
          "total_positives": 1944
        },
        {
          "k": 100,
          "precision": 0.96,
          "recall": 0.04938271604938271,
          "total_positives": 1944
        }
      ]
    },
    "4": {
      "rows_test": 12166,
      "overall": [
        {
          "k": 10,
          "precision": 0.8,
          "recall": 0.0011685655857434998,
          "total_positives": 6846
        },
        {
          "k": 25,
          "precision": 0.92,
          "recall": 0.003359626059012562,
          "total_positives": 6846
        },
        {
          "k": 50,
          "precision": 0.94,
          "recall": 0.006865322816243062,
          "total_positives": 6846
        },
        {
          "k": 100,
          "precision": 0.91,
          "recall": 0.013292433537832311,
          "total_positives": 6846
        }
      ],
      "priority_1": [
        {
          "k": 10,
          "precision": 0.9,
          "recall": 0.0019430051813471502,
          "total_positives": 4632
        },
        {
          "k": 25,
          "precision": 0.96,
          "recall": 0.0051813471502590676,
          "total_positives": 4632
        },
        {
          "k": 50,
          "precision": 0.92,
          "recall": 0.009930915371329879,
          "total_positives": 4632
        },
        {
          "k": 100,
          "precision": 0.9,
          "recall": 0.019430051813471502,
          "total_positives": 4632
        }
      ],
      "other": [
        {
          "k": 10,
          "precision": 1.0,
          "recall": 0.004516711833785004,
          "total_positives": 2214
        },
        {
          "k": 25,
          "precision": 1.0,