{
  "within_event_time": {
    "1": {
      "rows_train": 50750,
      "rows_test": 15703,
      "auc": 0.6670674080939669,
      "brier": 0.2081364278919414,
      "pr_auc": 0.5222799305909398,
      "event_count": 1,
      "train_ratio": 0.8008143487746715,
      "pos_rate_train": 0.34955665024630544,
      "class_strategy": "none"
    },
    "2": {
      "rows_train": 50750,
      "rows_test": 15703,
      "auc": 0.6602778879397707,
      "brier": 0.2290019298430115,
      "pr_auc": 0.6150586168155311,
      "event_count": 1,
      "train_ratio": 0.8008143487746715,
      "pos_rate_train": 0.4731034482758621,
      "class_strategy": "none"
    },
    "4": {
      "rows_train": 50750,
      "rows_test": 15703,
      "auc": 0.6985528137840231,
      "brier": 0.2168809792558186,
      "pr_auc": 0.7511797900200761,
      "event_count": 1,
      "train_ratio": 0.8008143487746715,
      "pos_rate_train": 0.5890246305418719,
      "class_strategy": "none"
    },
    "8": {
      "rows_train": 50750,
      "rows_test": 15703,
      "auc": 0.7376923882479207,
      "brier": 0.19018456362921984,
      "pr_auc": 0.8457419139590412,
      "event_count": 1,
      "train_ratio": 0.8008143487746715,
      "pos_rate_train": 0.6918620689655173,
      "class_strategy": "none"
    }
  },
  "groupkfold_event": {
    "1": {
      "rows_train": 78836,
      "rows_test": 0,
      "auc": null,
      "brier": null,
      "pr_auc": null,
      "event_count": 1,
      "folds": 0,
      "note": "insufficient training data"
    },
    "2": {
      "rows_train": 78836,
      "rows_test": 0,
      "auc": null,
      "brier": null,
      "pr_auc": null,
      "event_count": 1,
      "folds": 0,
      "note": "insufficient training data"
    },
    "4": {
      "rows_train": 78836,
      "rows_test": 0,
      "auc": null,
      "brier": null,
      "pr_auc": null,
      "event_count": 1,
      "folds": 0,
      "note": "insufficient training data"
    },
    "8": {
      "rows_train": 78836,
      "rows_test": 0,
      "auc": null,
      "brier": null,
      "pr_auc": null,
      "event_count": 1,
      "folds": 0,
      "note": "insufficient training data"
    }
  },
  "calibration": {
    "1": {
      "rows": 12383,
      "brier": 0.20977123675128598,
      "ece": 2.1634241770334354e-17,
      "method": "isotonic"
    },
    "2": {
      "rows": 12383,
      "brier": 0.22504204531367913,
      "ece": 4.3649525925765765e-17,
      "method": "isotonic"
    },
    "4": {
      "rows": 12383,
      "brier": 0.21057375899338016,
      "ece": 1.5663083453283924e-17,
      "method": "isotonic"
    },
    "8": {
      "rows": 12383,
      "brier": 0.1788981523031565,
      "ece": 1.3789251488924257e-17,
      "method": "isotonic"
    }
  },
  "ranking": {
    "1": {
      "rows_test": 15703,
      "overall": [
        {
          "k": 10,
          "precision": 1.0,
          "recall": 0.0018162005085361425,
          "total_positives": 5506
        },
        {
          "k": 25,
          "precision": 1.0,
          "recall": 0.004540501271340356,
          "total_positives": 5506
        },
        {
          "k": 50,
          "precision": 0.98,
          "recall": 0.008899382491827097,
          "total_positives": 5506
        },
        {
          "k": 100,
          "precision": 0.9,
          "recall": 0.01634580457682528,
          "total_positives": 5506
        }
      ],
      "priority_1": [
        {
          "k": 10,
          "precision": 1.0,
          "recall": 0.0029036004645760743,
          "total_positives": 3444
        },
        {
          "k": 25,
          "precision": 0.92,
          "recall": 0.006678281068524971,
          "total_positives": 3444
        },
        {
          "k": 50,
          "precision": 0.84,
          "recall": 0.012195121951219513,
          "total_positives": 3444
        },
        {
          "k": 100,
          "precision": 0.87,
          "recall": 0.025261324041811847,
          "total_positives": 3444
        }
      ],
      "other": [
        {
          "k": 10,
          "precision": 0.9,
          "recall": 0.004364694471387003,
          "total_positives": 2062
        },
        {
          "k": 25,
          "precision": 0.96,
          "recall": 0.011639185257032008,
          "total_positives": 2062
        },
        {
          "k": 50,
          "precision": 0.96,
          "recall": 0.023278370514064017,
          "total_positives": 2062
        },
        {
          "k": 100,
          "precision": 0.84,
          "recall": 0.040737148399612025,
          "total_positives": 2062
        }
      ]
    },
    "2": {
      "rows_test": 15703,
      "overall": [
        {
          "k": 10,
          "precision": 1.0,
          "recall": 0.0014110342881332016,
          "total_positives": 7087
        },
        {
          "k": 25,
          "precision": 1.0,
          "recall": 0.003527585720333004,
          "total_positives": 7087
        },
        {
          "k": 50,
          "precision": 0.98,
          "recall": 0.006914068011852688,
          "total_positives": 7087
        },
        {
          "k": 100,
          "precision": 0.99,
          "recall": 0.013969239452518696,
          "total_positives": 7087
        }
      ],
      "priority_1": [
        {
          "k": 10,
          "precision": 1.0,
          "recall": 0.0022271714922048997,
          "total_positives": 4490
        },
        {
          "k": 25,
          "precision": 1.0,
          "recall": 0.005567928730512249,
          "total_positives": 4490
        },
        {
          "k": 50,
          "precision": 0.92,
          "recall": 0.010244988864142539,
          "total_positives": 4490
        },
        {
          "k": 100,
          "precision": 0.92,
          "recall": 0.020489977728285078,
          "total_positives": 4490
        }
      ],
      "other": [
        {
          "k": 10,
          "precision": 1.0,
          "recall": 0.003850596842510589,
          "total_positives": 2597
        },
        {
          "k": 25,
          "precision": 0.96,
          "recall": 0.009241432422025414,
          "total_positives": 2597
        },
        {
          "k": 50,
          "precision": 0.98,
          "recall": 0.018867924528301886,
          "total_positives": 2597
        },
        {
          "k": 100,
          "precision": 0.96,
          "recall": 0.036965729688101655,
          "total_positives": 2597
        }
      ]
    },
    "4": {
      "rows_test": 15703,
      "overall": [
        {
          "k": 10,
          "precision": 1.0,
          "recall": 0.0011123470522803114,
          "total_positives": 8990
        },
        {
          "k": 25,
          "precision": 1.0,
          "recall": 0.0027808676307007787,
          "total_positives": 8990
        },
        {
          "k": 50,
          "precision": 1.0,
          "recall": 0.0055617352614015575,
          "total_positives": 8990
        },
        {
          "k": 100,
          "precision": 0.97,
          "recall": 0.010789766407119022,
          "total_positives": 8990
        }
      ],
      "priority_1": [
        {
          "k": 10,
          "precision": 1.0,
          "recall": 0.0017009695526450078,
          "total_positives": 5879
        },
        {
          "k": 25,
          "precision": 1.0,
          "recall": 0.004252423881612519,
          "total_positives": 5879
        },
        {
          "k": 50,
          "precision": 0.98,
          "recall": 0.008334750807960537,
          "total_positives": 5879
        },
        {
          "k": 100,
          "precision": 0.97,
          "recall": 0.016499404660656573,
          "total_positives": 5879
        }
      ],
      "other": [
        {
          "k": 10,
          "precision": 1.0,
          "recall": 0.0032144005143040825,
          "total_positives": 3111
        },
        {
          "k": 25,
          "precision": 0.96,