{
  "within_event_time": {
    "1": {
      "rows_train": 25179,
      "rows_test": 7739,
      "auc": 0.6961545533610727,
      "brier": 0.2707864016235412,
      "pr_auc": 0.6067486745509395,
      "event_count": 1,
      "train_ratio": 0.8021576296750773,
      "pos_rate_train": 0.3124826244092299,
      "class_strategy": "none"
    },
    "2": {
      "rows_train": 25179,
      "rows_test": 7739,
      "auc": 0.7212082049514713,
      "brier": 0.21940609785289714,
      "pr_auc": 0.7697045394574968,
      "event_count": 1,
      "train_ratio": 0.8021576296750773,
      "pos_rate_train": 0.42682394058540846,
      "class_strategy": "none"
    },
    "4": {
      "rows_train": 25179,
      "rows_test": 7739,
      "auc": 0.6327237733839228,
      "brier": 0.20677675136590812,
      "pr_auc": 0.7944519157937346,
      "event_count": 1,
      "train_ratio": 0.8021576296750773,
      "pos_rate_train": 0.5309980539338337,
      "class_strategy": "none"
    },
    "8": {
      "rows_train": 25179,
      "rows_test": 7739,
      "auc": 0.5924368116858845,
      "brier": 0.2297846003707262,
      "pr_auc": 0.7848240350682433,
      "event_count": 1,
      "train_ratio": 0.8021576296750773,
      "pos_rate_train": 0.6153937805313953,
      "class_strategy": "none"
    }
  },
  "groupkfold_event": {
    "1": {
      "rows_train": 39117,
      "rows_test": 0,
      "auc": null,
      "brier": null,
      "pr_auc": null,
      "event_count": 1,
      "folds": 0,
      "note": "insufficient training data"
    },
    "2": {
      "rows_train": 39117,
      "rows_test": 0,
      "auc": null,
      "brier": null,
      "pr_auc": null,
      "event_count": 1,
      "folds": 0,
      "note": "insufficient training data"
    },
    "4": {
      "rows_train": 39117,
      "rows_test": 0,
      "auc": null,
      "brier": null,
      "pr_auc": null,
      "event_count": 1,
      "folds": 0,
      "note": "insufficient training data"
    },
    "8": {
      "rows_train": 39117,
      "rows_test": 0,
      "auc": null,
      "brier": null,
      "pr_auc": null,
      "event_count": 1,
      "folds": 0,
      "note": "insufficient training data"
    }
  },
  "calibration": {
    "1": {
      "rows": 6199,
      "brier": 0.18559397943162612,
      "ece": 2.722723912221962e-17,
      "method": "isotonic"
    },
    "2": {
      "rows": 6199,
      "brier": 0.21209520988608419,
      "ece": 4.289375938017825e-18,
      "method": "isotonic"
    },
    "4": {
      "rows": 6199,
      "brier": 0.21698276560076524,
      "ece": 6.352126976269195e-17,
      "method": "isotonic"
    },
    "8": {
      "rows": 6199,
      "brier": 0.1802159780799308,
      "ece": 4.7872659216374306e-17,
      "method": "isotonic"
    }
  },
  "ranking": {
    "1": {
      "rows_test": 7739,
      "overall": [
        {
          "k": 10,
          "precision": 1.0,
          "recall": 0.0030193236714975845,
          "total_positives": 3312
        },
        {
          "k": 25,
          "precision": 0.96,
          "recall": 0.007246376811594203,
          "total_positives": 3312
        },
        {
          "k": 50,
          "precision": 0.92,
          "recall": 0.013888888888888888,
          "total_positives": 3312
        },
        {
          "k": 100,
          "precision": 0.84,
          "recall": 0.025362318840579712,
          "total_positives": 3312
        }
      ],
      "priority_1": [
        {
          "k": 10,
          "precision": 1.0,
          "recall": 0.0034317089910775567,
          "total_positives": 2914
        },
        {
          "k": 25,
          "precision": 0.88,
          "recall": 0.0075497597803706245,
          "total_positives": 2914
        },
        {
          "k": 50,
          "precision": 0.82,
          "recall": 0.014070006863417982,
          "total_positives": 2914
        },
        {
          "k": 100,
          "precision": 0.81,
          "recall": 0.027796842827728208,
          "total_positives": 2914
        }
      ],
      "other": [
        {
          "k": 10,
          "precision": 0.9,
          "recall": 0.022613065326633167,
          "total_positives": 398
        },
        {
          "k": 25,
          "precision": 0.92,
          "recall": 0.05778894472361809,
          "total_positives": 398
        },
        {
          "k": 50,
          "precision": 0.92,
          "recall": 0.11557788944723618,
          "total_positives": 398
        },
        {
          "k": 100,
          "precision": 0.82,
          "recall": 0.20603015075376885,
          "total_positives": 398
        }
      ]
    },
    "2": {
      "rows_test": 7739,
      "overall": [
        {
          "k": 10,
          "precision": 1.0,
          "recall": 0.002242152466367713,
          "total_positives": 4460
        },
        {
          "k": 25,
          "precision": 0.96,
          "recall": 0.0053811659192825115,
          "total_positives": 4460
        },
        {
          "k": 50,
          "precision": 0.94,
          "recall": 0.010538116591928251,
          "total_positives": 4460
        },
        {
          "k": 100,
          "precision": 0.96,
          "recall": 0.021524663677130046,
          "total_positives": 4460
        }
      ],
      "priority_1": [
        {
          "k": 10,
          "precision": 1.0,
          "recall": 0.0025700334104343356,
          "total_positives": 3891
        },
        {
          "k": 25,
          "precision": 1.0,
          "recall": 0.006425083526085839,
          "total_positives": 3891
        },
        {
          "k": 50,
          "precision": 1.0,
          "recall": 0.012850167052171678,
          "total_positives": 3891
        },
        {
          "k": 100,
          "precision": 0.97,
          "recall": 0.024929324081213056,
          "total_positives": 3891
        }
      ],
      "other": [
        {
          "k": 10,
          "precision": 0.9,
          "recall": 0.015817223198594025,
          "total_positives": 569
        },
        {
          "k": 25,
          "precision": 0.92,
          "recall": 0.040421792618629174,
          "total_positives": 569
        },
        {
          "k": 50,
          "precision": 0.94,
          "recall": 0.08260105448154657,
          "total_positives": 569
        },
        {
          "k": 100,
          "precision": 0.83,
          "recall": 0.14586994727592267,
          "total_positives": 569
        }
      ]
    },
    "4": {
      "rows_test": 7739,
      "overall": [
        {
          "k": 10,
          "precision": 1.0,
          "recall": 0.0018528812303131369,
          "total_positives": 5397
        },
        {
          "k": 25,
          "precision": 1.0,
          "recall": 0.004632203075782842,
          "total_positives": 5397
        },
        {
          "k": 50,
          "precision": 1.0,
          "recall": 0.009264406151565685,
          "total_positives": 5397
        },
        {
          "k": 100,
          "precision": 0.98,
          "recall": 0.018158236057068743,
          "total_positives": 5397
        }
      ],
      "priority_1": [
        {
          "k": 10,
          "precision": 1.0,
          "recall": 0.002181500872600349,
          "total_positives": 4584
        },
        {
          "k": 25,
          "precision": 1.0,
          "recall": 0.005453752181500873,
          "total_positives": 4584
        },
        {
          "k": 50,
          "precision": 1.0,
          "recall": 0.010907504363001745,
          "total_positives": 4584
        },
        {
          "k": 100,
          "precision": 0.96,
          "recall": 0.020942408376963352,
          "total_positives": 4584
        }
      ],
      "other": [
        {
          "k": 10,
          "precision": 1.0,
          "recall": 0.012300123001230012,
          "total_positives": 813
        },
        {
          "k": 25,
          "precision": 1.0,
          "recall": 0.03075030750307503,