{
  "within_event_time": {
    "1": {
      "rows_train": 38916,
      "rows_test": 12166,
      "auc": 0.6394106596387076,
      "brier": 0.22039845349831186,
      "pr_auc": 0.5232968771748339,
      "event_count": 1,
      "train_ratio": 0.8006848080735267,
      "pos_rate_train": 0.3335646006783842,
      "class_strategy": "none"
    },
    "2": {
      "rows_train": 38916,
      "rows_test": 12166,
      "auc": 0.6854776272725334,
      "brier": 0.22469945893539028,
      "pr_auc": 0.6527489583281743,
      "event_count": 1,
      "train_ratio": 0.8006848080735267,
      "pos_rate_train": 0.4528985507246377,
      "class_strategy": "none"
    },
    "4": {
      "rows_train": 38916,
      "rows_test": 12166,
      "auc": 0.6756565261043433,
      "brier": 0.23211964758132814,
      "pr_auc": 0.7239963470957645,
      "event_count": 1,
      "train_ratio": 0.8006848080735267,
      "pos_rate_train": 0.5678384212149244,
      "class_strategy": "none"
    },
    "8": {
      "rows_train": 38916,
      "rows_test": 12166,
      "auc": 0.6896918046468935,
      "brier": 0.2231669087368687,
      "pr_auc": 0.802786841911344,
      "event_count": 1,
      "train_ratio": 0.8006848080735267,
      "pos_rate_train": 0.672885188611368,
      "class_strategy": "none"
    }
  },
  "groupkfold_event": {
    "1": {
      "rows_train": 61039,
      "rows_test": 0,
      "auc": null,
      "brier": null,
      "pr_auc": null,
      "event_count": 1,
      "folds": 0,
      "note": "insufficient training data"
    },
    "2": {
      "rows_train": 61039,
      "rows_test": 0,
      "auc": null,
      "brier": null,
      "pr_auc": null,
      "event_count": 1,
      "folds": 0,
      "note": "insufficient training data"
    },
    "4": {
      "rows_train": 61039,
      "rows_test": 0,
      "auc": null,
      "brier": null,
      "pr_auc": null,
      "event_count": 1,
      "folds": 0,
      "note": "insufficient training data"
    },
    "8": {
      "rows_train": 61039,
      "rows_test": 0,
      "auc": null,
      "brier": null,
      "pr_auc": null,
      "event_count": 1,
      "folds": 0,
      "note": "insufficient training data"
    }
  },
  "calibration": {
    "1": {
      "rows": 9957,
      "brier": 0.2230916064773811,
      "ece": 3.549101021775508e-17,
      "method": "isotonic"
    },
    "2": {
      "rows": 9957,
      "brier": 0.21832337088076081,
      "ece": 2.7061477159438136e-17,
      "method": "isotonic"
    },
    "4": {
      "rows": 9957,
      "brier": 0.19369661085113848,
      "ece": 3.398016136933981e-18,
      "method": "isotonic"
    },
    "8": {
      "rows": 9957,
      "brier": 0.14428368397383523,
      "ece": 2.76496489435998e-17,
      "method": "isotonic"
    }
  },
  "ranking": {
    "1": {
      "rows_test": 12166,
      "overall": [
        {
          "k": 10,
          "precision": 0.9,
          "recall": 0.001977587343441002,
          "total_positives": 4551
        },
        {
          "k": 25,
          "precision": 0.96,
          "recall": 0.005273566249176005,
          "total_positives": 4551
        },
        {
          "k": 50,
          "precision": 0.96,
          "recall": 0.01054713249835201,
          "total_positives": 4551
        },
        {
          "k": 100,
          "precision": 0.94,
          "recall": 0.02065480114260602,
          "total_positives": 4551
        }
      ],
      "priority_1": [
        {
          "k": 10,
          "precision": 1.0,
          "recall": 0.003284072249589491,
          "total_positives": 3045
        },
        {
          "k": 25,
          "precision": 0.96,
          "recall": 0.007881773399014778,
          "total_positives": 3045
        },
        {
          "k": 50,
          "precision": 0.9,
          "recall": 0.014778325123152709,
          "total_positives": 3045
        },
        {
          "k": 100,
          "precision": 0.83,
          "recall": 0.027257799671592774,
          "total_positives": 3045
        }
      ],
      "other": [
        {
          "k": 10,
          "precision": 0.9,
          "recall": 0.00597609561752988,
          "total_positives": 1506
        },
        {
          "k": 25,
          "precision": 0.96,
          "recall": 0.01593625498007968,
          "total_positives": 1506
        },
        {
          "k": 50,
          "precision": 0.96,
          "recall": 0.03187250996015936,
          "total_positives": 1506
        },
        {
          "k": 100,
          "precision": 0.93,
          "recall": 0.061752988047808766,
          "total_positives": 1506
        }
      ]
    },
    "2": {
      "rows_test": 12166,
      "overall": [
        {
          "k": 10,
          "precision": 1.0,
          "recall": 0.0017340038148083927,
          "total_positives": 5767
        },
        {
          "k": 25,
          "precision": 1.0,
          "recall": 0.004335009537020981,
          "total_positives": 5767
        },
        {
          "k": 50,
          "precision": 0.96,
          "recall": 0.008323218311080285,
          "total_positives": 5767
        },
        {
          "k": 100,
          "precision": 0.91,
          "recall": 0.015779434714756374,
          "total_positives": 5767
        }
      ],
      "priority_1": [
        {
          "k": 10,
          "precision": 0.9,
          "recall": 0.0022900763358778627,
          "total_positives": 3930
        },
        {
          "k": 25,
          "precision": 0.84,
          "recall": 0.0053435114503816794,
          "total_positives": 3930
        },
        {
          "k": 50,
          "precision": 0.82,
          "recall": 0.010432569974554707,
          "total_positives": 3930
        },
        {
          "k": 100,
          "precision": 0.82,
          "recall": 0.020865139949109414,
          "total_positives": 3930
        }
      ],
      "other": [
        {
          "k": 10,
          "precision": 1.0,
          "recall": 0.005443658138268917,
          "total_positives": 1837
        },
        {
          "k": 25,
          "precision": 1.0,
          "recall": 0.013609145345672292,
          "total_positives": 1837
        },
        {
          "k": 50,
          "precision": 1.0,
          "recall": 0.027218290691344585,
          "total_positives": 1837
        },
        {
          "k": 100,
          "precision": 0.99,
          "recall": 0.05389221556886228,
          "total_positives": 1837
        }
      ]
    },
    "4": {
      "rows_test": 12166,
      "overall": [
        {
          "k": 10,
          "precision": 1.0,
          "recall": 0.0014664906877841326,
          "total_positives": 6819
        },
        {
          "k": 25,
          "precision": 1.0,
          "recall": 0.0036662267194603314,
          "total_positives": 6819
        },
        {
          "k": 50,
          "precision": 0.96,
          "recall": 0.007039155301363837,
          "total_positives": 6819
        },
        {
          "k": 100,
          "precision": 0.95,
          "recall": 0.01393166153394926,
          "total_positives": 6819
        }
      ],
      "priority_1": [
        {
          "k": 10,
          "precision": 0.8,
          "recall": 0.0017057569296375266,
          "total_positives": 4690
        },
        {
          "k": 25,
          "precision": 0.92,
          "recall": 0.004904051172707889,
          "total_positives": 4690
        },
        {
          "k": 50,
          "precision": 0.86,
          "recall": 0.009168443496801706,
          "total_positives": 4690
        },
        {
          "k": 100,
          "precision": 0.9,
          "recall": 0.019189765458422176,
          "total_positives": 4690
        }
      ],
      "other": [
        {
          "k": 10,
          "precision": 1.0,
          "recall": 0.004697040864255519,
          "total_positives": 2129
        },
        {
          "k": 25,
          "precision": 0.96,
          "recall": 0.011272898074213245,