{
  "within_event_time": {
    "1": {
      "rows_train": 45843,
      "rows_test": 14322,
      "auc": 0.6730113233017828,
      "brier": 0.20523922938093445,
      "pr_auc": 0.5082729039187911,
      "event_count": 1,
      "train_ratio": 0.8001646458022297,
      "pos_rate_train": 0.3487119080339419,
      "class_strategy": "none"
    },
    "2": {
      "rows_train": 45843,
      "rows_test": 14322,
      "auc": 0.6805954040184217,
      "brier": 0.22471188039790996,
      "pr_auc": 0.6232302628655061,
      "event_count": 1,
      "train_ratio": 0.8001646458022297,
      "pos_rate_train": 0.4705625722574875,
      "class_strategy": "none"
    },
    "4": {
      "rows_train": 45843,
      "rows_test": 14322,
      "auc": 0.7041396132780268,
      "brier": 0.22022154955268522,
      "pr_auc": 0.7457212773560207,
      "event_count": 1,
      "train_ratio": 0.8001646458022297,
      "pos_rate_train": 0.5845385336910761,
      "class_strategy": "none"
    },
    "8": {
      "rows_train": 45843,
      "rows_test": 14322,
      "auc": 0.7232253086419753,
      "brier": 0.1933808414033984,
      "pr_auc": 0.8304316643427834,
      "event_count": 1,
      "train_ratio": 0.8001646458022297,
      "pos_rate_train": 0.6864079575943983,
      "class_strategy": "none"
    }
  },
  "groupkfold_event": {
    "1": {
      "rows_train": 71669,
      "rows_test": 0,
      "auc": null,
      "brier": null,
      "pr_auc": null,
      "event_count": 1,
      "folds": 0,
      "note": "insufficient training data"
    },
    "2": {
      "rows_train": 71669,
      "rows_test": 0,
      "auc": null,
      "brier": null,
      "pr_auc": null,
      "event_count": 1,
      "folds": 0,
      "note": "insufficient training data"
    },
    "4": {
      "rows_train": 71669,
      "rows_test": 0,
      "auc": null,
      "brier": null,
      "pr_auc": null,
      "event_count": 1,
      "folds": 0,
      "note": "insufficient training data"
    },
    "8": {
      "rows_train": 71669,
      "rows_test": 0,
      "auc": null,
      "brier": null,
      "pr_auc": null,
      "event_count": 1,
      "folds": 0,
      "note": "insufficient training data"
    }
  },
  "calibration": {
    "1": {
      "rows": 11504,
      "brier": 0.20678232825833895,
      "ece": 1.68019670190577e-17,
      "method": "isotonic"
    },
    "2": {
      "rows": 11504,
      "brier": 0.21859307632052616,
      "ece": 3.765966444578857e-17,
      "method": "isotonic"
    },
    "4": {
      "rows": 11504,
      "brier": 0.20520888487393182,
      "ece": 6.009646690037316e-17,
      "method": "isotonic"
    },
    "8": {
      "rows": 11504,
      "brier": 0.17528962956871205,
      "ece": 6.928278071787203e-17,
      "method": "isotonic"
    }
  },
  "ranking": {
    "1": {
      "rows_test": 14322,
      "overall": [
        {
          "k": 10,
          "precision": 0.9,
          "recall": 0.0019007391763463568,
          "total_positives": 4735
        },
        {
          "k": 25,
          "precision": 0.84,
          "recall": 0.0044350580781415,
          "total_positives": 4735
        },
        {
          "k": 50,
          "precision": 0.92,
          "recall": 0.009714889123548046,
          "total_positives": 4735
        },
        {
          "k": 100,
          "precision": 0.88,
          "recall": 0.018585005279831045,
          "total_positives": 4735
        }
      ],
      "priority_1": [
        {
          "k": 10,
          "precision": 0.9,
          "recall": 0.0029980013324450365,
          "total_positives": 3002
        },
        {
          "k": 25,
          "precision": 0.84,
          "recall": 0.0069953364423717525,
          "total_positives": 3002
        },
        {
          "k": 50,
          "precision": 0.78,
          "recall": 0.012991339107261825,
          "total_positives": 3002
        },
        {
          "k": 100,
          "precision": 0.83,
          "recall": 0.02764823451032645,
          "total_positives": 3002
        }
      ],
      "other": [
        {
          "k": 10,
          "precision": 0.9,
          "recall": 0.0051933064050779,
          "total_positives": 1733
        },
        {
          "k": 25,
          "precision": 0.92,
          "recall": 0.013271783035199077,
          "total_positives": 1733
        },
        {
          "k": 50,
          "precision": 0.94,
          "recall": 0.027120600115406807,
          "total_positives": 1733
        },
        {
          "k": 100,
          "precision": 0.86,
          "recall": 0.04962492787074437,
          "total_positives": 1733
        }
      ]
    },
    "2": {
      "rows_test": 14322,
      "overall": [
        {
          "k": 10,
          "precision": 1.0,
          "recall": 0.001599488163787588,
          "total_positives": 6252
        },
        {
          "k": 25,
          "precision": 1.0,
          "recall": 0.00399872040946897,
          "total_positives": 6252
        },
        {
          "k": 50,
          "precision": 1.0,
          "recall": 0.00799744081893794,
          "total_positives": 6252
        },
        {
          "k": 100,
          "precision": 0.97,
          "recall": 0.015515035188739604,
          "total_positives": 6252
        }
      ],
      "priority_1": [
        {
          "k": 10,
          "precision": 0.9,
          "recall": 0.002198876129978011,
          "total_positives": 4093
        },
        {
          "k": 25,
          "precision": 0.92,
          "recall": 0.005619350109943806,
          "total_positives": 4093
        },
        {
          "k": 50,
          "precision": 0.96,
          "recall": 0.011727339359882726,
          "total_positives": 4093
        },
        {
          "k": 100,
          "precision": 0.95,
          "recall": 0.023210359149767896,
          "total_positives": 4093
        }
      ],
      "other": [
        {
          "k": 10,
          "precision": 1.0,
          "recall": 0.004631773969430292,
          "total_positives": 2159
        },
        {
          "k": 25,
          "precision": 1.0,
          "recall": 0.01157943492357573,
          "total_positives": 2159
        },
        {
          "k": 50,
          "precision": 1.0,
          "recall": 0.02315886984715146,
          "total_positives": 2159
        },
        {
          "k": 100,
          "precision": 0.92,
          "recall": 0.042612320518758684,
          "total_positives": 2159
        }
      ]
    },
    "4": {
      "rows_test": 14322,
      "overall": [
        {
          "k": 10,
          "precision": 1.0,
          "recall": 0.0012506253126563281,
          "total_positives": 7996
        },
        {
          "k": 25,
          "precision": 0.96,
          "recall": 0.0030015007503751876,
          "total_positives": 7996
        },
        {
          "k": 50,
          "precision": 0.94,
          "recall": 0.005877938969484743,
          "total_positives": 7996
        },
        {
          "k": 100,
          "precision": 0.96,
          "recall": 0.01200600300150075,
          "total_positives": 7996
        }
      ],
      "priority_1": [
        {
          "k": 10,
          "precision": 1.0,
          "recall": 0.0018573551263001485,
          "total_positives": 5384
        },
        {
          "k": 25,
          "precision": 1.0,
          "recall": 0.0046433878157503715,
          "total_positives": 5384
        },
        {
          "k": 50,
          "precision": 0.96,
          "recall": 0.008915304606240713,
          "total_positives": 5384
        },
        {
          "k": 100,
          "precision": 0.96,
          "recall": 0.017830609212481426,
          "total_positives": 5384
        }
      ],
      "other": [
        {
          "k": 10,
          "precision": 1.0,
          "recall": 0.0038284839203675345,
          "total_positives": 2612
        },
        {
          "k": 25,
          "precision": 1.0,