{
  "within_event_time": {
    "1": {
      "rows_train": 31601,
      "rows_test": 9913,
      "auc": 0.6533066161652498,
      "brier": 0.21962816571326824,
      "pr_auc": 0.5185493966341707,
      "event_count": 1,
      "train_ratio": 0.7992791625326503,
      "pos_rate_train": 0.3089775640011392,
      "class_strategy": "none"
    },
    "2": {
      "rows_train": 31601,
      "rows_test": 9913,
      "auc": 0.6464538601427241,
      "brier": 0.2366147011654993,
      "pr_auc": 0.6503797439089,
      "event_count": 1,
      "train_ratio": 0.7992791625326503,
      "pos_rate_train": 0.41951204075820386,
      "class_strategy": "none"
    },
    "4": {
      "rows_train": 31601,
      "rows_test": 9913,
      "auc": 0.7119085496295827,
      "brier": 0.24615360958811017,
      "pr_auc": 0.7724953072073919,
      "event_count": 1,
      "train_ratio": 0.7992791625326503,
      "pos_rate_train": 0.5224201765766906,
      "class_strategy": "none"
    },
    "8": {
      "rows_train": 31601,
      "rows_test": 9913,
      "auc": 0.7117947703411014,
      "brier": 0.2499377705366885,
      "pr_auc": 0.8046969778884607,
      "event_count": 1,
      "train_ratio": 0.7992791625326503,
      "pos_rate_train": 0.6265624505553622,
      "class_strategy": "none"
    }
  },
  "groupkfold_event": {
    "1": {
      "rows_train": 49387,
      "rows_test": 0,
      "auc": null,
      "brier": null,
      "pr_auc": null,
      "event_count": 1,
      "folds": 0,
      "note": "insufficient training data"
    },
    "2": {
      "rows_train": 49387,
      "rows_test": 0,
      "auc": null,
      "brier": null,
      "pr_auc": null,
      "event_count": 1,
      "folds": 0,
      "note": "insufficient training data"
    },
    "4": {
      "rows_train": 49387,
      "rows_test": 0,
      "auc": null,
      "brier": null,
      "pr_auc": null,
      "event_count": 1,
      "folds": 0,
      "note": "insufficient training data"
    },
    "8": {
      "rows_train": 49387,
      "rows_test": 0,
      "auc": null,
      "brier": null,
      "pr_auc": null,
      "event_count": 1,
      "folds": 0,
      "note": "insufficient training data"
    }
  },
  "calibration": {
    "1": {
      "rows": 7873,
      "brier": 0.21768868659811602,
      "ece": 3.902808330405435e-17,
      "method": "isotonic"
    },
    "2": {
      "rows": 7873,
      "brier": 0.21338494773417938,
      "ece": 6.342922856298685e-17,
      "method": "isotonic"
    },
    "4": {
      "rows": 7873,
      "brier": 0.1609236649440754,
      "ece": 9.771739424793627e-17,
      "method": "isotonic"
    },
    "8": {
      "rows": 7873,
      "brier": 0.09563689219020356,
      "ece": 2.2351117668371308e-17,
      "method": "isotonic"
    }
  },
  "ranking": {
    "1": {
      "rows_test": 9913,
      "overall": [
        {
          "k": 10,
          "precision": 0.9,
          "recall": 0.0023803226659613857,
          "total_positives": 3781
        },
        {
          "k": 25,
          "precision": 0.92,
          "recall": 0.006083046813012431,
          "total_positives": 3781
        },
        {
          "k": 50,
          "precision": 0.88,
          "recall": 0.011637133033588997,
          "total_positives": 3781
        },
        {
          "k": 100,
          "precision": 0.84,
          "recall": 0.02221634488230627,
          "total_positives": 3781
        }
      ],
      "priority_1": [
        {
          "k": 10,
          "precision": 0.7,
          "recall": 0.00307152259763054,
          "total_positives": 2279
        },
        {
          "k": 25,
          "precision": 0.52,
          "recall": 0.005704256252742431,
          "total_positives": 2279
        },
        {
          "k": 50,
          "precision": 0.72,
          "recall": 0.015796401930671347,
          "total_positives": 2279
        },
        {
          "k": 100,
          "precision": 0.77,
          "recall": 0.03378674857393594,
          "total_positives": 2279
        }
      ],
      "other": [
        {
          "k": 10,
          "precision": 1.0,
          "recall": 0.006657789613848202,
          "total_positives": 1502
        },
        {
          "k": 25,
          "precision": 0.92,
          "recall": 0.015312916111850865,
          "total_positives": 1502
        },
        {
          "k": 50,
          "precision": 0.9,
          "recall": 0.02996005326231691,
          "total_positives": 1502
        },
        {
          "k": 100,
          "precision": 0.78,
          "recall": 0.05193075898801598,
          "total_positives": 1502
        }
      ]
    },
    "2": {
      "rows_test": 9913,
      "overall": [
        {
          "k": 10,
          "precision": 1.0,
          "recall": 0.0019940179461615153,
          "total_positives": 5015
        },
        {
          "k": 25,
          "precision": 0.92,
          "recall": 0.0045862412761714854,
          "total_positives": 5015
        },
        {
          "k": 50,
          "precision": 0.94,
          "recall": 0.009371884346959123,
          "total_positives": 5015
        },
        {
          "k": 100,
          "precision": 0.89,
          "recall": 0.017746759720837488,
          "total_positives": 5015
        }
      ],
      "priority_1": [
        {
          "k": 10,
          "precision": 0.9,
          "recall": 0.002826633165829146,
          "total_positives": 3184
        },
        {
          "k": 25,
          "precision": 0.96,
          "recall": 0.007537688442211055,
          "total_positives": 3184
        },
        {
          "k": 50,
          "precision": 0.84,
          "recall": 0.013190954773869347,
          "total_positives": 3184
        },
        {
          "k": 100,
          "precision": 0.84,
          "recall": 0.026381909547738693,
          "total_positives": 3184
        }
      ],
      "other": [
        {
          "k": 10,
          "precision": 1.0,
          "recall": 0.005461496450027308,
          "total_positives": 1831
        },
        {
          "k": 25,
          "precision": 0.92,
          "recall": 0.012561441835062807,
          "total_positives": 1831
        },
        {
          "k": 50,
          "precision": 0.94,
          "recall": 0.025669033315128344,
          "total_positives": 1831
        },
        {
          "k": 100,
          "precision": 0.88,
          "recall": 0.0480611687602403,
          "total_positives": 1831
        }
      ]
    },
    "4": {
      "rows_test": 9913,
      "overall": [
        {
          "k": 10,
          "precision": 1.0,
          "recall": 0.001702127659574468,
          "total_positives": 5875
        },
        {
          "k": 25,
          "precision": 1.0,
          "recall": 0.00425531914893617,
          "total_positives": 5875
        },
        {
          "k": 50,
          "precision": 1.0,
          "recall": 0.00851063829787234,
          "total_positives": 5875
        },
        {
          "k": 100,
          "precision": 0.97,
          "recall": 0.01651063829787234,
          "total_positives": 5875
        }
      ],
      "priority_1": [
        {
          "k": 10,
          "precision": 1.0,
          "recall": 0.002663825253063399,
          "total_positives": 3754
        },
        {
          "k": 25,
          "precision": 1.0,
          "recall": 0.006659563132658497,
          "total_positives": 3754
        },
        {
          "k": 50,
          "precision": 0.96,
          "recall": 0.012786361214704315,
          "total_positives": 3754
        },
        {
          "k": 100,
          "precision": 0.94,
          "recall": 0.02503995737879595,
          "total_positives": 3754
        }
      ],
      "other": [
        {
          "k": 10,
          "precision": 1.0,
          "recall": 0.004714757190004715,
          "total_positives": 2121
        },
        {
          "k": 25,
          "precision": 1.0,
          "recall": 0.011786892975011787,