{
  "within_event_time": {
    "1": {
      "rows_train": 19754,
      "rows_test": 6088,
      "auc": 0.6667950014427915,
      "brier": 0.19353908470251652,
      "pr_auc": 0.44841993629746646,
      "event_count": 1,
      "train_ratio": 0.8033909252381721,
      "pos_rate_train": 0.3144173331983396,
      "class_strategy": "none"
    },
    "2": {
      "rows_train": 19754,
      "rows_test": 6088,
      "auc": 0.6213592772106458,
      "brier": 0.2308208647275974,
      "pr_auc": 0.4853562205752363,
      "event_count": 1,
      "train_ratio": 0.8033909252381721,
      "pos_rate_train": 0.43302622253720763,
      "class_strategy": "none"
    },
    "4": {
      "rows_train": 19754,
      "rows_test": 6088,
      "auc": 0.661468392948539,
      "brier": 0.22937990062629002,
      "pr_auc": 0.5909047776817941,
      "event_count": 1,
      "train_ratio": 0.8033909252381721,
      "pos_rate_train": 0.5475852991799129,
      "class_strategy": "none"
    },
    "8": {
      "rows_train": 19754,
      "rows_test": 6088,
      "auc": 0.6096255763943412,
      "brier": 0.2494781966857252,
      "pr_auc": 0.6037122874451352,
      "event_count": 1,
      "train_ratio": 0.8033909252381721,
      "pos_rate_train": 0.6425534069049307,
      "class_strategy": "none"
    }
  },
  "groupkfold_event": {
    "1": {
      "rows_train": 30965,
      "rows_test": 0,
      "auc": null,
      "brier": null,
      "pr_auc": null,
      "event_count": 1,
      "folds": 0,
      "note": "insufficient training data"
    },
    "2": {
      "rows_train": 30965,
      "rows_test": 0,
      "auc": null,
      "brier": null,
      "pr_auc": null,
      "event_count": 1,
      "folds": 0,
      "note": "insufficient training data"
    },
    "4": {
      "rows_train": 30965,
      "rows_test": 0,
      "auc": null,
      "brier": null,
      "pr_auc": null,
      "event_count": 1,
      "folds": 0,
      "note": "insufficient training data"
    },
    "8": {
      "rows_train": 30965,
      "rows_test": 0,
      "auc": null,
      "brier": null,
      "pr_auc": null,
      "event_count": 1,
      "folds": 0,
      "note": "insufficient training data"
    }
  },
  "calibration": {
    "1": {
      "rows": 5123,
      "brier": 0.19470418596617056,
      "ece": 3.4387007306733693e-17,
      "method": "isotonic"
    },
    "2": {
      "rows": 5123,
      "brier": 0.21871268903946192,
      "ece": 3.497755146876835e-17,
      "method": "isotonic"
    },
    "4": {
      "rows": 5123,
      "brier": 0.21900696382667525,
      "ece": 2.0750313216447148e-17,
      "method": "isotonic"
    },
    "8": {
      "rows": 5123,
      "brier": 0.2082864657249718,
      "ece": 1.1388292005475694e-16,
      "method": "isotonic"
    }
  },
  "ranking": {
    "1": {
      "rows_test": 6088,
      "overall": [
        {
          "k": 10,
          "precision": 0.9,
          "recall": 0.005027932960893855,
          "total_positives": 1790
        },
        {
          "k": 25,
          "precision": 0.84,
          "recall": 0.011731843575418994,
          "total_positives": 1790
        },
        {
          "k": 50,
          "precision": 0.76,
          "recall": 0.021229050279329607,
          "total_positives": 1790
        },
        {
          "k": 100,
          "precision": 0.69,
          "recall": 0.038547486033519554,
          "total_positives": 1790
        }
      ],
      "priority_1": [
        {
          "k": 10,
          "precision": 0.8,
          "recall": 0.0062256809338521405,
          "total_positives": 1285
        },
        {
          "k": 25,
          "precision": 0.64,
          "recall": 0.012451361867704281,
          "total_positives": 1285
        },
        {
          "k": 50,
          "precision": 0.74,
          "recall": 0.028793774319066146,
          "total_positives": 1285
        },
        {
          "k": 100,
          "precision": 0.64,
          "recall": 0.049805447470817124,
          "total_positives": 1285
        }
      ],
      "other": [
        {
          "k": 10,
          "precision": 0.9,
          "recall": 0.01782178217821782,
          "total_positives": 505
        },
        {
          "k": 25,
          "precision": 0.84,
          "recall": 0.041584158415841586,
          "total_positives": 505
        },
        {
          "k": 50,
          "precision": 0.78,
          "recall": 0.07722772277227723,
          "total_positives": 505
        },
        {
          "k": 100,
          "precision": 0.61,
          "recall": 0.12079207920792079,
          "total_positives": 505
        }
      ]
    },
    "2": {
      "rows_test": 6088,
      "overall": [
        {
          "k": 10,
          "precision": 0.9,
          "recall": 0.0038876889848812094,
          "total_positives": 2315
        },
        {
          "k": 25,
          "precision": 0.96,
          "recall": 0.010367170626349892,
          "total_positives": 2315
        },
        {
          "k": 50,
          "precision": 0.8,
          "recall": 0.017278617710583154,
          "total_positives": 2315
        },
        {
          "k": 100,
          "precision": 0.69,
          "recall": 0.029805615550755938,
          "total_positives": 2315
        }
      ],
      "priority_1": [
        {
          "k": 10,
          "precision": 0.8,
          "recall": 0.004656577415599534,
          "total_positives": 1718
        },
        {
          "k": 25,
          "precision": 0.72,
          "recall": 0.010477299185098952,
          "total_positives": 1718
        },
        {
          "k": 50,
          "precision": 0.64,
          "recall": 0.018626309662398137,
          "total_positives": 1718
        },
        {
          "k": 100,
          "precision": 0.61,
          "recall": 0.03550640279394645,
          "total_positives": 1718
        }
      ],
      "other": [
        {
          "k": 10,
          "precision": 0.9,
          "recall": 0.01507537688442211,
          "total_positives": 597
        },
        {
          "k": 25,
          "precision": 0.88,
          "recall": 0.03685092127303183,
          "total_positives": 597
        },
        {
          "k": 50,
          "precision": 0.7,
          "recall": 0.05862646566164154,
          "total_positives": 597
        },
        {
          "k": 100,
          "precision": 0.55,
          "recall": 0.09212730318257957,
          "total_positives": 597
        }
      ]
    },
    "4": {
      "rows_test": 6088,
      "overall": [
        {
          "k": 10,
          "precision": 0.6,
          "recall": 0.0022172949002217295,
          "total_positives": 2706
        },
        {
          "k": 25,
          "precision": 0.72,
          "recall": 0.0066518847006651885,
          "total_positives": 2706
        },
        {
          "k": 50,
          "precision": 0.82,
          "recall": 0.015151515151515152,
          "total_positives": 2706
        },
        {
          "k": 100,
          "precision": 0.79,
          "recall": 0.029194382852919438,
          "total_positives": 2706
        }
      ],
      "priority_1": [
        {
          "k": 10,
          "precision": 0.7,
          "recall": 0.0034280117531831538,
          "total_positives": 2042
        },
        {
          "k": 25,
          "precision": 0.84,
          "recall": 0.01028403525954946,
          "total_positives": 2042
        },
        {
          "k": 50,
          "precision": 0.78,
          "recall": 0.01909892262487757,
          "total_positives": 2042
        },
        {
          "k": 100,
          "precision": 0.73,
          "recall": 0.03574926542605289,
          "total_positives": 2042
        }
      ],
      "other": [
        {
          "k": 10,
          "precision": 0.7,
          "recall": 0.010542168674698794,
          "total_positives": 664
        },
        {
          "k": 25,
          "precision": 0.84,
          "recall": 0.03162650602409638,