{
  "within_event_time": {
    "1": {
      "rows_train": 23285,
      "rows_test": 6949,
      "auc": 0.7042211339573295,
      "brier": 0.22370249126976194,
      "pr_auc": 0.5796088454460885,
      "event_count": 1,
      "train_ratio": 0.8075015928419069,
      "pos_rate_train": 0.3159115310285592,
      "class_strategy": "none"
    },
    "2": {
      "rows_train": 23285,
      "rows_test": 6949,
      "auc": 0.6413162928809703,
      "brier": 0.24362872274393205,
      "pr_auc": 0.6025120996998987,
      "event_count": 1,
      "train_ratio": 0.8075015928419069,
      "pos_rate_train": 0.43289671462314794,
      "class_strategy": "none"
    },
    "4": {
      "rows_train": 23285,
      "rows_test": 6949,
      "auc": 0.6016588730621679,
      "brier": 0.24650263458218738,
      "pr_auc": 0.6202848236713076,
      "event_count": 1,
      "train_ratio": 0.8075015928419069,
      "pos_rate_train": 0.5418509770238351,
      "class_strategy": "none"
    },
    "8": {
      "rows_train": 23285,
      "rows_test": 6949,
      "auc": 0.5612615465870855,
      "brier": 0.24094795267038002,
      "pr_auc": 0.7069465111422548,
      "event_count": 1,
      "train_ratio": 0.8075015928419069,
      "pos_rate_train": 0.6314794932359888,
      "class_strategy": "none"
    }
  },
  "groupkfold_event": {
    "1": {
      "rows_train": 36099,
      "rows_test": 0,
      "auc": null,
      "brier": null,
      "pr_auc": null,
      "event_count": 1,
      "folds": 0,
      "note": "insufficient training data"
    },
    "2": {
      "rows_train": 36099,
      "rows_test": 0,
      "auc": null,
      "brier": null,
      "pr_auc": null,
      "event_count": 1,
      "folds": 0,
      "note": "insufficient training data"
    },
    "4": {
      "rows_train": 36099,
      "rows_test": 0,
      "auc": null,
      "brier": null,
      "pr_auc": null,
      "event_count": 1,
      "folds": 0,
      "note": "insufficient training data"
    },
    "8": {
      "rows_train": 36099,
      "rows_test": 0,
      "auc": null,
      "brier": null,
      "pr_auc": null,
      "event_count": 1,
      "folds": 0,
      "note": "insufficient training data"
    }
  },
  "calibration": {
    "1": {
      "rows": 5865,
      "brier": 0.18901696420637742,
      "ece": 1.646878143945245e-18,
      "method": "isotonic"
    },
    "2": {
      "rows": 5865,
      "brier": 0.22608474710162887,
      "ece": 5.658540795158993e-17,
      "method": "isotonic"
    },
    "4": {
      "rows": 5865,
      "brier": 0.2295813204769978,
      "ece": 2.2573588352352927e-17,
      "method": "isotonic"
    },
    "8": {
      "rows": 5865,
      "brier": 0.21831568229388998,
      "ece": 2.847016929303044e-17,
      "method": "isotonic"
    }
  },
  "ranking": {
    "1": {
      "rows_test": 6949,
      "overall": [
        {
          "k": 10,
          "precision": 1.0,
          "recall": 0.0038895371450797353,
          "total_positives": 2571
        },
        {
          "k": 25,
          "precision": 1.0,
          "recall": 0.009723842862699339,
          "total_positives": 2571
        },
        {
          "k": 50,
          "precision": 0.94,
          "recall": 0.018280824581874758,
          "total_positives": 2571
        },
        {
          "k": 100,
          "precision": 0.88,
          "recall": 0.034227926876701675,
          "total_positives": 2571
        }
      ],
      "priority_1": [
        {
          "k": 10,
          "precision": 1.0,
          "recall": 0.004545454545454545,
          "total_positives": 2200
        },
        {
          "k": 25,
          "precision": 0.96,
          "recall": 0.01090909090909091,
          "total_positives": 2200
        },
        {
          "k": 50,
          "precision": 0.9,
          "recall": 0.020454545454545454,
          "total_positives": 2200
        },
        {
          "k": 100,
          "precision": 0.85,
          "recall": 0.038636363636363635,
          "total_positives": 2200
        }
      ],
      "other": [
        {
          "k": 10,
          "precision": 1.0,
          "recall": 0.026954177897574125,
          "total_positives": 371
        },
        {
          "k": 25,
          "precision": 0.92,
          "recall": 0.06199460916442048,
          "total_positives": 371
        },
        {
          "k": 50,
          "precision": 0.82,
          "recall": 0.1105121293800539,
          "total_positives": 371
        },
        {
          "k": 100,
          "precision": 0.67,
          "recall": 0.18059299191374664,
          "total_positives": 371
        }
      ]
    },
    "2": {
      "rows_test": 6949,
      "overall": [
        {
          "k": 10,
          "precision": 0.9,
          "recall": 0.002701891323926749,
          "total_positives": 3331
        },
        {
          "k": 25,
          "precision": 0.84,
          "recall": 0.006304413089162414,
          "total_positives": 3331
        },
        {
          "k": 50,
          "precision": 0.9,
          "recall": 0.013509456619633743,
          "total_positives": 3331
        },
        {
          "k": 100,
          "precision": 0.87,
          "recall": 0.02611828279795857,
          "total_positives": 3331
        }
      ],
      "priority_1": [
        {
          "k": 10,
          "precision": 0.8,
          "recall": 0.0027942717429269995,
          "total_positives": 2863
        },
        {
          "k": 25,
          "precision": 0.88,
          "recall": 0.007684247293049249,
          "total_positives": 2863
        },
        {
          "k": 50,
          "precision": 0.88,
          "recall": 0.015368494586098498,
          "total_positives": 2863
        },
        {
          "k": 100,
          "precision": 0.82,
          "recall": 0.028641285365001747,
          "total_positives": 2863
        }
      ],
      "other": [
        {
          "k": 10,
          "precision": 1.0,
          "recall": 0.021367521367521368,
          "total_positives": 468
        },
        {
          "k": 25,
          "precision": 0.92,
          "recall": 0.049145299145299144,
          "total_positives": 468
        },
        {
          "k": 50,
          "precision": 0.88,
          "recall": 0.09401709401709402,
          "total_positives": 468
        },
        {
          "k": 100,
          "precision": 0.74,
          "recall": 0.1581196581196581,
          "total_positives": 468
        }
      ]
    },
    "4": {
      "rows_test": 6949,
      "overall": [
        {
          "k": 10,
          "precision": 0.9,
          "recall": 0.0023709167544783984,
          "total_positives": 3796
        },
        {
          "k": 25,
          "precision": 0.92,
          "recall": 0.006059009483667018,
          "total_positives": 3796
        },
        {
          "k": 50,
          "precision": 0.84,
          "recall": 0.011064278187565859,
          "total_positives": 3796
        },
        {
          "k": 100,
          "precision": 0.82,
          "recall": 0.02160168598524763,
          "total_positives": 3796
        }
      ],
      "priority_1": [
        {
          "k": 10,
          "precision": 1.0,
          "recall": 0.0030902348578491965,
          "total_positives": 3236
        },
        {
          "k": 25,
          "precision": 0.88,
          "recall": 0.006798516687268232,
          "total_positives": 3236
        },
        {
          "k": 50,
          "precision": 0.84,
          "recall": 0.012978986402966625,
          "total_positives": 3236
        },
        {
          "k": 100,
          "precision": 0.77,
          "recall": 0.02379480840543881,
          "total_positives": 3236
        }
      ],
      "other": [
        {
          "k": 10,
          "precision": 0.8,
          "recall": 0.014285714285714285,
          "total_positives": 560
        },
        {
          "k": 25,
          "precision": 0.84,
          "recall": 0.0375,