{
  "within_event_time": {
    "1": {
      "rows_train": 39508,
      "rows_test": 12302,
      "auc": 0.659669510406406,
      "brier": 0.2168456187960247,
      "pr_auc": 0.5244596488188132,
      "event_count": 1,
      "train_ratio": 0.8006901803217601,
      "pos_rate_train": 0.33461577402045156,
      "class_strategy": "none"
    },
    "2": {
      "rows_train": 39508,
      "rows_test": 12302,
      "auc": 0.6816060926714126,
      "brier": 0.2268462519309054,
      "pr_auc": 0.6461003116621777,
      "event_count": 1,
      "train_ratio": 0.8006901803217601,
      "pos_rate_train": 0.45469272046167863,
      "class_strategy": "none"
    },
    "4": {
      "rows_train": 39508,
      "rows_test": 12302,
      "auc": 0.6809283264470013,
      "brier": 0.23074925118143566,
      "pr_auc": 0.7237961375702398,
      "event_count": 1,
      "train_ratio": 0.8006901803217601,
      "pos_rate_train": 0.570947656170902,
      "class_strategy": "none"
    },
    "8": {
      "rows_train": 39508,
      "rows_test": 12302,
      "auc": 0.6843531792137967,
      "brier": 0.2256439364368268,
      "pr_auc": 0.792718833084386,
      "event_count": 1,
      "train_ratio": 0.8006901803217601,
      "pos_rate_train": 0.6760909182950289,
      "class_strategy": "none"
    }
  },
  "groupkfold_event": {
    "1": {
      "rows_train": 61723,
      "rows_test": 0,
      "auc": null,
      "brier": null,
      "pr_auc": null,
      "event_count": 1,
      "folds": 0,
      "note": "insufficient training data"
    },
    "2": {
      "rows_train": 61723,
      "rows_test": 0,
      "auc": null,
      "brier": null,
      "pr_auc": null,
      "event_count": 1,
      "folds": 0,
      "note": "insufficient training data"
    },
    "4": {
      "rows_train": 61723,
      "rows_test": 0,
      "auc": null,
      "brier": null,
      "pr_auc": null,
      "event_count": 1,
      "folds": 0,
      "note": "insufficient training data"
    },
    "8": {
      "rows_train": 61723,
      "rows_test": 0,
      "auc": null,
      "brier": null,
      "pr_auc": null,
      "event_count": 1,
      "folds": 0,
      "note": "insufficient training data"
    }
  },
  "calibration": {
    "1": {
      "rows": 9913,
      "brier": 0.22005975304181902,
      "ece": 5.28890291124203e-17,
      "method": "isotonic"
    },
    "2": {
      "rows": 9913,
      "brier": 0.2135927893792643,
      "ece": 5.443598316544511e-17,
      "method": "isotonic"
    },
    "4": {
      "rows": 9913,
      "brier": 0.18915356357518984,
      "ece": 2.133256638913313e-17,
      "method": "isotonic"
    },
    "8": {
      "rows": 9913,
      "brier": 0.14701456837883317,
      "ece": 2.1749753998003167e-17,
      "method": "isotonic"
    }
  },
  "ranking": {
    "1": {
      "rows_test": 12302,
      "overall": [
        {
          "k": 10,
          "precision": 1.0,
          "recall": 0.002207505518763797,
          "total_positives": 4530
        },
        {
          "k": 25,
          "precision": 1.0,
          "recall": 0.005518763796909493,
          "total_positives": 4530
        },
        {
          "k": 50,
          "precision": 0.96,
          "recall": 0.010596026490066225,
          "total_positives": 4530
        },
        {
          "k": 100,
          "precision": 0.88,
          "recall": 0.019426048565121413,
          "total_positives": 4530
        }
      ],
      "priority_1": [
        {
          "k": 10,
          "precision": 0.7,
          "recall": 0.0022631749110895573,
          "total_positives": 3093
        },
        {
          "k": 25,
          "precision": 0.8,
          "recall": 0.006466214031684449,
          "total_positives": 3093
        },
        {
          "k": 50,
          "precision": 0.78,
          "recall": 0.012609117361784675,
          "total_positives": 3093
        },
        {
          "k": 100,
          "precision": 0.7,
          "recall": 0.02263174911089557,
          "total_positives": 3093
        }
      ],
      "other": [
        {
          "k": 10,
          "precision": 1.0,
          "recall": 0.006958942240779402,
          "total_positives": 1437
        },
        {
          "k": 25,
          "precision": 1.0,
          "recall": 0.017397355601948505,
          "total_positives": 1437
        },
        {
          "k": 50,
          "precision": 0.96,
          "recall": 0.033402922755741124,
          "total_positives": 1437
        },
        {
          "k": 100,
          "precision": 0.9,
          "recall": 0.06263048016701461,
          "total_positives": 1437
        }
      ]
    },
    "2": {
      "rows_test": 12302,
      "overall": [
        {
          "k": 10,
          "precision": 1.0,
          "recall": 0.0017412502176562773,
          "total_positives": 5743
        },
        {
          "k": 25,
          "precision": 0.96,
          "recall": 0.0041790005223750655,
          "total_positives": 5743
        },
        {
          "k": 50,
          "precision": 0.94,
          "recall": 0.008183876022984503,
          "total_positives": 5743
        },
        {
          "k": 100,
          "precision": 0.97,
          "recall": 0.01689012711126589,
          "total_positives": 5743
        }
      ],
      "priority_1": [
        {
          "k": 10,
          "precision": 1.0,
          "recall": 0.002513826043237808,
          "total_positives": 3978
        },
        {
          "k": 25,
          "precision": 1.0,
          "recall": 0.00628456510809452,
          "total_positives": 3978
        },
        {
          "k": 50,
          "precision": 0.92,
          "recall": 0.011563599798893917,
          "total_positives": 3978
        },
        {
          "k": 100,
          "precision": 0.9,
          "recall": 0.02262443438914027,
          "total_positives": 3978
        }
      ],
      "other": [
        {
          "k": 10,
          "precision": 1.0,
          "recall": 0.0056657223796034,
          "total_positives": 1765
        },
        {
          "k": 25,
          "precision": 0.96,
          "recall": 0.013597733711048159,
          "total_positives": 1765
        },
        {
          "k": 50,
          "precision": 0.98,
          "recall": 0.027762039660056657,
          "total_positives": 1765
        },
        {
          "k": 100,
          "precision": 0.98,
          "recall": 0.055524079320113315,
          "total_positives": 1765
        }
      ]
    },
    "4": {
      "rows_test": 12302,
      "overall": [
        {
          "k": 10,
          "precision": 0.9,
          "recall": 0.0013264554163596167,
          "total_positives": 6785
        },
        {
          "k": 25,
          "precision": 0.96,
          "recall": 0.003537214443625645,
          "total_positives": 6785
        },
        {
          "k": 50,
          "precision": 0.96,
          "recall": 0.00707442888725129,
          "total_positives": 6785
        },
        {
          "k": 100,
          "precision": 0.94,
          "recall": 0.013854089904200442,
          "total_positives": 6785
        }
      ],
      "priority_1": [
        {
          "k": 10,
          "precision": 1.0,
          "recall": 0.0021204410517387615,
          "total_positives": 4716
        },
        {
          "k": 25,
          "precision": 0.96,
          "recall": 0.005089058524173028,
          "total_positives": 4716
        },
        {
          "k": 50,
          "precision": 0.9,
          "recall": 0.009541984732824428,
          "total_positives": 4716
        },
        {
          "k": 100,
          "precision": 0.9,
          "recall": 0.019083969465648856,
          "total_positives": 4716
        }
      ],
      "other": [
        {
          "k": 10,
          "precision": 1.0,
          "recall": 0.004833252779120348,
          "total_positives": 2069
        },
        {
          "k": 25,
          "precision": 1.0,
          "recall": 0.01208313194780087,