{
  "within_event_time": {
    "1": {
      "rows_train": 33732,
      "rows_test": 10914,
      "auc": 0.6861799871441574,
      "brier": 0.2132729922306677,
      "pr_auc": 0.553035875161258,
      "event_count": 1,
      "train_ratio": 0.7967900498994563,
      "pos_rate_train": 0.3228981382663346,
      "class_strategy": "none"
    },
    "2": {
      "rows_train": 33732,
      "rows_test": 10914,
      "auc": 0.690826709343902,
      "brier": 0.2218171882874856,
      "pr_auc": 0.6749308623280265,
      "event_count": 1,
      "train_ratio": 0.7967900498994563,
      "pos_rate_train": 0.4356990394877268,
      "class_strategy": "none"
    },
    "4": {
      "rows_train": 33732,
      "rows_test": 10914,
      "auc": 0.7223567210314997,
      "brier": 0.21578664107629247,
      "pr_auc": 0.7733206284191938,
      "event_count": 1,
      "train_ratio": 0.7967900498994563,
      "pos_rate_train": 0.5418593620301198,
      "class_strategy": "none"
    },
    "8": {
      "rows_train": 33732,
      "rows_test": 10914,
      "auc": 0.7490939515587597,
      "brier": 0.20707628358958627,
      "pr_auc": 0.841024800246517,
      "event_count": 1,
      "train_ratio": 0.7967900498994563,
      "pos_rate_train": 0.6449958496383257,
      "class_strategy": "none"
    }
  },
  "groupkfold_event": {
    "1": {
      "rows_train": 53708,
      "rows_test": 0,
      "auc": null,
      "brier": null,
      "pr_auc": null,
      "event_count": 1,
      "folds": 0,
      "note": "insufficient training data"
    },
    "2": {
      "rows_train": 53708,
      "rows_test": 0,
      "auc": null,
      "brier": null,
      "pr_auc": null,
      "event_count": 1,
      "folds": 0,
      "note": "insufficient training data"
    },
    "4": {
      "rows_train": 53708,
      "rows_test": 0,
      "auc": null,
      "brier": null,
      "pr_auc": null,
      "event_count": 1,
      "folds": 0,
      "note": "insufficient training data"
    },
    "8": {
      "rows_train": 53708,
      "rows_test": 0,
      "auc": null,
      "brier": null,
      "pr_auc": null,
      "event_count": 1,
      "folds": 0,
      "note": "insufficient training data"
    }
  },
  "calibration": {
    "1": {
      "rows": 9062,
      "brier": 0.21828255853383335,
      "ece": 5.3416159648705394e-18,
      "method": "isotonic"
    },
    "2": {
      "rows": 9062,
      "brier": 0.20999898485773555,
      "ece": 1.0063310443909774e-16,
      "method": "isotonic"
    },
    "4": {
      "rows": 9062,
      "brier": 0.1664802436575062,
      "ece": 3.057952625760749e-17,
      "method": "isotonic"
    },
    "8": {
      "rows": 9062,
      "brier": 0.1116938239848811,
      "ece": 2.3835123531320262e-17,
      "method": "isotonic"
    }
  },
  "ranking": {
    "1": {
      "rows_test": 10914,
      "overall": [
        {
          "k": 10,
          "precision": 1.0,
          "recall": 0.0024160425223483935,
          "total_positives": 4139
        },
        {
          "k": 25,
          "precision": 0.96,
          "recall": 0.005798502053636144,
          "total_positives": 4139
        },
        {
          "k": 50,
          "precision": 0.88,
          "recall": 0.01063058709833293,
          "total_positives": 4139
        },
        {
          "k": 100,
          "precision": 0.87,
          "recall": 0.02101956994443102,
          "total_positives": 4139
        }
      ],
      "priority_1": [
        {
          "k": 10,
          "precision": 1.0,
          "recall": 0.0035398230088495575,
          "total_positives": 2825
        },
        {
          "k": 25,
          "precision": 0.76,
          "recall": 0.006725663716814159,
          "total_positives": 2825
        },
        {
          "k": 50,
          "precision": 0.74,
          "recall": 0.013097345132743363,
          "total_positives": 2825
        },
        {
          "k": 100,
          "precision": 0.76,
          "recall": 0.026902654867256636,
          "total_positives": 2825
        }
      ],
      "other": [
        {
          "k": 10,
          "precision": 1.0,
          "recall": 0.0076103500761035,
          "total_positives": 1314
        },
        {
          "k": 25,
          "precision": 0.96,
          "recall": 0.0182648401826484,
          "total_positives": 1314
        },
        {
          "k": 50,
          "precision": 0.96,
          "recall": 0.0365296803652968,
          "total_positives": 1314
        },
        {
          "k": 100,
          "precision": 0.9,
          "recall": 0.0684931506849315,
          "total_positives": 1314
        }
      ]
    },
    "2": {
      "rows_test": 10914,
      "overall": [
        {
          "k": 10,
          "precision": 0.9,
          "recall": 0.0016599040944300996,
          "total_positives": 5422
        },
        {
          "k": 25,
          "precision": 0.96,
          "recall": 0.004426410918480265,
          "total_positives": 5422
        },
        {
          "k": 50,
          "precision": 0.98,
          "recall": 0.009037255625230542,
          "total_positives": 5422
        },
        {
          "k": 100,
          "precision": 0.97,
          "recall": 0.017890077462191074,
          "total_positives": 5422
        }
      ],
      "priority_1": [
        {
          "k": 10,
          "precision": 0.9,
          "recall": 0.0023541721161391576,
          "total_positives": 3823
        },
        {
          "k": 25,
          "precision": 0.92,
          "recall": 0.006016217630133403,
          "total_positives": 3823
        },
        {
          "k": 50,
          "precision": 0.92,
          "recall": 0.012032435260266806,
          "total_positives": 3823
        },
        {
          "k": 100,
          "precision": 0.9,
          "recall": 0.02354172116139158,
          "total_positives": 3823
        }
      ],
      "other": [
        {
          "k": 10,
          "precision": 1.0,
          "recall": 0.006253908692933083,
          "total_positives": 1599
        },
        {
          "k": 25,
          "precision": 1.0,
          "recall": 0.015634771732332707,
          "total_positives": 1599
        },
        {
          "k": 50,
          "precision": 1.0,
          "recall": 0.031269543464665414,
          "total_positives": 1599
        },
        {
          "k": 100,
          "precision": 0.97,
          "recall": 0.060662914321450906,
          "total_positives": 1599
        }
      ]
    },
    "4": {
      "rows_test": 10914,
      "overall": [
        {
          "k": 10,
          "precision": 0.8,
          "recall": 0.0012517602879048662,
          "total_positives": 6391
        },
        {
          "k": 25,
          "precision": 0.88,
          "recall": 0.0034423407917383822,
          "total_positives": 6391
        },
        {
          "k": 50,
          "precision": 0.92,
          "recall": 0.0071976216554529805,
          "total_positives": 6391
        },
        {
          "k": 100,
          "precision": 0.96,
          "recall": 0.015021123454858395,
          "total_positives": 6391
        }
      ],
      "priority_1": [
        {
          "k": 10,
          "precision": 0.8,
          "recall": 0.0017497812773403325,
          "total_positives": 4572
        },
        {
          "k": 25,
          "precision": 0.92,
          "recall": 0.005030621172353456,
          "total_positives": 4572
        },
        {
          "k": 50,
          "precision": 0.9,
          "recall": 0.00984251968503937,
          "total_positives": 4572
        },
        {
          "k": 100,
          "precision": 0.94,
          "recall": 0.020559930008748905,
          "total_positives": 4572
        }
      ],
      "other": [
        {
          "k": 10,
          "precision": 1.0,
          "recall": 0.005497526113249038,
          "total_positives": 1819
        },
        {
          "k": 25,
          "precision": 1.0,
          "recall": 0.013743815283122594,