{
  "within_event_time": {
    "1": {
      "rows_train": 37116,
      "rows_test": 11351,
      "auc": 0.6541894309632411,
      "brier": 0.22072597013014852,
      "pr_auc": 0.5299548656935865,
      "event_count": 1,
      "train_ratio": 0.8037279753773797,
      "pos_rate_train": 0.33152818191615474,
      "class_strategy": "none"
    },
    "2": {
      "rows_train": 37116,
      "rows_test": 11351,
      "auc": 0.6540423131719109,
      "brier": 0.2381378867931082,
      "pr_auc": 0.6416962402338927,
      "event_count": 1,
      "train_ratio": 0.8037279753773797,
      "pos_rate_train": 0.4517458777885548,
      "class_strategy": "none"
    },
    "4": {
      "rows_train": 37116,
      "rows_test": 11351,
      "auc": 0.7057239931262655,
      "brier": 0.2169833331625705,
      "pr_auc": 0.7734830465538478,
      "event_count": 1,
      "train_ratio": 0.8037279753773797,
      "pos_rate_train": 0.5628839314581313,
      "class_strategy": "none"
    },
    "8": {
      "rows_train": 37116,
      "rows_test": 11351,
      "auc": 0.7347932064989435,
      "brier": 0.19361031143521848,
      "pr_auc": 0.8496810654966486,
      "event_count": 1,
      "train_ratio": 0.8037279753773797,
      "pos_rate_train": 0.6659392175881022,
      "class_strategy": "none"
    }
  },
  "groupkfold_event": {
    "1": {
      "rows_train": 57833,
      "rows_test": 0,
      "auc": null,
      "brier": null,
      "pr_auc": null,
      "event_count": 1,
      "folds": 0,
      "note": "insufficient training data"
    },
    "2": {
      "rows_train": 57833,
      "rows_test": 0,
      "auc": null,
      "brier": null,
      "pr_auc": null,
      "event_count": 1,
      "folds": 0,
      "note": "insufficient training data"
    },
    "4": {
      "rows_train": 57833,
      "rows_test": 0,
      "auc": null,
      "brier": null,
      "pr_auc": null,
      "event_count": 1,
      "folds": 0,
      "note": "insufficient training data"
    },
    "8": {
      "rows_train": 57833,
      "rows_test": 0,
      "auc": null,
      "brier": null,
      "pr_auc": null,
      "event_count": 1,
      "folds": 0,
      "note": "insufficient training data"
    }
  },
  "calibration": {
    "1": {
      "rows": 9366,
      "brier": 0.22629584669267425,
      "ece": 2.993666718653462e-17,
      "method": "isotonic"
    },
    "2": {
      "rows": 9366,
      "brier": 0.22065948740767213,
      "ece": 2.2631788487781127e-17,
      "method": "isotonic"
    },
    "4": {
      "rows": 9366,
      "brier": 0.18203174172128306,
      "ece": 7.442974985715736e-17,
      "method": "isotonic"
    },
    "8": {
      "rows": 9366,
      "brier": 0.14096423539890374,
      "ece": 9.044417764136177e-18,
      "method": "isotonic"
    }
  },
  "ranking": {
    "1": {
      "rows_test": 11351,
      "overall": [
        {
          "k": 10,
          "precision": 0.9,
          "recall": 0.0021151586368977674,
          "total_positives": 4255
        },
        {
          "k": 25,
          "precision": 0.96,
          "recall": 0.00564042303172738,
          "total_positives": 4255
        },
        {
          "k": 50,
          "precision": 0.98,
          "recall": 0.011515863689776733,
          "total_positives": 4255
        },
        {
          "k": 100,
          "precision": 0.9,
          "recall": 0.021151586368977675,
          "total_positives": 4255
        }
      ],
      "priority_1": [
        {
          "k": 10,
          "precision": 1.0,
          "recall": 0.003471017007983339,
          "total_positives": 2881
        },
        {
          "k": 25,
          "precision": 0.88,
          "recall": 0.0076362374175633465,
          "total_positives": 2881
        },
        {
          "k": 50,
          "precision": 0.78,
          "recall": 0.013536966331135023,
          "total_positives": 2881
        },
        {
          "k": 100,
          "precision": 0.77,
          "recall": 0.02672683096147171,
          "total_positives": 2881
        }
      ],
      "other": [
        {
          "k": 10,
          "precision": 0.9,
          "recall": 0.006550218340611353,
          "total_positives": 1374
        },
        {
          "k": 25,
          "precision": 0.96,
          "recall": 0.017467248908296942,
          "total_positives": 1374
        },
        {
          "k": 50,
          "precision": 0.98,
          "recall": 0.03566229985443959,
          "total_positives": 1374
        },
        {
          "k": 100,
          "precision": 0.96,
          "recall": 0.06986899563318777,
          "total_positives": 1374
        }
      ]
    },
    "2": {
      "rows_test": 11351,
      "overall": [
        {
          "k": 10,
          "precision": 0.9,
          "recall": 0.0016189962223421479,
          "total_positives": 5559
        },
        {
          "k": 25,
          "precision": 0.92,
          "recall": 0.004137434790429933,
          "total_positives": 5559
        },
        {
          "k": 50,
          "precision": 0.92,
          "recall": 0.008274869580859866,
          "total_positives": 5559
        },
        {
          "k": 100,
          "precision": 0.93,
          "recall": 0.01672962763086886,
          "total_positives": 5559
        }
      ],
      "priority_1": [
        {
          "k": 10,
          "precision": 0.8,
          "recall": 0.002082790939859412,
          "total_positives": 3841
        },
        {
          "k": 25,
          "precision": 0.8,
          "recall": 0.005206977349648529,
          "total_positives": 3841
        },
        {
          "k": 50,
          "precision": 0.86,
          "recall": 0.011195001301744337,
          "total_positives": 3841
        },
        {
          "k": 100,
          "precision": 0.89,
          "recall": 0.023171049205935955,
          "total_positives": 3841
        }
      ],
      "other": [
        {
          "k": 10,
          "precision": 1.0,
          "recall": 0.005820721769499418,
          "total_positives": 1718
        },
        {
          "k": 25,
          "precision": 1.0,
          "recall": 0.014551804423748545,
          "total_positives": 1718
        },
        {
          "k": 50,
          "precision": 1.0,
          "recall": 0.02910360884749709,
          "total_positives": 1718
        },
        {
          "k": 100,
          "precision": 0.95,
          "recall": 0.05529685681024447,
          "total_positives": 1718
        }
      ]
    },
    "4": {
      "rows_test": 11351,
      "overall": [
        {
          "k": 10,
          "precision": 1.0,
          "recall": 0.0015105740181268882,
          "total_positives": 6620
        },
        {
          "k": 25,
          "precision": 1.0,
          "recall": 0.0037764350453172208,
          "total_positives": 6620
        },
        {
          "k": 50,
          "precision": 1.0,
          "recall": 0.0075528700906344415,
          "total_positives": 6620
        },
        {
          "k": 100,
          "precision": 1.0,
          "recall": 0.015105740181268883,
          "total_positives": 6620
        }
      ],
      "priority_1": [
        {
          "k": 10,
          "precision": 1.0,
          "recall": 0.0021593608291945584,
          "total_positives": 4631
        },
        {
          "k": 25,
          "precision": 1.0,
          "recall": 0.005398402072986396,
          "total_positives": 4631
        },
        {
          "k": 50,
          "precision": 1.0,
          "recall": 0.010796804145972791,
          "total_positives": 4631
        },
        {
          "k": 100,
          "precision": 1.0,
          "recall": 0.021593608291945583,
          "total_positives": 4631
        }
      ],
      "other": [
        {
          "k": 10,
          "precision": 1.0,
          "recall": 0.005027652086475616,
          "total_positives": 1989
        },
        {
          "k": 25,
          "precision": 1.0,
          "recall": 0.01256913021618904,