{
  "within_event_time": {
    "1": {
      "rows_train": 43074,
      "rows_test": 13702,
      "auc": 0.6518341910599792,
      "brier": 0.21764726122594388,
      "pr_auc": 0.5181929443266935,
      "event_count": 1,
      "train_ratio": 0.7985177778431315,
      "pos_rate_train": 0.34484840042717185,
      "class_strategy": "none"
    },
    "2": {
      "rows_train": 43074,
      "rows_test": 13702,
      "auc": 0.6572562295549547,
      "brier": 0.23411755031429832,
      "pr_auc": 0.6261080306276826,
      "event_count": 1,
      "train_ratio": 0.7985177778431315,
      "pos_rate_train": 0.4663602173004597,
      "class_strategy": "none"
    },
    "4": {
      "rows_train": 43074,
      "rows_test": 13702,
      "auc": 0.6825608462844218,
      "brier": 0.22469490471976672,
      "pr_auc": 0.7424228631085505,
      "event_count": 1,
      "train_ratio": 0.7985177778431315,
      "pos_rate_train": 0.5819519895992943,
      "class_strategy": "none"
    },
    "8": {
      "rows_train": 43074,
      "rows_test": 13702,
      "auc": 0.7158131546142207,
      "brier": 0.19844491146387686,
      "pr_auc": 0.8250604608218923,
      "event_count": 1,
      "train_ratio": 0.7985177778431315,
      "pos_rate_train": 0.6850536286390863,
      "class_strategy": "none"
    }
  },
  "groupkfold_event": {
    "1": {
      "rows_train": 68006,
      "rows_test": 0,
      "auc": null,
      "brier": null,
      "pr_auc": null,
      "event_count": 1,
      "folds": 0,
      "note": "insufficient training data"
    },
    "2": {
      "rows_train": 68006,
      "rows_test": 0,
      "auc": null,
      "brier": null,
      "pr_auc": null,
      "event_count": 1,
      "folds": 0,
      "note": "insufficient training data"
    },
    "4": {
      "rows_train": 68006,
      "rows_test": 0,
      "auc": null,
      "brier": null,
      "pr_auc": null,
      "event_count": 1,
      "folds": 0,
      "note": "insufficient training data"
    },
    "8": {
      "rows_train": 68006,
      "rows_test": 0,
      "auc": null,
      "brier": null,
      "pr_auc": null,
      "event_count": 1,
      "folds": 0,
      "note": "insufficient training data"
    }
  },
  "calibration": {
    "1": {
      "rows": 11230,
      "brier": 0.20552054511454534,
      "ece": 1.6836240524814263e-17,
      "method": "isotonic"
    },
    "2": {
      "rows": 11230,
      "brier": 0.21635862475595535,
      "ece": 3.483905555457749e-17,
      "method": "isotonic"
    },
    "4": {
      "rows": 11230,
      "brier": 0.1977008452769367,
      "ece": 1.424852123099739e-17,
      "method": "isotonic"
    },
    "8": {
      "rows": 11230,
      "brier": 0.16807559736941038,
      "ece": 2.6455537078334095e-17,
      "method": "isotonic"
    }
  },
  "ranking": {
    "1": {
      "rows_test": 13702,
      "overall": [
        {
          "k": 10,
          "precision": 1.0,
          "recall": 0.002014098690835851,
          "total_positives": 4965
        },
        {
          "k": 25,
          "precision": 1.0,
          "recall": 0.005035246727089627,
          "total_positives": 4965
        },
        {
          "k": 50,
          "precision": 0.98,
          "recall": 0.00986908358509567,
          "total_positives": 4965
        },
        {
          "k": 100,
          "precision": 0.94,
          "recall": 0.018932527693857,
          "total_positives": 4965
        }
      ],
      "priority_1": [
        {
          "k": 10,
          "precision": 0.8,
          "recall": 0.002561639449247518,
          "total_positives": 3123
        },
        {
          "k": 25,
          "precision": 0.84,
          "recall": 0.0067243035542747355,
          "total_positives": 3123
        },
        {
          "k": 50,
          "precision": 0.84,
          "recall": 0.013448607108549471,
          "total_positives": 3123
        },
        {
          "k": 100,
          "precision": 0.75,
          "recall": 0.024015369836695485,
          "total_positives": 3123
        }
      ],
      "other": [
        {
          "k": 10,
          "precision": 1.0,
          "recall": 0.0054288816503800215,
          "total_positives": 1842
        },
        {
          "k": 25,
          "precision": 0.96,
          "recall": 0.013029315960912053,
          "total_positives": 1842
        },
        {
          "k": 50,
          "precision": 0.98,
          "recall": 0.026601520086862108,
          "total_positives": 1842
        },
        {
          "k": 100,
          "precision": 0.9,
          "recall": 0.048859934853420196,
          "total_positives": 1842
        }
      ]
    },
    "2": {
      "rows_test": 13702,
      "overall": [
        {
          "k": 10,
          "precision": 1.0,
          "recall": 0.0015549681231534754,
          "total_positives": 6431
        },
        {
          "k": 25,
          "precision": 1.0,
          "recall": 0.0038874203078836885,
          "total_positives": 6431
        },
        {
          "k": 50,
          "precision": 0.98,
          "recall": 0.0076193438034520295,
          "total_positives": 6431
        },
        {
          "k": 100,
          "precision": 0.98,
          "recall": 0.015238687606904059,
          "total_positives": 6431
        }
      ],
      "priority_1": [
        {
          "k": 10,
          "precision": 1.0,
          "recall": 0.0024096385542168677,
          "total_positives": 4150
        },
        {
          "k": 25,
          "precision": 0.92,
          "recall": 0.005542168674698795,
          "total_positives": 4150
        },
        {
          "k": 50,
          "precision": 0.9,
          "recall": 0.010843373493975903,
          "total_positives": 4150
        },
        {
          "k": 100,
          "precision": 0.87,
          "recall": 0.020963855421686748,
          "total_positives": 4150
        }
      ],
      "other": [
        {
          "k": 10,
          "precision": 1.0,
          "recall": 0.004384042086804033,
          "total_positives": 2281
        },
        {
          "k": 25,
          "precision": 1.0,
          "recall": 0.010960105217010083,
          "total_positives": 2281
        },
        {
          "k": 50,
          "precision": 0.98,
          "recall": 0.021481806225339763,
          "total_positives": 2281
        },
        {
          "k": 100,
          "precision": 0.96,
          "recall": 0.04208680403331872,
          "total_positives": 2281
        }
      ]
    },
    "4": {
      "rows_test": 13702,
      "overall": [
        {
          "k": 10,
          "precision": 0.9,
          "recall": 0.0011522212264754833,
          "total_positives": 7811
        },
        {
          "k": 25,
          "precision": 0.92,
          "recall": 0.002944565356548457,
          "total_positives": 7811
        },
        {
          "k": 50,
          "precision": 0.92,
          "recall": 0.005889130713096914,
          "total_positives": 7811
        },
        {
          "k": 100,
          "precision": 0.96,
          "recall": 0.012290359749071823,
          "total_positives": 7811
        }
      ],
      "priority_1": [
        {
          "k": 10,
          "precision": 1.0,
          "recall": 0.0019357336430507162,
          "total_positives": 5166
        },
        {
          "k": 25,
          "precision": 0.96,
          "recall": 0.004645760743321719,
          "total_positives": 5166
        },
        {
          "k": 50,
          "precision": 0.98,
          "recall": 0.009485094850948509,
          "total_positives": 5166
        },
        {
          "k": 100,
          "precision": 0.97,
          "recall": 0.018776616337591947,
          "total_positives": 5166
        }
      ],
      "other": [
        {
          "k": 10,
          "precision": 1.0,
          "recall": 0.003780718336483932,
          "total_positives": 2645
        },
        {
          "k": 25,
          "precision": 1.0,