{
  "within_event_time": {
    "1": {
      "rows_train": 15544,
      "rows_test": 4781,
      "auc": 0.6259185756052363,
      "brier": 0.20792496440403205,
      "pr_auc": 0.4153750563246435,
      "event_count": 1,
      "train_ratio": 0.8023971895019633,
      "pos_rate_train": 0.3145265054040144,
      "class_strategy": "none"
    },
    "2": {
      "rows_train": 15544,
      "rows_test": 4781,
      "auc": 0.6473409069715138,
      "brier": 0.22558052935055023,
      "pr_auc": 0.5632512135599019,
      "event_count": 1,
      "train_ratio": 0.8023971895019633,
      "pos_rate_train": 0.43470149253731344,
      "class_strategy": "none"
    },
    "4": {
      "rows_train": 15544,
      "rows_test": 4781,
      "auc": 0.6618881957773513,
      "brier": 0.23736838428927604,
      "pr_auc": 0.6344321868231821,
      "event_count": 1,
      "train_ratio": 0.8023971895019633,
      "pos_rate_train": 0.5534611425630468,
      "class_strategy": "none"
    },
    "8": {
      "rows_train": 15544,
      "rows_test": 4781,
      "auc": 0.6743731264216071,
      "brier": 0.24865332652525093,
      "pr_auc": 0.6796520618003967,
      "event_count": 1,
      "train_ratio": 0.8023971895019633,
      "pos_rate_train": 0.6536284096757591,
      "class_strategy": "none"
    }
  },
  "groupkfold_event": {
    "1": {
      "rows_train": 24195,
      "rows_test": 0,
      "auc": null,
      "brier": null,
      "pr_auc": null,
      "event_count": 1,
      "folds": 0,
      "note": "insufficient training data"
    },
    "2": {
      "rows_train": 24195,
      "rows_test": 0,
      "auc": null,
      "brier": null,
      "pr_auc": null,
      "event_count": 1,
      "folds": 0,
      "note": "insufficient training data"
    },
    "4": {
      "rows_train": 24195,
      "rows_test": 0,
      "auc": null,
      "brier": null,
      "pr_auc": null,
      "event_count": 1,
      "folds": 0,
      "note": "insufficient training data"
    },
    "8": {
      "rows_train": 24195,
      "rows_test": 0,
      "auc": null,
      "brier": null,
      "pr_auc": null,
      "event_count": 1,
      "folds": 0,
      "note": "insufficient training data"
    }
  },
  "calibration": {
    "1": {
      "rows": 3870,
      "brier": 0.20439089609598857,
      "ece": 0.04061519327178762
    },
    "2": {
      "rows": 3870,
      "brier": 0.2338271468170035,
      "ece": 0.053259795324354826
    },
    "4": {
      "rows": 3870,
      "brier": 0.21962333963444175,
      "ece": 0.04341309586782873
    },
    "8": {
      "rows": 3870,
      "brier": 0.20011809801730798,
      "ece": 0.05514761062531515
    }
  },
  "eta_regression": {
    "rows_train": 17586,
    "rows_test": 2419,
    "mae": 4.477403167648082,
    "rmse": 6.0692013838548355,
    "eta_class_mae": 2.8529635928763803,
    "eta_class_rmse": 3.6579685340859527
  },
  "feature_importance_path": "/home/runner/work/snow_map_dashboard/snow_map_dashboard/data/artifacts_snow/feature_importance.json"
}