{
  "within_event_time": {
    "1": {
      "rows_train": 49986,
      "rows_test": 15640,
      "auc": 0.643531411545543,
      "brier": 0.21127051807274988,
      "pr_auc": 0.5005433289893513,
      "event_count": 1,
      "train_ratio": 0.7995925218795249,
      "pos_rate_train": 0.34713719841555635,
      "class_strategy": "none"
    },
    "2": {
      "rows_train": 49986,
      "rows_test": 15640,
      "auc": 0.6592280024298355,
      "brier": 0.23180729903682665,
      "pr_auc": 0.5992729037333563,
      "event_count": 1,
      "train_ratio": 0.7995925218795249,
      "pos_rate_train": 0.47073180490537353,
      "class_strategy": "none"
    },
    "4": {
      "rows_train": 49986,
      "rows_test": 15640,
      "auc": 0.6963932897598024,
      "brier": 0.2166661758366376,
      "pr_auc": 0.7571708100772053,
      "event_count": 1,
      "train_ratio": 0.7995925218795249,
      "pos_rate_train": 0.5870643780258472,
      "class_strategy": "none"
    },
    "8": {
      "rows_train": 49986,
      "rows_test": 15640,
      "auc": 0.7262203987619664,
      "brier": 0.19260190765362506,
      "pr_auc": 0.8377629080936873,
      "event_count": 1,
      "train_ratio": 0.7995925218795249,
      "pos_rate_train": 0.6904933381346777,
      "class_strategy": "none"
    }
  },
  "groupkfold_event": {
    "1": {
      "rows_train": 78041,
      "rows_test": 0,
      "auc": null,
      "brier": null,
      "pr_auc": null,
      "event_count": 1,
      "folds": 0,
      "note": "insufficient training data"
    },
    "2": {
      "rows_train": 78041,
      "rows_test": 0,
      "auc": null,
      "brier": null,
      "pr_auc": null,
      "event_count": 1,
      "folds": 0,
      "note": "insufficient training data"
    },
    "4": {
      "rows_train": 78041,
      "rows_test": 0,
      "auc": null,
      "brier": null,
      "pr_auc": null,
      "event_count": 1,
      "folds": 0,
      "note": "insufficient training data"
    },
    "8": {
      "rows_train": 78041,
      "rows_test": 0,
      "auc": null,
      "brier": null,
      "pr_auc": null,
      "event_count": 1,
      "folds": 0,
      "note": "insufficient training data"
    }
  },
  "calibration": {
    "1": {
      "rows": 12415,
      "brier": 0.21383443140220512,
      "ece": 2.1091107560035697e-17,
      "method": "isotonic"
    },
    "2": {
      "rows": 12415,
      "brier": 0.22067125984418356,
      "ece": 2.016443127387555e-17,
      "method": "isotonic"
    },
    "4": {
      "rows": 12415,
      "brier": 0.20734678177106478,
      "ece": 4.0733514918788465e-17,
      "method": "isotonic"
    },
    "8": {
      "rows": 12415,
      "brier": 0.17175854591703776,
      "ece": 5.4272601985099275e-17,
      "method": "isotonic"
    }
  },
  "ranking": {
    "1": {
      "rows_test": 15640,
      "overall": [
        {
          "k": 10,
          "precision": 1.0,
          "recall": 0.0018484288354898336,
          "total_positives": 5410
        },
        {
          "k": 25,
          "precision": 1.0,
          "recall": 0.0046210720887245845,
          "total_positives": 5410
        },
        {
          "k": 50,
          "precision": 0.96,
          "recall": 0.0088724584103512,
          "total_positives": 5410
        },
        {
          "k": 100,
          "precision": 0.85,
          "recall": 0.015711645101663587,
          "total_positives": 5410
        }
      ],
      "priority_1": [
        {
          "k": 10,
          "precision": 0.7,
          "recall": 0.0020396270396270395,
          "total_positives": 3432
        },
        {
          "k": 25,
          "precision": 0.76,
          "recall": 0.005536130536130536,
          "total_positives": 3432
        },
        {
          "k": 50,
          "precision": 0.76,
          "recall": 0.011072261072261072,
          "total_positives": 3432
        },
        {
          "k": 100,
          "precision": 0.71,
          "recall": 0.020687645687645688,
          "total_positives": 3432
        }
      ],
      "other": [
        {
          "k": 10,
          "precision": 1.0,
          "recall": 0.005055611729019211,
          "total_positives": 1978
        },
        {
          "k": 25,
          "precision": 1.0,
          "recall": 0.012639029322548028,
          "total_positives": 1978
        },
        {
          "k": 50,
          "precision": 0.98,
          "recall": 0.024772497472194135,
          "total_positives": 1978
        },
        {
          "k": 100,
          "precision": 0.88,
          "recall": 0.044489383215369056,
          "total_positives": 1978
        }
      ]
    },
    "2": {
      "rows_test": 15640,
      "overall": [
        {
          "k": 10,
          "precision": 0.9,
          "recall": 0.0012942191544434857,
          "total_positives": 6954
        },
        {
          "k": 25,
          "precision": 0.96,
          "recall": 0.003451251078515962,
          "total_positives": 6954
        },
        {
          "k": 50,
          "precision": 0.96,
          "recall": 0.006902502157031924,
          "total_positives": 6954
        },
        {
          "k": 100,
          "precision": 0.94,
          "recall": 0.013517400057520852,
          "total_positives": 6954
        }
      ],
      "priority_1": [
        {
          "k": 10,
          "precision": 0.9,
          "recall": 0.002011173184357542,
          "total_positives": 4475
        },
        {
          "k": 25,
          "precision": 0.88,
          "recall": 0.004916201117318436,
          "total_positives": 4475
        },
        {
          "k": 50,
          "precision": 0.88,
          "recall": 0.009832402234636871,
          "total_positives": 4475
        },
        {
          "k": 100,
          "precision": 0.84,
          "recall": 0.01877094972067039,
          "total_positives": 4475
        }
      ],
      "other": [
        {
          "k": 10,
          "precision": 1.0,
          "recall": 0.004033884630899556,
          "total_positives": 2479
        },
        {
          "k": 25,
          "precision": 0.92,
          "recall": 0.00927793465106898,
          "total_positives": 2479
        },
        {
          "k": 50,
          "precision": 0.94,
          "recall": 0.018959257765227916,
          "total_positives": 2479
        },
        {
          "k": 100,
          "precision": 0.89,
          "recall": 0.035901573215006054,
          "total_positives": 2479
        }
      ]
    },
    "4": {
      "rows_test": 15640,
      "overall": [
        {
          "k": 10,
          "precision": 1.0,
          "recall": 0.0011154489682097045,
          "total_positives": 8965
        },
        {
          "k": 25,
          "precision": 0.92,
          "recall": 0.00256553262688232,
          "total_positives": 8965
        },
        {
          "k": 50,
          "precision": 0.94,
          "recall": 0.005242610150585611,
          "total_positives": 8965
        },
        {
          "k": 100,
          "precision": 0.96,
          "recall": 0.010708310094813163,
          "total_positives": 8965
        }
      ],
      "priority_1": [
        {
          "k": 10,
          "precision": 1.0,
          "recall": 0.0016761649346295675,
          "total_positives": 5966
        },
        {
          "k": 25,
          "precision": 0.96,
          "recall": 0.004022795843110962,
          "total_positives": 5966
        },
        {
          "k": 50,
          "precision": 0.98,
          "recall": 0.008213208179684881,
          "total_positives": 5966
        },
        {
          "k": 100,
          "precision": 0.97,
          "recall": 0.016258799865906805,
          "total_positives": 5966
        }
      ],
      "other": [
        {
          "k": 10,
          "precision": 1.0,
          "recall": 0.003334444814938313,
          "total_positives": 2999
        },
        {
          "k": 25,
          "precision": 0.92,