{
  "within_event_time": {
    "1": {
      "rows_train": 35840,
      "rows_test": 11269,
      "auc": 0.652525079860079,
      "brier": 0.22025185422507956,
      "pr_auc": 0.5291284810792587,
      "event_count": 1,
      "train_ratio": 0.7980357366883524,
      "pos_rate_train": 0.3267578125,
      "class_strategy": "none"
    },
    "2": {
      "rows_train": 35840,
      "rows_test": 11269,
      "auc": 0.6700951705217529,
      "brier": 0.22948684740201644,
      "pr_auc": 0.6639926466779402,
      "event_count": 1,
      "train_ratio": 0.7980357366883524,
      "pos_rate_train": 0.44422433035714287,
      "class_strategy": "none"
    },
    "4": {
      "rows_train": 35840,
      "rows_test": 11269,
      "auc": 0.6959183313560762,
      "brier": 0.2182962664526414,
      "pr_auc": 0.7651237823883871,
      "event_count": 1,
      "train_ratio": 0.7980357366883524,
      "pos_rate_train": 0.5569196428571429,
      "class_strategy": "none"
    },
    "8": {
      "rows_train": 35840,
      "rows_test": 11269,
      "auc": 0.7265398503914628,
      "brier": 0.19644719674364355,
      "pr_auc": 0.8388871650998421,
      "event_count": 1,
      "train_ratio": 0.7980357366883524,
      "pos_rate_train": 0.6583984375,
      "class_strategy": "none"
    }
  },
  "groupkfold_event": {
    "1": {
      "rows_train": 55797,
      "rows_test": 0,
      "auc": null,
      "brier": null,
      "pr_auc": null,
      "event_count": 1,
      "folds": 0,
      "note": "insufficient training data"
    },
    "2": {
      "rows_train": 55797,
      "rows_test": 0,
      "auc": null,
      "brier": null,
      "pr_auc": null,
      "event_count": 1,
      "folds": 0,
      "note": "insufficient training data"
    },
    "4": {
      "rows_train": 55797,
      "rows_test": 0,
      "auc": null,
      "brier": null,
      "pr_auc": null,
      "event_count": 1,
      "folds": 0,
      "note": "insufficient training data"
    },
    "8": {
      "rows_train": 55797,
      "rows_test": 0,
      "auc": null,
      "brier": null,
      "pr_auc": null,
      "event_count": 1,
      "folds": 0,
      "note": "insufficient training data"
    }
  },
  "calibration": {
    "1": {
      "rows": 8688,
      "brier": 0.22384962854302362,
      "ece": 1.0357225615316408e-17,
      "method": "isotonic"
    },
    "2": {
      "rows": 8688,
      "brier": 0.21610563511904046,
      "ece": 2.7193307969640113e-17,
      "method": "isotonic"
    },
    "4": {
      "rows": 8688,
      "brier": 0.17852102141651413,
      "ece": 3.2419841315308724e-17,
      "method": "isotonic"
    },
    "8": {
      "rows": 8688,
      "brier": 0.12926778825368296,
      "ece": 5.221421821614169e-17,
      "method": "isotonic"
    }
  },
  "ranking": {
    "1": {
      "rows_test": 11269,
      "overall": [
        {
          "k": 10,
          "precision": 0.9,
          "recall": 0.0021136683889149835,
          "total_positives": 4258
        },
        {
          "k": 25,
          "precision": 0.96,
          "recall": 0.0056364490371066224,
          "total_positives": 4258
        },
        {
          "k": 50,
          "precision": 0.92,
          "recall": 0.010803193987787695,
          "total_positives": 4258
        },
        {
          "k": 100,
          "precision": 0.91,
          "recall": 0.02137153593236261,
          "total_positives": 4258
        }
      ],
      "priority_1": [
        {
          "k": 10,
          "precision": 0.7,
          "recall": 0.0024229837313949464,
          "total_positives": 2889
        },
        {
          "k": 25,
          "precision": 0.72,
          "recall": 0.006230529595015576,
          "total_positives": 2889
        },
        {
          "k": 50,
          "precision": 0.76,
          "recall": 0.013153340256143994,
          "total_positives": 2889
        },
        {
          "k": 100,
          "precision": 0.78,
          "recall": 0.02699896157840083,
          "total_positives": 2889
        }
      ],
      "other": [
        {
          "k": 10,
          "precision": 0.9,
          "recall": 0.006574141709276844,
          "total_positives": 1369
        },
        {
          "k": 25,
          "precision": 0.96,
          "recall": 0.017531044558071585,
          "total_positives": 1369
        },
        {
          "k": 50,
          "precision": 0.96,
          "recall": 0.03506208911614317,
          "total_positives": 1369
        },
        {
          "k": 100,
          "precision": 0.9,
          "recall": 0.06574141709276844,
          "total_positives": 1369
        }
      ]
    },
    "2": {
      "rows_test": 11269,
      "overall": [
        {
          "k": 10,
          "precision": 1.0,
          "recall": 0.0017898693395382137,
          "total_positives": 5587
        },
        {
          "k": 25,
          "precision": 1.0,
          "recall": 0.004474673348845534,
          "total_positives": 5587
        },
        {
          "k": 50,
          "precision": 0.98,
          "recall": 0.008770359763737247,
          "total_positives": 5587
        },
        {
          "k": 100,
          "precision": 0.98,
          "recall": 0.017540719527474494,
          "total_positives": 5587
        }
      ],
      "priority_1": [
        {
          "k": 10,
          "precision": 0.9,
          "recall": 0.0023189899510435456,
          "total_positives": 3881
        },
        {
          "k": 25,
          "precision": 0.96,
          "recall": 0.006183973202782788,
          "total_positives": 3881
        },
        {
          "k": 50,
          "precision": 0.94,
          "recall": 0.012110280855449627,
          "total_positives": 3881
        },
        {
          "k": 100,
          "precision": 0.91,
          "recall": 0.023447565060551404,
          "total_positives": 3881
        }
      ],
      "other": [
        {
          "k": 10,
          "precision": 1.0,
          "recall": 0.005861664712778429,
          "total_positives": 1706
        },
        {
          "k": 25,
          "precision": 1.0,
          "recall": 0.014654161781946073,
          "total_positives": 1706
        },
        {
          "k": 50,
          "precision": 1.0,
          "recall": 0.029308323563892145,
          "total_positives": 1706
        },
        {
          "k": 100,
          "precision": 0.93,
          "recall": 0.05451348182883939,
          "total_positives": 1706
        }
      ]
    },
    "4": {
      "rows_test": 11269,
      "overall": [
        {
          "k": 10,
          "precision": 0.9,
          "recall": 0.0013609556933313171,
          "total_positives": 6613
        },
        {
          "k": 25,
          "precision": 0.96,
          "recall": 0.0036292151822168457,
          "total_positives": 6613
        },
        {
          "k": 50,
          "precision": 0.98,
          "recall": 0.007409647663692727,
          "total_positives": 6613
        },
        {
          "k": 100,
          "precision": 0.99,
          "recall": 0.014970512626644488,
          "total_positives": 6613
        }
      ],
      "priority_1": [
        {
          "k": 10,
          "precision": 1.0,
          "recall": 0.00213857998289136,
          "total_positives": 4676
        },
        {
          "k": 25,
          "precision": 1.0,
          "recall": 0.0053464499572284,
          "total_positives": 4676
        },
        {
          "k": 50,
          "precision": 1.0,
          "recall": 0.0106928999144568,
          "total_positives": 4676
        },
        {
          "k": 100,
          "precision": 0.98,
          "recall": 0.020958083832335328,
          "total_positives": 4676
        }
      ],
      "other": [
        {
          "k": 10,
          "precision": 0.9,
          "recall": 0.004646360351058337,
          "total_positives": 1937
        },
        {
          "k": 25,
          "precision": 0.96,
          "recall": 0.0123902942694889,