{
  "within_event_time": {
    "1": {
      "rows_train": 35243,
      "rows_test": 11004,
      "auc": 0.6555613003353247,
      "brier": 0.21684887988516133,
      "pr_auc": 0.520371658929571,
      "event_count": 1,
      "train_ratio": 0.8005618486633439,
      "pos_rate_train": 0.3221065176063332,
      "class_strategy": "none"
    },
    "2": {
      "rows_train": 35243,
      "rows_test": 11004,
      "auc": 0.6892387061949842,
      "brier": 0.22221304192955582,
      "pr_auc": 0.6726201667141999,
      "event_count": 1,
      "train_ratio": 0.8005618486633439,
      "pos_rate_train": 0.43883891836676786,
      "class_strategy": "none"
    },
    "4": {
      "rows_train": 35243,
      "rows_test": 11004,
      "auc": 0.7156845347753527,
      "brier": 0.2138249302660499,
      "pr_auc": 0.768678231842171,
      "event_count": 1,
      "train_ratio": 0.8005618486633439,
      "pos_rate_train": 0.55279062508867,
      "class_strategy": "none"
    },
    "8": {
      "rows_train": 35243,
      "rows_test": 11004,
      "auc": 0.7290080291849411,
      "brier": 0.20177853286369266,
      "pr_auc": 0.8349215106017723,
      "event_count": 1,
      "train_ratio": 0.8005618486633439,
      "pos_rate_train": 0.6549669437902562,
      "class_strategy": "none"
    }
  },
  "groupkfold_event": {
    "1": {
      "rows_train": 55175,
      "rows_test": 0,
      "auc": null,
      "brier": null,
      "pr_auc": null,
      "event_count": 1,
      "folds": 0,
      "note": "insufficient training data"
    },
    "2": {
      "rows_train": 55175,
      "rows_test": 0,
      "auc": null,
      "brier": null,
      "pr_auc": null,
      "event_count": 1,
      "folds": 0,
      "note": "insufficient training data"
    },
    "4": {
      "rows_train": 55175,
      "rows_test": 0,
      "auc": null,
      "brier": null,
      "pr_auc": null,
      "event_count": 1,
      "folds": 0,
      "note": "insufficient training data"
    },
    "8": {
      "rows_train": 55175,
      "rows_test": 0,
      "auc": null,
      "brier": null,
      "pr_auc": null,
      "event_count": 1,
      "folds": 0,
      "note": "insufficient training data"
    }
  },
  "calibration": {
    "1": {
      "rows": 8928,
      "brier": 0.23163933470372294,
      "ece": 3.112554021770572e-17,
      "method": "isotonic"
    },
    "2": {
      "rows": 8928,
      "brier": 0.20844773169099218,
      "ece": 1.9514084693022257e-17,
      "method": "isotonic"
    },
    "4": {
      "rows": 8928,
      "brier": 0.17103973568286093,
      "ece": 8.366154742296032e-17,
      "method": "isotonic"
    },
    "8": {
      "rows": 8928,
      "brier": 0.12357119717845128,
      "ece": 3.292865780922283e-17,
      "method": "isotonic"
    }
  },
  "ranking": {
    "1": {
      "rows_test": 11004,
      "overall": [
        {
          "k": 10,
          "precision": 1.0,
          "recall": 0.002449779519843214,
          "total_positives": 4082
        },
        {
          "k": 25,
          "precision": 0.96,
          "recall": 0.005879470847623714,
          "total_positives": 4082
        },
        {
          "k": 50,
          "precision": 0.92,
          "recall": 0.011268985791278784,
          "total_positives": 4082
        },
        {
          "k": 100,
          "precision": 0.85,
          "recall": 0.02082312591866732,
          "total_positives": 4082
        }
      ],
      "priority_1": [
        {
          "k": 10,
          "precision": 0.5,
          "recall": 0.0018011527377521613,
          "total_positives": 2776
        },
        {
          "k": 25,
          "precision": 0.76,
          "recall": 0.006844380403458214,
          "total_positives": 2776
        },
        {
          "k": 50,
          "precision": 0.76,
          "recall": 0.013688760806916427,
          "total_positives": 2776
        },
        {
          "k": 100,
          "precision": 0.67,
          "recall": 0.024135446685878963,
          "total_positives": 2776
        }
      ],
      "other": [
        {
          "k": 10,
          "precision": 1.0,
          "recall": 0.007656967840735069,
          "total_positives": 1306
        },
        {
          "k": 25,
          "precision": 0.96,
          "recall": 0.018376722817764167,
          "total_positives": 1306
        },
        {
          "k": 50,
          "precision": 0.94,
          "recall": 0.03598774885145482,
          "total_positives": 1306
        },
        {
          "k": 100,
          "precision": 0.88,
          "recall": 0.06738131699846861,
          "total_positives": 1306
        }
      ]
    },
    "2": {
      "rows_test": 11004,
      "overall": [
        {
          "k": 10,
          "precision": 1.0,
          "recall": 0.0018684603886397607,
          "total_positives": 5352
        },
        {
          "k": 25,
          "precision": 1.0,
          "recall": 0.004671150971599402,
          "total_positives": 5352
        },
        {
          "k": 50,
          "precision": 0.98,
          "recall": 0.009155455904334827,
          "total_positives": 5352
        },
        {
          "k": 100,
          "precision": 0.93,
          "recall": 0.017376681614349777,
          "total_positives": 5352
        }
      ],
      "priority_1": [
        {
          "k": 10,
          "precision": 0.9,
          "recall": 0.002403846153846154,
          "total_positives": 3744
        },
        {
          "k": 25,
          "precision": 0.76,
          "recall": 0.005074786324786325,
          "total_positives": 3744
        },
        {
          "k": 50,
          "precision": 0.8,
          "recall": 0.010683760683760684,
          "total_positives": 3744
        },
        {
          "k": 100,
          "precision": 0.81,
          "recall": 0.021634615384615384,
          "total_positives": 3744
        }
      ],
      "other": [
        {
          "k": 10,
          "precision": 1.0,
          "recall": 0.006218905472636816,
          "total_positives": 1608
        },
        {
          "k": 25,
          "precision": 1.0,
          "recall": 0.01554726368159204,
          "total_positives": 1608
        },
        {
          "k": 50,
          "precision": 0.98,
          "recall": 0.030472636815920398,
          "total_positives": 1608
        },
        {
          "k": 100,
          "precision": 0.99,
          "recall": 0.061567164179104475,
          "total_positives": 1608
        }
      ]
    },
    "4": {
      "rows_test": 11004,
      "overall": [
        {
          "k": 10,
          "precision": 1.0,
          "recall": 0.0015713387806411063,
          "total_positives": 6364
        },
        {
          "k": 25,
          "precision": 1.0,
          "recall": 0.003928346951602765,
          "total_positives": 6364
        },
        {
          "k": 50,
          "precision": 1.0,
          "recall": 0.00785669390320553,
          "total_positives": 6364
        },
        {
          "k": 100,
          "precision": 0.95,
          "recall": 0.014927718416090509,
          "total_positives": 6364
        }
      ],
      "priority_1": [
        {
          "k": 10,
          "precision": 1.0,
          "recall": 0.0022026431718061676,
          "total_positives": 4540
        },
        {
          "k": 25,
          "precision": 0.96,
          "recall": 0.0052863436123348016,
          "total_positives": 4540
        },
        {
          "k": 50,
          "precision": 0.96,
          "recall": 0.010572687224669603,
          "total_positives": 4540
        },
        {
          "k": 100,
          "precision": 0.93,
          "recall": 0.020484581497797357,
          "total_positives": 4540
        }
      ],
      "other": [
        {
          "k": 10,
          "precision": 1.0,
          "recall": 0.005482456140350877,
          "total_positives": 1824
        },
        {
          "k": 25,
          "precision": 1.0,
          "recall": 0.013706140350877192,