{
  "within_event_time": {
    "1": {
      "rows_train": 33585,
      "rows_test": 10323,
      "auc": 0.6683704247137706,
      "brier": 0.21521797569177814,
      "pr_auc": 0.5221249270833713,
      "event_count": 1,
      "train_ratio": 0.8028155562347188,
      "pos_rate_train": 0.3212148280482358,
      "class_strategy": "none"
    },
    "2": {
      "rows_train": 33585,
      "rows_test": 10323,
      "auc": 0.6450555508973884,
      "brier": 0.23623336763418396,
      "pr_auc": 0.6070826941437947,
      "event_count": 1,
      "train_ratio": 0.8028155562347188,
      "pos_rate_train": 0.4341223760607414,
      "class_strategy": "none"
    },
    "4": {
      "rows_train": 33585,
      "rows_test": 10323,
      "auc": 0.7033845854462883,
      "brier": 0.23114858259616547,
      "pr_auc": 0.7399150601523768,
      "event_count": 1,
      "train_ratio": 0.8028155562347188,
      "pos_rate_train": 0.5404198302813756,
      "class_strategy": "none"
    },
    "8": {
      "rows_train": 33585,
      "rows_test": 10323,
      "auc": 0.7236049307067901,
      "brier": 0.22553143382765312,
      "pr_auc": 0.8104946919580889,
      "event_count": 1,
      "train_ratio": 0.8028155562347188,
      "pos_rate_train": 0.6438290903677237,
      "class_strategy": "none"
    }
  },
  "groupkfold_event": {
    "1": {
      "rows_train": 52352,
      "rows_test": 0,
      "auc": null,
      "brier": null,
      "pr_auc": null,
      "event_count": 1,
      "folds": 0,
      "note": "insufficient training data"
    },
    "2": {
      "rows_train": 52352,
      "rows_test": 0,
      "auc": null,
      "brier": null,
      "pr_auc": null,
      "event_count": 1,
      "folds": 0,
      "note": "insufficient training data"
    },
    "4": {
      "rows_train": 52352,
      "rows_test": 0,
      "auc": null,
      "brier": null,
      "pr_auc": null,
      "event_count": 1,
      "folds": 0,
      "note": "insufficient training data"
    },
    "8": {
      "rows_train": 52352,
      "rows_test": 0,
      "auc": null,
      "brier": null,
      "pr_auc": null,
      "event_count": 1,
      "folds": 0,
      "note": "insufficient training data"
    }
  },
  "calibration": {
    "1": {
      "rows": 8444,
      "brier": 0.2142135130101985,
      "ece": 6.473452228495923e-17,
      "method": "isotonic"
    },
    "2": {
      "rows": 8444,
      "brier": 0.20986058218328368,
      "ece": 1.7825495803358075e-17,
      "method": "isotonic"
    },
    "4": {
      "rows": 8444,
      "brier": 0.1657695347020423,
      "ece": 5.7062623482628846e-18,
      "method": "isotonic"
    },
    "8": {
      "rows": 8444,
      "brier": 0.10587688778190624,
      "ece": 2.110922626759461e-17,
      "method": "isotonic"
    }
  },
  "ranking": {
    "1": {
      "rows_test": 10323,
      "overall": [
        {
          "k": 10,
          "precision": 1.0,
          "recall": 0.0026082420448617634,
          "total_positives": 3834
        },
        {
          "k": 25,
          "precision": 0.96,
          "recall": 0.006259780907668232,
          "total_positives": 3834
        },
        {
          "k": 50,
          "precision": 0.88,
          "recall": 0.011476264997391758,
          "total_positives": 3834
        },
        {
          "k": 100,
          "precision": 0.75,
          "recall": 0.019561815336463225,
          "total_positives": 3834
        }
      ],
      "priority_1": [
        {
          "k": 10,
          "precision": 0.5,
          "recall": 0.0019880715705765406,
          "total_positives": 2515
        },
        {
          "k": 25,
          "precision": 0.68,
          "recall": 0.006759443339960238,
          "total_positives": 2515
        },
        {
          "k": 50,
          "precision": 0.64,
          "recall": 0.012723658051689861,
          "total_positives": 2515
        },
        {
          "k": 100,
          "precision": 0.6,
          "recall": 0.02385685884691849,
          "total_positives": 2515
        }
      ],
      "other": [
        {
          "k": 10,
          "precision": 1.0,
          "recall": 0.0075815011372251705,
          "total_positives": 1319
        },
        {
          "k": 25,
          "precision": 1.0,
          "recall": 0.018953752843062926,
          "total_positives": 1319
        },
        {
          "k": 50,
          "precision": 0.94,
          "recall": 0.0356330553449583,
          "total_positives": 1319
        },
        {
          "k": 100,
          "precision": 0.86,
          "recall": 0.06520090978013647,
          "total_positives": 1319
        }
      ]
    },
    "2": {
      "rows_test": 10323,
      "overall": [
        {
          "k": 10,
          "precision": 1.0,
          "recall": 0.001993620414673046,
          "total_positives": 5016
        },
        {
          "k": 25,
          "precision": 0.88,
          "recall": 0.0043859649122807015,
          "total_positives": 5016
        },
        {
          "k": 50,
          "precision": 0.8,
          "recall": 0.007974481658692184,
          "total_positives": 5016
        },
        {
          "k": 100,
          "precision": 0.75,
          "recall": 0.014952153110047847,
          "total_positives": 5016
        }
      ],
      "priority_1": [
        {
          "k": 10,
          "precision": 0.9,
          "recall": 0.002636976267213595,
          "total_positives": 3413
        },
        {
          "k": 25,
          "precision": 0.6,
          "recall": 0.0043949604453559915,
          "total_positives": 3413
        },
        {
          "k": 50,
          "precision": 0.56,
          "recall": 0.008203926164664518,
          "total_positives": 3413
        },
        {
          "k": 100,
          "precision": 0.6,
          "recall": 0.017579841781423966,
          "total_positives": 3413
        }
      ],
      "other": [
        {
          "k": 10,
          "precision": 1.0,
          "recall": 0.006238303181534623,
          "total_positives": 1603
        },
        {
          "k": 25,
          "precision": 0.96,
          "recall": 0.014971927635683094,
          "total_positives": 1603
        },
        {
          "k": 50,
          "precision": 0.92,
          "recall": 0.028696194635059263,
          "total_positives": 1603
        },
        {
          "k": 100,
          "precision": 0.9,
          "recall": 0.056144728633811605,
          "total_positives": 1603
        }
      ]
    },
    "4": {
      "rows_test": 10323,
      "overall": [
        {
          "k": 10,
          "precision": 1.0,
          "recall": 0.0016869095816464238,
          "total_positives": 5928
        },
        {
          "k": 25,
          "precision": 1.0,
          "recall": 0.004217273954116059,
          "total_positives": 5928
        },
        {
          "k": 50,
          "precision": 0.96,
          "recall": 0.008097165991902834,
          "total_positives": 5928
        },
        {
          "k": 100,
          "precision": 0.95,
          "recall": 0.016025641025641024,
          "total_positives": 5928
        }
      ],
      "priority_1": [
        {
          "k": 10,
          "precision": 0.9,
          "recall": 0.002188715953307393,
          "total_positives": 4112
        },
        {
          "k": 25,
          "precision": 0.92,
          "recall": 0.005593385214007782,
          "total_positives": 4112
        },
        {
          "k": 50,
          "precision": 0.92,
          "recall": 0.011186770428015564,
          "total_positives": 4112
        },
        {
          "k": 100,
          "precision": 0.85,
          "recall": 0.020671206225680933,
          "total_positives": 4112
        }
      ],
      "other": [
        {
          "k": 10,
          "precision": 1.0,
          "recall": 0.005506607929515419,
          "total_positives": 1816
        },
        {
          "k": 25,
          "precision": 0.96,