{
  "within_event_time": {
    "1": {
      "rows_train": 42823,
      "rows_test": 13313,
      "auc": 0.6632607453072634,
      "brier": 0.21525868990629968,
      "pr_auc": 0.5084886382380249,
      "event_count": 1,
      "train_ratio": 0.800584182144997,
      "pos_rate_train": 0.3439506807089648,
      "class_strategy": "none"
    },
    "2": {
      "rows_train": 42823,
      "rows_test": 13313,
      "auc": 0.6704092140829344,
      "brier": 0.22974789987332214,
      "pr_auc": 0.6435285306365441,
      "event_count": 1,
      "train_ratio": 0.800584182144997,
      "pos_rate_train": 0.46591784788548213,
      "class_strategy": "none"
    },
    "4": {
      "rows_train": 42823,
      "rows_test": 13313,
      "auc": 0.6722801952924148,
      "brier": 0.22928851544134712,
      "pr_auc": 0.7326038270529058,
      "event_count": 1,
      "train_ratio": 0.800584182144997,
      "pos_rate_train": 0.5816967517455572,
      "class_strategy": "none"
    },
    "8": {
      "rows_train": 42823,
      "rows_test": 13313,
      "auc": 0.7143928401905704,
      "brier": 0.19943144683347463,
      "pr_auc": 0.8235106911604623,
      "event_count": 1,
      "train_ratio": 0.800584182144997,
      "pos_rate_train": 0.6849123134764029,
      "class_strategy": "none"
    }
  },
  "groupkfold_event": {
    "1": {
      "rows_train": 66760,
      "rows_test": 0,
      "auc": null,
      "brier": null,
      "pr_auc": null,
      "event_count": 1,
      "folds": 0,
      "note": "insufficient training data"
    },
    "2": {
      "rows_train": 66760,
      "rows_test": 0,
      "auc": null,
      "brier": null,
      "pr_auc": null,
      "event_count": 1,
      "folds": 0,
      "note": "insufficient training data"
    },
    "4": {
      "rows_train": 66760,
      "rows_test": 0,
      "auc": null,
      "brier": null,
      "pr_auc": null,
      "event_count": 1,
      "folds": 0,
      "note": "insufficient training data"
    },
    "8": {
      "rows_train": 66760,
      "rows_test": 0,
      "auc": null,
      "brier": null,
      "pr_auc": null,
      "event_count": 1,
      "folds": 0,
      "note": "insufficient training data"
    }
  },
  "calibration": {
    "1": {
      "rows": 10624,
      "brier": 0.20616594126985446,
      "ece": 3.639261750053753e-17,
      "method": "isotonic"
    },
    "2": {
      "rows": 10624,
      "brier": 0.21570294260147024,
      "ece": 7.044962839335931e-17,
      "method": "isotonic"
    },
    "4": {
      "rows": 10624,
      "brier": 0.19378334517810583,
      "ece": 4.15105742617402e-17,
      "method": "isotonic"
    },
    "8": {
      "rows": 10624,
      "brier": 0.16414298822287648,
      "ece": 1.478695011148905e-18,
      "method": "isotonic"
    }
  },
  "ranking": {
    "1": {
      "rows_test": 13313,
      "overall": [
        {
          "k": 10,
          "precision": 0.9,
          "recall": 0.0018695471541337765,
          "total_positives": 4814
        },
        {
          "k": 25,
          "precision": 0.92,
          "recall": 0.004777731616119651,
          "total_positives": 4814
        },
        {
          "k": 50,
          "precision": 0.94,
          "recall": 0.009763190693809721,
          "total_positives": 4814
        },
        {
          "k": 100,
          "precision": 0.91,
          "recall": 0.018903199002908183,
          "total_positives": 4814
        }
      ],
      "priority_1": [
        {
          "k": 10,
          "precision": 0.7,
          "recall": 0.0023148148148148147,
          "total_positives": 3024
        },
        {
          "k": 25,
          "precision": 0.72,
          "recall": 0.005952380952380952,
          "total_positives": 3024
        },
        {
          "k": 50,
          "precision": 0.74,
          "recall": 0.012235449735449735,
          "total_positives": 3024
        },
        {
          "k": 100,
          "precision": 0.68,
          "recall": 0.022486772486772486,
          "total_positives": 3024
        }
      ],
      "other": [
        {
          "k": 10,
          "precision": 1.0,
          "recall": 0.00558659217877095,
          "total_positives": 1790
        },
        {
          "k": 25,
          "precision": 0.92,
          "recall": 0.012849162011173185,
          "total_positives": 1790
        },
        {
          "k": 50,
          "precision": 0.96,
          "recall": 0.026815642458100558,
          "total_positives": 1790
        },
        {
          "k": 100,
          "precision": 0.93,
          "recall": 0.05195530726256983,
          "total_positives": 1790
        }
      ]
    },
    "2": {
      "rows_test": 13313,
      "overall": [
        {
          "k": 10,
          "precision": 1.0,
          "recall": 0.001596678907871627,
          "total_positives": 6263
        },
        {
          "k": 25,
          "precision": 1.0,
          "recall": 0.003991697269679068,
          "total_positives": 6263
        },
        {
          "k": 50,
          "precision": 1.0,
          "recall": 0.007983394539358136,
          "total_positives": 6263
        },
        {
          "k": 100,
          "precision": 0.96,
          "recall": 0.015328117515567619,
          "total_positives": 6263
        }
      ],
      "priority_1": [
        {
          "k": 10,
          "precision": 0.8,
          "recall": 0.0019801980198019802,
          "total_positives": 4040
        },
        {
          "k": 25,
          "precision": 0.88,
          "recall": 0.005445544554455445,
          "total_positives": 4040
        },
        {
          "k": 50,
          "precision": 0.92,
          "recall": 0.011386138613861386,
          "total_positives": 4040
        },
        {
          "k": 100,
          "precision": 0.9,
          "recall": 0.022277227722772276,
          "total_positives": 4040
        }
      ],
      "other": [
        {
          "k": 10,
          "precision": 1.0,
          "recall": 0.00449842555105713,
          "total_positives": 2223
        },
        {
          "k": 25,
          "precision": 1.0,
          "recall": 0.011246063877642825,
          "total_positives": 2223
        },
        {
          "k": 50,
          "precision": 1.0,
          "recall": 0.02249212775528565,
          "total_positives": 2223
        },
        {
          "k": 100,
          "precision": 0.97,
          "recall": 0.04363472784525416,
          "total_positives": 2223
        }
      ]
    },
    "4": {
      "rows_test": 13313,
      "overall": [
        {
          "k": 10,
          "precision": 1.0,
          "recall": 0.0013166556945358788,
          "total_positives": 7595
        },
        {
          "k": 25,
          "precision": 0.92,
          "recall": 0.003028308097432521,
          "total_positives": 7595
        },
        {
          "k": 50,
          "precision": 0.96,
          "recall": 0.0063199473337722184,
          "total_positives": 7595
        },
        {
          "k": 100,
          "precision": 0.97,
          "recall": 0.012771560236998025,
          "total_positives": 7595
        }
      ],
      "priority_1": [
        {
          "k": 10,
          "precision": 0.8,
          "recall": 0.0015955325089748703,
          "total_positives": 5014
        },
        {
          "k": 25,
          "precision": 0.92,
          "recall": 0.0045871559633027525,
          "total_positives": 5014
        },
        {
          "k": 50,
          "precision": 0.92,
          "recall": 0.009174311926605505,
          "total_positives": 5014
        },
        {
          "k": 100,
          "precision": 0.94,
          "recall": 0.01874750698045473,
          "total_positives": 5014
        }
      ],
      "other": [
        {
          "k": 10,
          "precision": 1.0,
          "recall": 0.0038744672607516468,
          "total_positives": 2581
        },
        {
          "k": 25,
          "precision": 1.0,