{
  "within_event_time": {
    "1": {
      "rows_train": 30155,
      "rows_test": 9470,
      "auc": 0.6805409415429726,
      "brier": 0.22067832957500336,
      "pr_auc": 0.5680355002824445,
      "event_count": 1,
      "train_ratio": 0.7984677590976803,
      "pos_rate_train": 0.31149063173603053,
      "class_strategy": "none"
    },
    "2": {
      "rows_train": 30155,
      "rows_test": 9470,
      "auc": 0.688967802725885,
      "brier": 0.22334780116024605,
      "pr_auc": 0.6905061649887166,
      "event_count": 1,
      "train_ratio": 0.7984677590976803,
      "pos_rate_train": 0.42493782125683965,
      "class_strategy": "none"
    },
    "4": {
      "rows_train": 30155,
      "rows_test": 9470,
      "auc": 0.6987989365706757,
      "brier": 0.24373138613573977,
      "pr_auc": 0.7831020974340375,
      "event_count": 1,
      "train_ratio": 0.7984677590976803,
      "pos_rate_train": 0.5264135300945116,
      "class_strategy": "none"
    },
    "8": {
      "rows_train": 30155,
      "rows_test": 9470,
      "auc": 0.6949857938813642,
      "brier": 0.24787260760703586,
      "pr_auc": 0.8033426820194901,
      "event_count": 1,
      "train_ratio": 0.7984677590976803,
      "pos_rate_train": 0.6167136461614989,
      "class_strategy": "none"
    }
  },
  "groupkfold_event": {
    "1": {
      "rows_train": 46990,
      "rows_test": 0,
      "auc": null,
      "brier": null,
      "pr_auc": null,
      "event_count": 1,
      "folds": 0,
      "note": "insufficient training data"
    },
    "2": {
      "rows_train": 46990,
      "rows_test": 0,
      "auc": null,
      "brier": null,
      "pr_auc": null,
      "event_count": 1,
      "folds": 0,
      "note": "insufficient training data"
    },
    "4": {
      "rows_train": 46990,
      "rows_test": 0,
      "auc": null,
      "brier": null,
      "pr_auc": null,
      "event_count": 1,
      "folds": 0,
      "note": "insufficient training data"
    },
    "8": {
      "rows_train": 46990,
      "rows_test": 0,
      "auc": null,
      "brier": null,
      "pr_auc": null,
      "event_count": 1,
      "folds": 0,
      "note": "insufficient training data"
    }
  },
  "calibration": {
    "1": {
      "rows": 7365,
      "brier": 0.2231323220710061,
      "ece": 7.549591939007386e-17,
      "method": "isotonic"
    },
    "2": {
      "rows": 7365,
      "brier": 0.21457338810135218,
      "ece": 6.142781840254601e-17,
      "method": "isotonic"
    },
    "4": {
      "rows": 7365,
      "brier": 0.16266836509872362,
      "ece": 9.454608025049534e-17,
      "method": "isotonic"
    },
    "8": {
      "rows": 7365,
      "brier": 0.09388621989069161,
      "ece": 1.2994056309937338e-17,
      "method": "isotonic"
    }
  },
  "ranking": {
    "1": {
      "rows_test": 9470,
      "overall": [
        {
          "k": 10,
          "precision": 1.0,
          "recall": 0.0026504108136761197,
          "total_positives": 3773
        },
        {
          "k": 25,
          "precision": 1.0,
          "recall": 0.0066260270341902995,
          "total_positives": 3773
        },
        {
          "k": 50,
          "precision": 0.96,
          "recall": 0.012721971905645375,
          "total_positives": 3773
        },
        {
          "k": 100,
          "precision": 0.86,
          "recall": 0.02279353299761463,
          "total_positives": 3773
        }
      ],
      "priority_1": [
        {
          "k": 10,
          "precision": 0.9,
          "recall": 0.003748438150770512,
          "total_positives": 2401
        },
        {
          "k": 25,
          "precision": 0.8,
          "recall": 0.008329862557267805,
          "total_positives": 2401
        },
        {
          "k": 50,
          "precision": 0.78,
          "recall": 0.01624323198667222,
          "total_positives": 2401
        },
        {
          "k": 100,
          "precision": 0.79,
          "recall": 0.03290295710120783,
          "total_positives": 2401
        }
      ],
      "other": [
        {
          "k": 10,
          "precision": 1.0,
          "recall": 0.007288629737609329,
          "total_positives": 1372
        },
        {
          "k": 25,
          "precision": 1.0,
          "recall": 0.018221574344023325,
          "total_positives": 1372
        },
        {
          "k": 50,
          "precision": 0.94,
          "recall": 0.034256559766763846,
          "total_positives": 1372
        },
        {
          "k": 100,
          "precision": 0.85,
          "recall": 0.0619533527696793,
          "total_positives": 1372
        }
      ]
    },
    "2": {
      "rows_test": 9470,
      "overall": [
        {
          "k": 10,
          "precision": 0.9,
          "recall": 0.0018419975440032747,
          "total_positives": 4886
        },
        {
          "k": 25,
          "precision": 0.96,
          "recall": 0.004911993450675399,
          "total_positives": 4886
        },
        {
          "k": 50,
          "precision": 0.92,
          "recall": 0.009414654113794515,
          "total_positives": 4886
        },
        {
          "k": 100,
          "precision": 0.95,
          "recall": 0.019443307408923454,
          "total_positives": 4886
        }
      ],
      "priority_1": [
        {
          "k": 10,
          "precision": 0.8,
          "recall": 0.0024752475247524753,
          "total_positives": 3232
        },
        {
          "k": 25,
          "precision": 0.88,
          "recall": 0.006806930693069307,
          "total_positives": 3232
        },
        {
          "k": 50,
          "precision": 0.94,
          "recall": 0.014542079207920793,
          "total_positives": 3232
        },
        {
          "k": 100,
          "precision": 0.92,
          "recall": 0.028465346534653466,
          "total_positives": 3232
        }
      ],
      "other": [
        {
          "k": 10,
          "precision": 1.0,
          "recall": 0.006045949214026602,
          "total_positives": 1654
        },
        {
          "k": 25,
          "precision": 1.0,
          "recall": 0.015114873035066506,
          "total_positives": 1654
        },
        {
          "k": 50,
          "precision": 0.98,
          "recall": 0.02962515114873035,
          "total_positives": 1654
        },
        {
          "k": 100,
          "precision": 0.94,
          "recall": 0.056831922611850064,
          "total_positives": 1654
        }
      ]
    },
    "4": {
      "rows_test": 9470,
      "overall": [
        {
          "k": 10,
          "precision": 1.0,
          "recall": 0.0016869095816464238,
          "total_positives": 5928
        },
        {
          "k": 25,
          "precision": 1.0,
          "recall": 0.004217273954116059,
          "total_positives": 5928
        },
        {
          "k": 50,
          "precision": 0.98,
          "recall": 0.008265856950067476,
          "total_positives": 5928
        },
        {
          "k": 100,
          "precision": 0.96,
          "recall": 0.016194331983805668,
          "total_positives": 5928
        }
      ],
      "priority_1": [
        {
          "k": 10,
          "precision": 1.0,
          "recall": 0.0025252525252525255,
          "total_positives": 3960
        },
        {
          "k": 25,
          "precision": 0.96,
          "recall": 0.006060606060606061,
          "total_positives": 3960
        },
        {
          "k": 50,
          "precision": 0.98,
          "recall": 0.012373737373737374,
          "total_positives": 3960
        },
        {
          "k": 100,
          "precision": 0.99,
          "recall": 0.025,
          "total_positives": 3960
        }
      ],
      "other": [
        {
          "k": 10,
          "precision": 1.0,
          "recall": 0.00508130081300813,
          "total_positives": 1968
        },
        {
          "k": 25,
          "precision": 1.0,
          "recall": 0.012703252032520325,