{
  "within_event_time": {
    "1": {
      "rows_train": 16242,
      "rows_test": 5026,
      "auc": 0.6594948439836406,
      "brier": 0.20069167069476856,
      "pr_auc": 0.4553466272794472,
      "event_count": 1,
      "train_ratio": 0.8014694264496761,
      "pos_rate_train": 0.31547838936091616,
      "class_strategy": "none"
    },
    "2": {
      "rows_train": 16242,
      "rows_test": 5026,
      "auc": 0.6573419803825744,
      "brier": 0.22548717534906323,
      "pr_auc": 0.5585772071953402,
      "event_count": 1,
      "train_ratio": 0.8014694264496761,
      "pos_rate_train": 0.4360916143332102,
      "class_strategy": "none"
    },
    "4": {
      "rows_train": 16242,
      "rows_test": 5026,
      "auc": 0.6728560678834454,
      "brier": 0.236802370825129,
      "pr_auc": 0.6293483490260086,
      "event_count": 1,
      "train_ratio": 0.8014694264496761,
      "pos_rate_train": 0.5536879694618889,
      "class_strategy": "none"
    },
    "8": {
      "rows_train": 16242,
      "rows_test": 5026,
      "auc": 0.6714458663725621,
      "brier": 0.256393125726111,
      "pr_auc": 0.6659534149739312,
      "event_count": 1,
      "train_ratio": 0.8014694264496761,
      "pos_rate_train": 0.6511513360423593,
      "class_strategy": "none"
    }
  },
  "groupkfold_event": {
    "1": {
      "rows_train": 25316,
      "rows_test": 0,
      "auc": null,
      "brier": null,
      "pr_auc": null,
      "event_count": 1,
      "folds": 0,
      "note": "insufficient training data"
    },
    "2": {
      "rows_train": 25316,
      "rows_test": 0,
      "auc": null,
      "brier": null,
      "pr_auc": null,
      "event_count": 1,
      "folds": 0,
      "note": "insufficient training data"
    },
    "4": {
      "rows_train": 25316,
      "rows_test": 0,
      "auc": null,
      "brier": null,
      "pr_auc": null,
      "event_count": 1,
      "folds": 0,
      "note": "insufficient training data"
    },
    "8": {
      "rows_train": 25316,
      "rows_test": 0,
      "auc": null,
      "brier": null,
      "pr_auc": null,
      "event_count": 1,
      "folds": 0,
      "note": "insufficient training data"
    }
  },
  "calibration": {
    "1": {
      "rows": 4048,
      "brier": 0.20972072019170543,
      "ece": 0.05719040703820355
    },
    "2": {
      "rows": 4048,
      "brier": 0.23363297321791923,
      "ece": 0.053259311059420944
    },
    "4": {
      "rows": 4048,
      "brier": 0.2248677154841022,
      "ece": 0.051821098348187974
    },
    "8": {
      "rows": 4048,
      "brier": 0.20959900672591858,
      "ece": 0.07535787419243553
    }
  },
  "eta_regression": {
    "rows_train": 18558,
    "rows_test": 2572,
    "mae": 5.428663668885162,
    "rmse": 6.878787043579626,
    "eta_class_mae": 3.0716795543935924,
    "eta_class_rmse": 3.930784691377198
  },
  "feature_importance_path": "/home/runner/work/snow_map_dashboard/snow_map_dashboard/data/artifacts_snow/feature_importance.json"
}