{
  "within_event_time": {
    "1": {
      "rows_train": 31604,
      "rows_test": 9995,
      "auc": 0.6728212440512099,
      "brier": 0.21454797650217644,
      "pr_auc": 0.5311433356600206,
      "event_count": 1,
      "train_ratio": 0.7998438000640821,
      "pos_rate_train": 0.3089482344007088,
      "class_strategy": "none"
    },
    "2": {
      "rows_train": 31604,
      "rows_test": 9995,
      "auc": 0.6504486713633915,
      "brier": 0.23181579610106573,
      "pr_auc": 0.6502338576109895,
      "event_count": 1,
      "train_ratio": 0.7998438000640821,
      "pos_rate_train": 0.41947221870649287,
      "class_strategy": "none"
    },
    "4": {
      "rows_train": 31604,
      "rows_test": 9995,
      "auc": 0.6985429324463794,
      "brier": 0.2374680850450302,
      "pr_auc": 0.7615404932865271,
      "event_count": 1,
      "train_ratio": 0.7998438000640821,
      "pos_rate_train": 0.5223705860017719,
      "class_strategy": "none"
    },
    "8": {
      "rows_train": 31604,
      "rows_test": 9995,
      "auc": 0.7073534508789665,
      "brier": 0.24063450470110256,
      "pr_auc": 0.7971989085637881,
      "event_count": 1,
      "train_ratio": 0.7998438000640821,
      "pos_rate_train": 0.6265029743070497,
      "class_strategy": "none"
    }
  },
  "groupkfold_event": {
    "1": {
      "rows_train": 49936,
      "rows_test": 0,
      "auc": null,
      "brier": null,
      "pr_auc": null,
      "event_count": 1,
      "folds": 0,
      "note": "insufficient training data"
    },
    "2": {
      "rows_train": 49936,
      "rows_test": 0,
      "auc": null,
      "brier": null,
      "pr_auc": null,
      "event_count": 1,
      "folds": 0,
      "note": "insufficient training data"
    },
    "4": {
      "rows_train": 49936,
      "rows_test": 0,
      "auc": null,
      "brier": null,
      "pr_auc": null,
      "event_count": 1,
      "folds": 0,
      "note": "insufficient training data"
    },
    "8": {
      "rows_train": 49936,
      "rows_test": 0,
      "auc": null,
      "brier": null,
      "pr_auc": null,
      "event_count": 1,
      "folds": 0,
      "note": "insufficient training data"
    }
  },
  "calibration": {
    "1": {
      "rows": 8337,
      "brier": 0.21890004144046118,
      "ece": 2.3867065081977173e-17,
      "method": "isotonic"
    },
    "2": {
      "rows": 8337,
      "brier": 0.2137339593092347,
      "ece": 1.2238154727486132e-17,
      "method": "isotonic"
    },
    "4": {
      "rows": 8337,
      "brier": 0.1610529616512395,
      "ece": 2.3597399539831803e-17,
      "method": "isotonic"
    },
    "8": {
      "rows": 8337,
      "brier": 0.0951282038135282,
      "ece": 5.617033366761318e-17,
      "method": "isotonic"
    }
  },
  "ranking": {
    "1": {
      "rows_test": 9995,
      "overall": [
        {
          "k": 10,
          "precision": 0.9,
          "recall": 0.002397442727757059,
          "total_positives": 3754
        },
        {
          "k": 25,
          "precision": 0.8,
          "recall": 0.005327650506126798,
          "total_positives": 3754
        },
        {
          "k": 50,
          "precision": 0.88,
          "recall": 0.011720831113478956,
          "total_positives": 3754
        },
        {
          "k": 100,
          "precision": 0.83,
          "recall": 0.022109749600426214,
          "total_positives": 3754
        }
      ],
      "priority_1": [
        {
          "k": 10,
          "precision": 0.7,
          "recall": 0.003113879003558719,
          "total_positives": 2248
        },
        {
          "k": 25,
          "precision": 0.8,
          "recall": 0.008896797153024912,
          "total_positives": 2248
        },
        {
          "k": 50,
          "precision": 0.74,
          "recall": 0.016459074733096084,
          "total_positives": 2248
        },
        {
          "k": 100,
          "precision": 0.76,
          "recall": 0.033807829181494664,
          "total_positives": 2248
        }
      ],
      "other": [
        {
          "k": 10,
          "precision": 0.9,
          "recall": 0.00597609561752988,
          "total_positives": 1506
        },
        {
          "k": 25,
          "precision": 0.88,
          "recall": 0.014608233731739707,
          "total_positives": 1506
        },
        {
          "k": 50,
          "precision": 0.88,
          "recall": 0.029216467463479414,
          "total_positives": 1506
        },
        {
          "k": 100,
          "precision": 0.85,
          "recall": 0.05644090305444887,
          "total_positives": 1506
        }
      ]
    },
    "2": {
      "rows_test": 9995,
      "overall": [
        {
          "k": 10,
          "precision": 0.9,
          "recall": 0.0017964071856287425,
          "total_positives": 5010
        },
        {
          "k": 25,
          "precision": 0.96,
          "recall": 0.004790419161676647,
          "total_positives": 5010
        },
        {
          "k": 50,
          "precision": 0.94,
          "recall": 0.0093812375249501,
          "total_positives": 5010
        },
        {
          "k": 100,
          "precision": 0.96,
          "recall": 0.019161676646706587,
          "total_positives": 5010
        }
      ],
      "priority_1": [
        {
          "k": 10,
          "precision": 0.9,
          "recall": 0.002843601895734597,
          "total_positives": 3165
        },
        {
          "k": 25,
          "precision": 0.96,
          "recall": 0.007582938388625593,
          "total_positives": 3165
        },
        {
          "k": 50,
          "precision": 0.98,
          "recall": 0.015481832543443918,
          "total_positives": 3165
        },
        {
          "k": 100,
          "precision": 0.9,
          "recall": 0.02843601895734597,
          "total_positives": 3165
        }
      ],
      "other": [
        {
          "k": 10,
          "precision": 0.9,
          "recall": 0.004878048780487805,
          "total_positives": 1845
        },
        {
          "k": 25,
          "precision": 0.96,
          "recall": 0.013008130081300813,
          "total_positives": 1845
        },
        {
          "k": 50,
          "precision": 0.96,
          "recall": 0.026016260162601626,
          "total_positives": 1845
        },
        {
          "k": 100,
          "precision": 0.95,
          "recall": 0.051490514905149054,
          "total_positives": 1845
        }
      ]
    },
    "4": {
      "rows_test": 9995,
      "overall": [
        {
          "k": 10,
          "precision": 1.0,
          "recall": 0.0017015484090522376,
          "total_positives": 5877
        },
        {
          "k": 25,
          "precision": 1.0,
          "recall": 0.004253871022630594,
          "total_positives": 5877
        },
        {
          "k": 50,
          "precision": 1.0,
          "recall": 0.008507742045261188,
          "total_positives": 5877
        },
        {
          "k": 100,
          "precision": 0.98,
          "recall": 0.016675174408711926,
          "total_positives": 5877
        }
      ],
      "priority_1": [
        {
          "k": 10,
          "precision": 1.0,
          "recall": 0.002664535038635758,
          "total_positives": 3753
        },
        {
          "k": 25,
          "precision": 0.92,
          "recall": 0.0061284305888622435,
          "total_positives": 3753
        },
        {
          "k": 50,
          "precision": 0.96,
          "recall": 0.012789768185451638,
          "total_positives": 3753
        },
        {
          "k": 100,
          "precision": 0.97,
          "recall": 0.025845989874766852,
          "total_positives": 3753
        }
      ],
      "other": [
        {
          "k": 10,
          "precision": 0.9,
          "recall": 0.00423728813559322,
          "total_positives": 2124
        },
        {
          "k": 25,
          "precision": 0.92,
          "recall": 0.010828625235404897,