{
  "within_event_time": {
    "1": {
      "rows_train": 16628,
      "rows_test": 5085,
      "auc": 0.6609437044366243,
      "brier": 0.19653160022410238,
      "pr_auc": 0.42669129922532606,
      "event_count": 1,
      "train_ratio": 0.8031968418608252,
      "pos_rate_train": 0.31687515034880925,
      "class_strategy": "none"
    },
    "2": {
      "rows_train": 16628,
      "rows_test": 5085,
      "auc": 0.6372301710264455,
      "brier": 0.22561174919450191,
      "pr_auc": 0.5073634584141752,
      "event_count": 1,
      "train_ratio": 0.8031968418608252,
      "pos_rate_train": 0.4376353139283137,
      "class_strategy": "none"
    },
    "4": {
      "rows_train": 16628,
      "rows_test": 5085,
      "auc": 0.6649944691961128,
      "brier": 0.23001884182521898,
      "pr_auc": 0.6044834370655855,
      "event_count": 1,
      "train_ratio": 0.8031968418608252,
      "pos_rate_train": 0.5528626413278807,
      "class_strategy": "none"
    },
    "8": {
      "rows_train": 16628,
      "rows_test": 5085,
      "auc": 0.6567067497999146,
      "brier": 0.24158084623102669,
      "pr_auc": 0.6524403276474843,
      "event_count": 1,
      "train_ratio": 0.8031968418608252,
      "pos_rate_train": 0.6486047630502766,
      "class_strategy": "none"
    }
  },
  "groupkfold_event": {
    "1": {
      "rows_train": 25838,
      "rows_test": 0,
      "auc": null,
      "brier": null,
      "pr_auc": null,
      "event_count": 1,
      "folds": 0,
      "note": "insufficient training data"
    },
    "2": {
      "rows_train": 25838,
      "rows_test": 0,
      "auc": null,
      "brier": null,
      "pr_auc": null,
      "event_count": 1,
      "folds": 0,
      "note": "insufficient training data"
    },
    "4": {
      "rows_train": 25838,
      "rows_test": 0,
      "auc": null,
      "brier": null,
      "pr_auc": null,
      "event_count": 1,
      "folds": 0,
      "note": "insufficient training data"
    },
    "8": {
      "rows_train": 25838,
      "rows_test": 0,
      "auc": null,
      "brier": null,
      "pr_auc": null,
      "event_count": 1,
      "folds": 0,
      "note": "insufficient training data"
    }
  },
  "calibration": {
    "1": {
      "rows": 4125,
      "brier": 0.19989902362507347,
      "ece": 8.740483084776233e-18,
      "method": "isotonic"
    },
    "2": {
      "rows": 4125,
      "brier": 0.2255247291395726,
      "ece": 3.619999922717177e-17,
      "method": "isotonic"
    },
    "4": {
      "rows": 4125,
      "brier": 0.21880712515240847,
      "ece": 4.08696645549891e-17,
      "method": "isotonic"
    },
    "8": {
      "rows": 4125,
      "brier": 0.2002184338258729,
      "ece": 3.208880972386286e-17,
      "method": "isotonic"
    }
  },
  "ranking": {
    "1": {
      "rows_test": 5085,
      "overall": [
        {
          "k": 10,
          "precision": 1.0,
          "recall": 0.006711409395973154,
          "total_positives": 1490
        },
        {
          "k": 25,
          "precision": 0.96,
          "recall": 0.016107382550335572,
          "total_positives": 1490
        },
        {
          "k": 50,
          "precision": 0.82,
          "recall": 0.027516778523489934,
          "total_positives": 1490
        },
        {
          "k": 100,
          "precision": 0.66,
          "recall": 0.04429530201342282,
          "total_positives": 1490
        }
      ],
      "priority_1": [
        {
          "k": 10,
          "precision": 0.8,
          "recall": 0.012102874432677761,
          "total_positives": 661
        },
        {
          "k": 25,
          "precision": 0.56,
          "recall": 0.02118003025718608,
          "total_positives": 661
        },
        {
          "k": 50,
          "precision": 0.54,
          "recall": 0.04084720121028744,
          "total_positives": 661
        },
        {
          "k": 100,
          "precision": 0.53,
          "recall": 0.08018154311649017,
          "total_positives": 661
        }
      ],
      "other": [
        {
          "k": 10,
          "precision": 0.9,
          "recall": 0.010856453558504222,
          "total_positives": 829
        },
        {
          "k": 25,
          "precision": 0.92,
          "recall": 0.027744270205066344,
          "total_positives": 829
        },
        {
          "k": 50,
          "precision": 0.78,
          "recall": 0.047044632086851626,
          "total_positives": 829
        },
        {
          "k": 100,
          "precision": 0.66,
          "recall": 0.07961399276236429,
          "total_positives": 829
        }
      ]
    },
    "2": {
      "rows_test": 5085,
      "overall": [
        {
          "k": 10,
          "precision": 0.6,
          "recall": 0.003048780487804878,
          "total_positives": 1968
        },
        {
          "k": 25,
          "precision": 0.68,
          "recall": 0.008638211382113821,
          "total_positives": 1968
        },
        {
          "k": 50,
          "precision": 0.82,
          "recall": 0.020833333333333332,
          "total_positives": 1968
        },
        {
          "k": 100,
          "precision": 0.76,
          "recall": 0.03861788617886179,
          "total_positives": 1968
        }
      ],
      "priority_1": [
        {
          "k": 10,
          "precision": 0.5,
          "recall": 0.005268703898840885,
          "total_positives": 949
        },
        {
          "k": 25,
          "precision": 0.68,
          "recall": 0.01791359325605901,
          "total_positives": 949
        },
        {
          "k": 50,
          "precision": 0.72,
          "recall": 0.037934668071654375,
          "total_positives": 949
        },
        {
          "k": 100,
          "precision": 0.7,
          "recall": 0.0737618545837724,
          "total_positives": 949
        }
      ],
      "other": [
        {
          "k": 10,
          "precision": 1.0,
          "recall": 0.009813542688910697,
          "total_positives": 1019
        },
        {
          "k": 25,
          "precision": 0.92,
          "recall": 0.022571148184494603,
          "total_positives": 1019
        },
        {
          "k": 50,
          "precision": 0.86,
          "recall": 0.042198233562315994,
          "total_positives": 1019
        },
        {
          "k": 100,
          "precision": 0.71,
          "recall": 0.06967615309126594,
          "total_positives": 1019
        }
      ]
    },
    "4": {
      "rows_test": 5085,
      "overall": [
        {
          "k": 10,
          "precision": 1.0,
          "recall": 0.004393673110720563,
          "total_positives": 2276
        },
        {
          "k": 25,
          "precision": 0.92,
          "recall": 0.010105448154657293,
          "total_positives": 2276
        },
        {
          "k": 50,
          "precision": 0.82,
          "recall": 0.018014059753954304,
          "total_positives": 2276
        },
        {
          "k": 100,
          "precision": 0.84,
          "recall": 0.03690685413005272,
          "total_positives": 2276
        }
      ],
      "priority_1": [
        {
          "k": 10,
          "precision": 0.9,
          "recall": 0.007731958762886598,
          "total_positives": 1164
        },
        {
          "k": 25,
          "precision": 0.84,
          "recall": 0.01804123711340206,
          "total_positives": 1164
        },
        {
          "k": 50,
          "precision": 0.76,
          "recall": 0.03264604810996564,
          "total_positives": 1164
        },
        {
          "k": 100,
          "precision": 0.83,
          "recall": 0.07130584192439862,
          "total_positives": 1164
        }
      ],
      "other": [
        {
          "k": 10,
          "precision": 1.0,
          "recall": 0.008992805755395683,
          "total_positives": 1112
        },
        {
          "k": 25,
          "precision": 1.0,
          "recall": 0.022482014388489208,