{
  "within_event_time": {
    "1": {
      "rows_train": 33732,
      "rows_test": 10850,
      "auc": 0.6949286255803385,
      "brier": 0.20946350006955433,
      "pr_auc": 0.5660692775929208,
      "event_count": 1,
      "train_ratio": 0.7977406606517038,
      "pos_rate_train": 0.3228981382663346,
      "class_strategy": "none"
    },
    "2": {
      "rows_train": 33732,
      "rows_test": 10850,
      "auc": 0.6954117427428305,
      "brier": 0.2208620538177633,
      "pr_auc": 0.6819968830839094,
      "event_count": 1,
      "train_ratio": 0.7977406606517038,
      "pos_rate_train": 0.4356990394877268,
      "class_strategy": "none"
    },
    "4": {
      "rows_train": 33732,
      "rows_test": 10850,
      "auc": 0.7150091732221663,
      "brier": 0.21817431893170805,
      "pr_auc": 0.7686997462716141,
      "event_count": 1,
      "train_ratio": 0.7977406606517038,
      "pos_rate_train": 0.5418593620301198,
      "class_strategy": "none"
    },
    "8": {
      "rows_train": 33732,
      "rows_test": 10850,
      "auc": 0.7341818392937737,
      "brier": 0.21092001422267964,
      "pr_auc": 0.829294095216515,
      "event_count": 1,
      "train_ratio": 0.7977406606517038,
      "pos_rate_train": 0.6449958496383257,
      "class_strategy": "none"
    }
  },
  "groupkfold_event": {
    "1": {
      "rows_train": 53644,
      "rows_test": 0,
      "auc": null,
      "brier": null,
      "pr_auc": null,
      "event_count": 1,
      "folds": 0,
      "note": "insufficient training data"
    },
    "2": {
      "rows_train": 53644,
      "rows_test": 0,
      "auc": null,
      "brier": null,
      "pr_auc": null,
      "event_count": 1,
      "folds": 0,
      "note": "insufficient training data"
    },
    "4": {
      "rows_train": 53644,
      "rows_test": 0,
      "auc": null,
      "brier": null,
      "pr_auc": null,
      "event_count": 1,
      "folds": 0,
      "note": "insufficient training data"
    },
    "8": {
      "rows_train": 53644,
      "rows_test": 0,
      "auc": null,
      "brier": null,
      "pr_auc": null,
      "event_count": 1,
      "folds": 0,
      "note": "insufficient training data"
    }
  },
  "calibration": {
    "1": {
      "rows": 9062,
      "brier": 0.21373418103323252,
      "ece": 8.653785405473177e-17,
      "method": "isotonic"
    },
    "2": {
      "rows": 9062,
      "brier": 0.21274165044175944,
      "ece": 1.9222466625875862e-17,
      "method": "isotonic"
    },
    "4": {
      "rows": 9062,
      "brier": 0.1689769608074476,
      "ece": 3.9804840068496285e-17,
      "method": "isotonic"
    },
    "8": {
      "rows": 9062,
      "brier": 0.111532791344885,
      "ece": 2.0067814106554915e-17,
      "method": "isotonic"
    }
  },
  "ranking": {
    "1": {
      "rows_test": 10850,
      "overall": [
        {
          "k": 10,
          "precision": 0.9,
          "recall": 0.0021849963583394027,
          "total_positives": 4119
        },
        {
          "k": 25,
          "precision": 0.96,
          "recall": 0.005826656955571741,
          "total_positives": 4119
        },
        {
          "k": 50,
          "precision": 0.92,
          "recall": 0.011167759164845836,
          "total_positives": 4119
        },
        {
          "k": 100,
          "precision": 0.84,
          "recall": 0.02039329934450109,
          "total_positives": 4119
        }
      ],
      "priority_1": [
        {
          "k": 10,
          "precision": 0.7,
          "recall": 0.0024937655860349127,
          "total_positives": 2807
        },
        {
          "k": 25,
          "precision": 0.64,
          "recall": 0.0057000356252226575,
          "total_positives": 2807
        },
        {
          "k": 50,
          "precision": 0.68,
          "recall": 0.012112575703598147,
          "total_positives": 2807
        },
        {
          "k": 100,
          "precision": 0.76,
          "recall": 0.027075169219807623,
          "total_positives": 2807
        }
      ],
      "other": [
        {
          "k": 10,
          "precision": 0.9,
          "recall": 0.006859756097560976,
          "total_positives": 1312
        },
        {
          "k": 25,
          "precision": 0.92,
          "recall": 0.01753048780487805,
          "total_positives": 1312
        },
        {
          "k": 50,
          "precision": 0.94,
          "recall": 0.035823170731707314,
          "total_positives": 1312
        },
        {
          "k": 100,
          "precision": 0.9,
          "recall": 0.06859756097560976,
          "total_positives": 1312
        }
      ]
    },
    "2": {
      "rows_test": 10850,
      "overall": [
        {
          "k": 10,
          "precision": 1.0,
          "recall": 0.001856665428889714,
          "total_positives": 5386
        },
        {
          "k": 25,
          "precision": 1.0,
          "recall": 0.004641663572224285,
          "total_positives": 5386
        },
        {
          "k": 50,
          "precision": 1.0,
          "recall": 0.00928332714444857,
          "total_positives": 5386
        },
        {
          "k": 100,
          "precision": 0.95,
          "recall": 0.017638321574452283,
          "total_positives": 5386
        }
      ],
      "priority_1": [
        {
          "k": 10,
          "precision": 1.0,
          "recall": 0.0026371308016877636,
          "total_positives": 3792
        },
        {
          "k": 25,
          "precision": 0.96,
          "recall": 0.006329113924050633,
          "total_positives": 3792
        },
        {
          "k": 50,
          "precision": 0.92,
          "recall": 0.012130801687763712,
          "total_positives": 3792
        },
        {
          "k": 100,
          "precision": 0.94,
          "recall": 0.024789029535864978,
          "total_positives": 3792
        }
      ],
      "other": [
        {
          "k": 10,
          "precision": 1.0,
          "recall": 0.006273525721455458,
          "total_positives": 1594
        },
        {
          "k": 25,
          "precision": 1.0,
          "recall": 0.015683814303638646,
          "total_positives": 1594
        },
        {
          "k": 50,
          "precision": 1.0,
          "recall": 0.03136762860727729,
          "total_positives": 1594
        },
        {
          "k": 100,
          "precision": 0.93,
          "recall": 0.05834378920953576,
          "total_positives": 1594
        }
      ]
    },
    "4": {
      "rows_test": 10850,
      "overall": [
        {
          "k": 10,
          "precision": 0.8,
          "recall": 0.001261431725007884,
          "total_positives": 6342
        },
        {
          "k": 25,
          "precision": 0.88,
          "recall": 0.003468937243771681,
          "total_positives": 6342
        },
        {
          "k": 50,
          "precision": 0.92,
          "recall": 0.007253232418795333,
          "total_positives": 6342
        },
        {
          "k": 100,
          "precision": 0.96,
          "recall": 0.015137180700094607,
          "total_positives": 6342
        }
      ],
      "priority_1": [
        {
          "k": 10,
          "precision": 0.7,
          "recall": 0.001544231193470108,
          "total_positives": 4533
        },
        {
          "k": 25,
          "precision": 0.88,
          "recall": 0.004853298036620339,
          "total_positives": 4533
        },
        {
          "k": 50,
          "precision": 0.94,
          "recall": 0.010368409441870726,
          "total_positives": 4533
        },
        {
          "k": 100,
          "precision": 0.97,
          "recall": 0.0213986322523715,
          "total_positives": 4533
        }
      ],
      "other": [
        {
          "k": 10,
          "precision": 1.0,
          "recall": 0.00552791597567717,
          "total_positives": 1809
        },
        {
          "k": 25,
          "precision": 1.0,
          "recall": 0.013819789939192924,