{
  "within_event_time": {
    "1": {
      "rows_train": 55670,
      "rows_test": 17830,
      "auc": 0.6621111803254904,
      "brier": 0.20180287925022314,
      "pr_auc": 0.461857952220251,
      "event_count": 1,
      "train_ratio": 0.7958225499851133,
      "pos_rate_train": 0.35493084246452306,
      "class_strategy": "none"
    },
    "2": {
      "rows_train": 55670,
      "rows_test": 17830,
      "auc": 0.6741747782527362,
      "brier": 0.22501022029064152,
      "pr_auc": 0.5724871531562377,
      "event_count": 1,
      "train_ratio": 0.7958225499851133,
      "pos_rate_train": 0.4760732890246093,
      "class_strategy": "none"
    },
    "4": {
      "rows_train": 55670,
      "rows_test": 17830,
      "auc": 0.7010910286915687,
      "brier": 0.22483299422506195,
      "pr_auc": 0.7098278205312473,
      "event_count": 1,
      "train_ratio": 0.7958225499851133,
      "pos_rate_train": 0.5889168313274654,
      "class_strategy": "none"
    },
    "8": {
      "rows_train": 55670,
      "rows_test": 17830,
      "auc": 0.7348678488648979,
      "brier": 0.2185152575312735,
      "pr_auc": 0.8087776918363966,
      "event_count": 1,
      "train_ratio": 0.7958225499851133,
      "pos_rate_train": 0.6911981318483923,
      "class_strategy": "none"
    }
  },
  "groupkfold_event": {
    "1": {
      "rows_train": 87326,
      "rows_test": 0,
      "auc": null,
      "brier": null,
      "pr_auc": null,
      "event_count": 1,
      "folds": 0,
      "note": "insufficient training data"
    },
    "2": {
      "rows_train": 87326,
      "rows_test": 0,
      "auc": null,
      "brier": null,
      "pr_auc": null,
      "event_count": 1,
      "folds": 0,
      "note": "insufficient training data"
    },
    "4": {
      "rows_train": 87326,
      "rows_test": 0,
      "auc": null,
      "brier": null,
      "pr_auc": null,
      "event_count": 1,
      "folds": 0,
      "note": "insufficient training data"
    },
    "8": {
      "rows_train": 87326,
      "rows_test": 0,
      "auc": null,
      "brier": null,
      "pr_auc": null,
      "event_count": 1,
      "folds": 0,
      "note": "insufficient training data"
    }
  },
  "calibration": {
    "1": {
      "rows": 13826,
      "brier": 0.2083961278438893,
      "ece": 5.630109908347466e-17,
      "method": "isotonic"
    },
    "2": {
      "rows": 13826,
      "brier": 0.2229958787059694,
      "ece": 2.2150659723915047e-17,
      "method": "isotonic"
    },
    "4": {
      "rows": 13826,
      "brier": 0.20858477316576146,
      "ece": 4.140651689917272e-17,
      "method": "isotonic"
    },
    "8": {
      "rows": 13826,
      "brier": 0.16849309407161128,
      "ece": 3.367767514304865e-17,
      "method": "isotonic"
    }
  },
  "ranking": {
    "1": {
      "rows_test": 17830,
      "overall": [
        {
          "k": 10,
          "precision": 0.9,
          "recall": 0.0016028495102404273,
          "total_positives": 5615
        },
        {
          "k": 25,
          "precision": 0.92,
          "recall": 0.004096170970614425,
          "total_positives": 5615
        },
        {
          "k": 50,
          "precision": 0.92,
          "recall": 0.00819234194122885,
          "total_positives": 5615
        },
        {
          "k": 100,
          "precision": 0.83,
          "recall": 0.014781834372217275,
          "total_positives": 5615
        }
      ],
      "priority_1": [
        {
          "k": 10,
          "precision": 0.7,
          "recall": 0.0019504040122596824,
          "total_positives": 3589
        },
        {
          "k": 25,
          "precision": 0.56,
          "recall": 0.003900808024519365,
          "total_positives": 3589
        },
        {
          "k": 50,
          "precision": 0.5,
          "recall": 0.006965728615213151,
          "total_positives": 3589
        },
        {
          "k": 100,
          "precision": 0.52,
          "recall": 0.014488715519643355,
          "total_positives": 3589
        }
      ],
      "other": [
        {
          "k": 10,
          "precision": 1.0,
          "recall": 0.004935834155972359,
          "total_positives": 2026
        },
        {
          "k": 25,
          "precision": 1.0,
          "recall": 0.012339585389930898,
          "total_positives": 2026
        },
        {
          "k": 50,
          "precision": 0.98,
          "recall": 0.02418558736426456,
          "total_positives": 2026
        },
        {
          "k": 100,
          "precision": 0.88,
          "recall": 0.04343534057255676,
          "total_positives": 2026
        }
      ]
    },
    "2": {
      "rows_test": 17830,
      "overall": [
        {
          "k": 10,
          "precision": 0.9,
          "recall": 0.0012279983626688497,
          "total_positives": 7329
        },
        {
          "k": 25,
          "precision": 0.96,
          "recall": 0.003274662300450266,
          "total_positives": 7329
        },
        {
          "k": 50,
          "precision": 0.98,
          "recall": 0.0066857688634192934,
          "total_positives": 7329
        },
        {
          "k": 100,
          "precision": 0.93,
          "recall": 0.012689316414244782,
          "total_positives": 7329
        }
      ],
      "priority_1": [
        {
          "k": 10,
          "precision": 0.8,
          "recall": 0.0016580310880829016,
          "total_positives": 4825
        },
        {
          "k": 25,
          "precision": 0.8,
          "recall": 0.004145077720207254,
          "total_positives": 4825
        },
        {
          "k": 50,
          "precision": 0.76,
          "recall": 0.007875647668393783,
          "total_positives": 4825
        },
        {
          "k": 100,
          "precision": 0.68,
          "recall": 0.014093264248704664,
          "total_positives": 4825
        }
      ],
      "other": [
        {
          "k": 10,
          "precision": 1.0,
          "recall": 0.003993610223642172,
          "total_positives": 2504
        },
        {
          "k": 25,
          "precision": 1.0,
          "recall": 0.009984025559105431,
          "total_positives": 2504
        },
        {
          "k": 50,
          "precision": 0.98,
          "recall": 0.019568690095846646,
          "total_positives": 2504
        },
        {
          "k": 100,
          "precision": 0.93,
          "recall": 0.0371405750798722,
          "total_positives": 2504
        }
      ]
    },
    "4": {
      "rows_test": 17830,
      "overall": [
        {
          "k": 10,
          "precision": 1.0,
          "recall": 0.001095290251916758,
          "total_positives": 9130
        },
        {
          "k": 25,
          "precision": 0.88,
          "recall": 0.0024096385542168677,
          "total_positives": 9130
        },
        {
          "k": 50,
          "precision": 0.94,
          "recall": 0.0051478641840087625,
          "total_positives": 9130
        },
        {
          "k": 100,
          "precision": 0.97,
          "recall": 0.010624315443592552,
          "total_positives": 9130
        }
      ],
      "priority_1": [
        {
          "k": 10,
          "precision": 1.0,
          "recall": 0.0016136840406648378,
          "total_positives": 6197
        },
        {
          "k": 25,
          "precision": 0.96,
          "recall": 0.0038728416975956107,
          "total_positives": 6197
        },
        {
          "k": 50,
          "precision": 0.94,
          "recall": 0.007584314991124738,
          "total_positives": 6197
        },
        {
          "k": 100,
          "precision": 0.96,
          "recall": 0.015491366790382443,
          "total_positives": 6197
        }
      ],
      "other": [
        {
          "k": 10,
          "precision": 1.0,
          "recall": 0.0034094783498124785,
          "total_positives": 2933
        },
        {
          "k": 25,
          "precision": 1.0,