{
  "within_event_time": {
    "1": {
      "rows_train": 19914,
      "rows_test": 6192,
      "auc": 0.6667047077364344,
      "brier": 0.19413631862331052,
      "pr_auc": 0.44745083580259426,
      "event_count": 1,
      "train_ratio": 0.8014302664913575,
      "pos_rate_train": 0.31279501857989356,
      "class_strategy": "none"
    },
    "2": {
      "rows_train": 19914,
      "rows_test": 6192,
      "auc": 0.6401933491035267,
      "brier": 0.22459770716242067,
      "pr_auc": 0.5120534024008192,
      "event_count": 1,
      "train_ratio": 0.8014302664913575,
      "pos_rate_train": 0.43165612132168324,
      "class_strategy": "none"
    },
    "4": {
      "rows_train": 19914,
      "rows_test": 6192,
      "auc": 0.675499496219251,
      "brier": 0.2250765414083713,
      "pr_auc": 0.619292947047405,
      "event_count": 1,
      "train_ratio": 0.8014302664913575,
      "pos_rate_train": 0.5458973586421613,
      "class_strategy": "none"
    },
    "8": {
      "rows_train": 19914,
      "rows_test": 6192,
      "auc": 0.6497997154221472,
      "brier": 0.23483663059553275,
      "pr_auc": 0.6516855110649646,
      "event_count": 1,
      "train_ratio": 0.8014302664913575,
      "pos_rate_train": 0.6401526564226172,
      "class_strategy": "none"
    }
  },
  "groupkfold_event": {
    "1": {
      "rows_train": 31183,
      "rows_test": 0,
      "auc": null,
      "brier": null,
      "pr_auc": null,
      "event_count": 1,
      "folds": 0,
      "note": "insufficient training data"
    },
    "2": {
      "rows_train": 31183,
      "rows_test": 0,
      "auc": null,
      "brier": null,
      "pr_auc": null,
      "event_count": 1,
      "folds": 0,
      "note": "insufficient training data"
    },
    "4": {
      "rows_train": 31183,
      "rows_test": 0,
      "auc": null,
      "brier": null,
      "pr_auc": null,
      "event_count": 1,
      "folds": 0,
      "note": "insufficient training data"
    },
    "8": {
      "rows_train": 31183,
      "rows_test": 0,
      "auc": null,
      "brier": null,
      "pr_auc": null,
      "event_count": 1,
      "folds": 0,
      "note": "insufficient training data"
    }
  },
  "calibration": {
    "1": {
      "rows": 5077,
      "brier": 0.19916437674501802,
      "ece": 3.3063959291574487e-17,
      "method": "isotonic"
    },
    "2": {
      "rows": 5077,
      "brier": 0.2219691568261244,
      "ece": 2.2272250356130036e-17,
      "method": "isotonic"
    },
    "4": {
      "rows": 5077,
      "brier": 0.220419740619326,
      "ece": 1.9571589660025904e-17,
      "method": "isotonic"
    },
    "8": {
      "rows": 5077,
      "brier": 0.21214713250841927,
      "ece": 2.2392522694822932e-17,
      "method": "isotonic"
    }
  },
  "ranking": {
    "1": {
      "rows_test": 6192,
      "overall": [
        {
          "k": 10,
          "precision": 1.0,
          "recall": 0.005500550055005501,
          "total_positives": 1818
        },
        {
          "k": 25,
          "precision": 1.0,
          "recall": 0.013751375137513752,
          "total_positives": 1818
        },
        {
          "k": 50,
          "precision": 0.84,
          "recall": 0.0231023102310231,
          "total_positives": 1818
        },
        {
          "k": 100,
          "precision": 0.72,
          "recall": 0.039603960396039604,
          "total_positives": 1818
        }
      ],
      "priority_1": [
        {
          "k": 10,
          "precision": 0.9,
          "recall": 0.0067618332081141996,
          "total_positives": 1331
        },
        {
          "k": 25,
          "precision": 0.6,
          "recall": 0.011269722013523666,
          "total_positives": 1331
        },
        {
          "k": 50,
          "precision": 0.62,
          "recall": 0.02329075882794891,
          "total_positives": 1331
        },
        {
          "k": 100,
          "precision": 0.6,
          "recall": 0.045078888054094664,
          "total_positives": 1331
        }
      ],
      "other": [
        {
          "k": 10,
          "precision": 1.0,
          "recall": 0.02053388090349076,
          "total_positives": 487
        },
        {
          "k": 25,
          "precision": 1.0,
          "recall": 0.0513347022587269,
          "total_positives": 487
        },
        {
          "k": 50,
          "precision": 0.7,
          "recall": 0.07186858316221766,
          "total_positives": 487
        },
        {
          "k": 100,
          "precision": 0.55,
          "recall": 0.11293634496919917,
          "total_positives": 487
        }
      ]
    },
    "2": {
      "rows_test": 6192,
      "overall": [
        {
          "k": 10,
          "precision": 0.7,
          "recall": 0.002932551319648094,
          "total_positives": 2387
        },
        {
          "k": 25,
          "precision": 0.84,
          "recall": 0.008797653958944282,
          "total_positives": 2387
        },
        {
          "k": 50,
          "precision": 0.8,
          "recall": 0.016757436112274822,
          "total_positives": 2387
        },
        {
          "k": 100,
          "precision": 0.73,
          "recall": 0.03058232090490155,
          "total_positives": 2387
        }
      ],
      "priority_1": [
        {
          "k": 10,
          "precision": 0.7,
          "recall": 0.003880266075388027,
          "total_positives": 1804
        },
        {
          "k": 25,
          "precision": 0.68,
          "recall": 0.009423503325942351,
          "total_positives": 1804
        },
        {
          "k": 50,
          "precision": 0.66,
          "recall": 0.018292682926829267,
          "total_positives": 1804
        },
        {
          "k": 100,
          "precision": 0.68,
          "recall": 0.037694013303769404,
          "total_positives": 1804
        }
      ],
      "other": [
        {
          "k": 10,
          "precision": 0.7,
          "recall": 0.012006861063464836,
          "total_positives": 583
        },
        {
          "k": 25,
          "precision": 0.84,
          "recall": 0.036020583190394515,
          "total_positives": 583
        },
        {
          "k": 50,
          "precision": 0.8,
          "recall": 0.0686106346483705,
          "total_positives": 583
        },
        {
          "k": 100,
          "precision": 0.64,
          "recall": 0.1097770154373928,
          "total_positives": 583
        }
      ]
    },
    "4": {
      "rows_test": 6192,
      "overall": [
        {
          "k": 10,
          "precision": 1.0,
          "recall": 0.0035549235691432635,
          "total_positives": 2813
        },
        {
          "k": 25,
          "precision": 0.84,
          "recall": 0.007465339495200853,
          "total_positives": 2813
        },
        {
          "k": 50,
          "precision": 0.88,
          "recall": 0.015641663704230358,
          "total_positives": 2813
        },
        {
          "k": 100,
          "precision": 0.84,
          "recall": 0.029861357980803412,
          "total_positives": 2813
        }
      ],
      "priority_1": [
        {
          "k": 10,
          "precision": 1.0,
          "recall": 0.004631773969430292,
          "total_positives": 2159
        },
        {
          "k": 25,
          "precision": 1.0,
          "recall": 0.01157943492357573,
          "total_positives": 2159
        },
        {
          "k": 50,
          "precision": 0.9,
          "recall": 0.020842982862436313,
          "total_positives": 2159
        },
        {
          "k": 100,
          "precision": 0.85,
          "recall": 0.03937007874015748,
          "total_positives": 2159
        }
      ],
      "other": [
        {
          "k": 10,
          "precision": 1.0,
          "recall": 0.01529051987767584,
          "total_positives": 654
        },
        {
          "k": 25,
          "precision": 0.88,
          "recall": 0.03363914373088685,