{
  "within_event_time": {
    "1": {
      "rows_train": 28665,
      "rows_test": 8688,
      "auc": 0.6464207155352826,
      "brier": 0.23923481658632495,
      "pr_auc": 0.5360236912398985,
      "event_count": 1,
      "train_ratio": 0.8046586923284468,
      "pos_rate_train": 0.3071341357055643,
      "class_strategy": "none"
    },
    "2": {
      "rows_train": 28665,
      "rows_test": 8688,
      "auc": 0.6364076048575086,
      "brier": 0.2456670362022606,
      "pr_auc": 0.6489098235618873,
      "event_count": 1,
      "train_ratio": 0.8046586923284468,
      "pos_rate_train": 0.42005930577359146,
      "class_strategy": "none"
    },
    "4": {
      "rows_train": 28665,
      "rows_test": 8688,
      "auc": 0.6819256586765867,
      "brier": 0.2763381967650741,
      "pr_auc": 0.7481421370655538,
      "event_count": 1,
      "train_ratio": 0.8046586923284468,
      "pos_rate_train": 0.5247514390371534,
      "class_strategy": "none"
    },
    "8": {
      "rows_train": 28665,
      "rows_test": 8688,
      "auc": 0.6658367374100694,
      "brier": 0.25957057176543685,
      "pr_auc": 0.7815201643804572,
      "event_count": 1,
      "train_ratio": 0.8046586923284468,
      "pos_rate_train": 0.6111285539856969,
      "class_strategy": "none"
    }
  },
  "groupkfold_event": {
    "1": {
      "rows_train": 44476,
      "rows_test": 0,
      "auc": null,
      "brier": null,
      "pr_auc": null,
      "event_count": 1,
      "folds": 0,
      "note": "insufficient training data"
    },
    "2": {
      "rows_train": 44476,
      "rows_test": 0,
      "auc": null,
      "brier": null,
      "pr_auc": null,
      "event_count": 1,
      "folds": 0,
      "note": "insufficient training data"
    },
    "4": {
      "rows_train": 44476,
      "rows_test": 0,
      "auc": null,
      "brier": null,
      "pr_auc": null,
      "event_count": 1,
      "folds": 0,
      "note": "insufficient training data"
    },
    "8": {
      "rows_train": 44476,
      "rows_test": 0,
      "auc": null,
      "brier": null,
      "pr_auc": null,
      "event_count": 1,
      "folds": 0,
      "note": "insufficient training data"
    }
  },
  "calibration": {
    "1": {
      "rows": 7123,
      "brier": 0.2186266786921356,
      "ece": 9.460002625416694e-18,
      "method": "isotonic"
    },
    "2": {
      "rows": 7123,
      "brier": 0.21269296124181955,
      "ece": 1.684895535055165e-17,
      "method": "isotonic"
    },
    "4": {
      "rows": 7123,
      "brier": 0.1614648165504427,
      "ece": 4.6003415094498804e-17,
      "method": "isotonic"
    },
    "8": {
      "rows": 7123,
      "brier": 0.10220174296882659,
      "ece": 3.900120122656602e-17,
      "method": "isotonic"
    }
  },
  "ranking": {
    "1": {
      "rows_test": 8688,
      "overall": [
        {
          "k": 10,
          "precision": 0.9,
          "recall": 0.0025575447570332483,
          "total_positives": 3519
        },
        {
          "k": 25,
          "precision": 0.96,
          "recall": 0.0068201193520886615,
          "total_positives": 3519
        },
        {
          "k": 50,
          "precision": 0.88,
          "recall": 0.01250355214549588,
          "total_positives": 3519
        },
        {
          "k": 100,
          "precision": 0.87,
          "recall": 0.0247229326513214,
          "total_positives": 3519
        }
      ],
      "priority_1": [
        {
          "k": 10,
          "precision": 0.7,
          "recall": 0.0027799841143764893,
          "total_positives": 2518
        },
        {
          "k": 25,
          "precision": 0.8,
          "recall": 0.007942811755361398,
          "total_positives": 2518
        },
        {
          "k": 50,
          "precision": 0.82,
          "recall": 0.016282764098490866,
          "total_positives": 2518
        },
        {
          "k": 100,
          "precision": 0.83,
          "recall": 0.0329626687847498,
          "total_positives": 2518
        }
      ],
      "other": [
        {
          "k": 10,
          "precision": 1.0,
          "recall": 0.00999000999000999,
          "total_positives": 1001
        },
        {
          "k": 25,
          "precision": 1.0,
          "recall": 0.024975024975024976,
          "total_positives": 1001
        },
        {
          "k": 50,
          "precision": 0.92,
          "recall": 0.04595404595404595,
          "total_positives": 1001
        },
        {
          "k": 100,
          "precision": 0.78,
          "recall": 0.07792207792207792,
          "total_positives": 1001
        }
      ]
    },
    "2": {
      "rows_test": 8688,
      "overall": [
        {
          "k": 10,
          "precision": 1.0,
          "recall": 0.0022036139268400176,
          "total_positives": 4538
        },
        {
          "k": 25,
          "precision": 1.0,
          "recall": 0.005509034817100044,
          "total_positives": 4538
        },
        {
          "k": 50,
          "precision": 0.96,
          "recall": 0.010577346848832084,
          "total_positives": 4538
        },
        {
          "k": 100,
          "precision": 0.96,
          "recall": 0.021154693697664168,
          "total_positives": 4538
        }
      ],
      "priority_1": [
        {
          "k": 10,
          "precision": 1.0,
          "recall": 0.0030404378230465185,
          "total_positives": 3289
        },
        {
          "k": 25,
          "precision": 0.96,
          "recall": 0.007297050775311645,
          "total_positives": 3289
        },
        {
          "k": 50,
          "precision": 0.92,
          "recall": 0.013986013986013986,
          "total_positives": 3289
        },
        {
          "k": 100,
          "precision": 0.95,
          "recall": 0.028884159318941928,
          "total_positives": 3289
        }
      ],
      "other": [
        {
          "k": 10,
          "precision": 1.0,
          "recall": 0.008006405124099279,
          "total_positives": 1249
        },
        {
          "k": 25,
          "precision": 1.0,
          "recall": 0.020016012810248198,
          "total_positives": 1249
        },
        {
          "k": 50,
          "precision": 0.94,
          "recall": 0.03763010408326661,
          "total_positives": 1249
        },
        {
          "k": 100,
          "precision": 0.73,
          "recall": 0.05844675740592474,
          "total_positives": 1249
        }
      ]
    },
    "4": {
      "rows_test": 8688,
      "overall": [
        {
          "k": 10,
          "precision": 0.8,
          "recall": 0.0014817558807186516,
          "total_positives": 5399
        },
        {
          "k": 25,
          "precision": 0.76,
          "recall": 0.0035191702167067978,
          "total_positives": 5399
        },
        {
          "k": 50,
          "precision": 0.84,
          "recall": 0.007779218373772921,
          "total_positives": 5399
        },
        {
          "k": 100,
          "precision": 0.86,
          "recall": 0.015928875717725506,
          "total_positives": 5399
        }
      ],
      "priority_1": [
        {
          "k": 10,
          "precision": 0.9,
          "recall": 0.0023106546854942235,
          "total_positives": 3895
        },
        {
          "k": 25,
          "precision": 0.92,
          "recall": 0.005905006418485238,
          "total_positives": 3895
        },
        {
          "k": 50,
          "precision": 0.84,
          "recall": 0.010783055198973043,
          "total_positives": 3895
        },
        {
          "k": 100,
          "precision": 0.84,
          "recall": 0.021566110397946085,
          "total_positives": 3895
        }
      ],
      "other": [
        {
          "k": 10,
          "precision": 0.6,
          "recall": 0.003989361702127659,
          "total_positives": 1504
        },
        {
          "k": 25,
          "precision": 0.8,
          "recall": 0.013297872340425532,