{
  "within_event_time": {
    "1": {
      "rows_train": 36185,
      "rows_test": 11504,
      "auc": 0.6924049053908339,
      "brier": 0.21312822899790365,
      "pr_auc": 0.5721210636726017,
      "event_count": 1,
      "train_ratio": 0.799354669922386,
      "pos_rate_train": 0.3282299295288103,
      "class_strategy": "none"
    },
    "2": {
      "rows_train": 36185,
      "rows_test": 11504,
      "auc": 0.6805696277406068,
      "brier": 0.23065356228533276,
      "pr_auc": 0.6683309814493301,
      "event_count": 1,
      "train_ratio": 0.799354669922386,
      "pos_rate_train": 0.4473124222744231,
      "class_strategy": "none"
    },
    "4": {
      "rows_train": 36185,
      "rows_test": 11504,
      "auc": 0.7140737357470524,
      "brier": 0.211878557531975,
      "pr_auc": 0.7721089111459297,
      "event_count": 1,
      "train_ratio": 0.799354669922386,
      "pos_rate_train": 0.5593754318087605,
      "class_strategy": "none"
    },
    "8": {
      "rows_train": 36185,
      "rows_test": 11504,
      "auc": 0.7274730396797929,
      "brier": 0.1988492713212287,
      "pr_auc": 0.8397123908694989,
      "event_count": 1,
      "train_ratio": 0.799354669922386,
      "pos_rate_train": 0.6608815807655106,
      "class_strategy": "none"
    }
  },
  "groupkfold_event": {
    "1": {
      "rows_train": 57335,
      "rows_test": 0,
      "auc": null,
      "brier": null,
      "pr_auc": null,
      "event_count": 1,
      "folds": 0,
      "note": "insufficient training data"
    },
    "2": {
      "rows_train": 57335,
      "rows_test": 0,
      "auc": null,
      "brier": null,
      "pr_auc": null,
      "event_count": 1,
      "folds": 0,
      "note": "insufficient training data"
    },
    "4": {
      "rows_train": 57335,
      "rows_test": 0,
      "auc": null,
      "brier": null,
      "pr_auc": null,
      "event_count": 1,
      "folds": 0,
      "note": "insufficient training data"
    },
    "8": {
      "rows_train": 57335,
      "rows_test": 0,
      "auc": null,
      "brier": null,
      "pr_auc": null,
      "event_count": 1,
      "folds": 0,
      "note": "insufficient training data"
    }
  },
  "calibration": {
    "1": {
      "rows": 9646,
      "brier": 0.2216004542171659,
      "ece": 1.2588704470078426e-20,
      "method": "isotonic"
    },
    "2": {
      "rows": 9646,
      "brier": 0.2177741721187564,
      "ece": 5.145111420102225e-17,
      "method": "isotonic"
    },
    "4": {
      "rows": 9646,
      "brier": 0.18156769622637248,
      "ece": 3.755030704789108e-17,
      "method": "isotonic"
    },
    "8": {
      "rows": 9646,
      "brier": 0.13855627356820355,
      "ece": 8.204094670877167e-17,
      "method": "isotonic"
    }
  },
  "ranking": {
    "1": {
      "rows_test": 11504,
      "overall": [
        {
          "k": 10,
          "precision": 0.9,
          "recall": 0.002053856686444546,
          "total_positives": 4382
        },
        {
          "k": 25,
          "precision": 0.92,
          "recall": 0.005248744865358284,
          "total_positives": 4382
        },
        {
          "k": 50,
          "precision": 0.96,
          "recall": 0.010953902327704245,
          "total_positives": 4382
        },
        {
          "k": 100,
          "precision": 0.91,
          "recall": 0.020766773162939296,
          "total_positives": 4382
        }
      ],
      "priority_1": [
        {
          "k": 10,
          "precision": 0.9,
          "recall": 0.0029920212765957447,
          "total_positives": 3008
        },
        {
          "k": 25,
          "precision": 0.8,
          "recall": 0.006648936170212766,
          "total_positives": 3008
        },
        {
          "k": 50,
          "precision": 0.8,
          "recall": 0.013297872340425532,
          "total_positives": 3008
        },
        {
          "k": 100,
          "precision": 0.84,
          "recall": 0.027925531914893616,
          "total_positives": 3008
        }
      ],
      "other": [
        {
          "k": 10,
          "precision": 0.9,
          "recall": 0.006550218340611353,
          "total_positives": 1374
        },
        {
          "k": 25,
          "precision": 0.96,
          "recall": 0.017467248908296942,
          "total_positives": 1374
        },
        {
          "k": 50,
          "precision": 0.98,
          "recall": 0.03566229985443959,
          "total_positives": 1374
        },
        {
          "k": 100,
          "precision": 0.92,
          "recall": 0.06695778748180495,
          "total_positives": 1374
        }
      ]
    },
    "2": {
      "rows_test": 11504,
      "overall": [
        {
          "k": 10,
          "precision": 1.0,
          "recall": 0.00176772140710624,
          "total_positives": 5657
        },
        {
          "k": 25,
          "precision": 1.0,
          "recall": 0.0044193035177656,
          "total_positives": 5657
        },
        {
          "k": 50,
          "precision": 1.0,
          "recall": 0.0088386070355312,
          "total_positives": 5657
        },
        {
          "k": 100,
          "precision": 0.98,
          "recall": 0.01732366978964115,
          "total_positives": 5657
        }
      ],
      "priority_1": [
        {
          "k": 10,
          "precision": 1.0,
          "recall": 0.00253613999492772,
          "total_positives": 3943
        },
        {
          "k": 25,
          "precision": 0.92,
          "recall": 0.005833121988333756,
          "total_positives": 3943
        },
        {
          "k": 50,
          "precision": 0.92,
          "recall": 0.011666243976667512,
          "total_positives": 3943
        },
        {
          "k": 100,
          "precision": 0.87,
          "recall": 0.022064417955871163,
          "total_positives": 3943
        }
      ],
      "other": [
        {
          "k": 10,
          "precision": 1.0,
          "recall": 0.005834305717619603,
          "total_positives": 1714
        },
        {
          "k": 25,
          "precision": 1.0,
          "recall": 0.014585764294049008,
          "total_positives": 1714
        },
        {
          "k": 50,
          "precision": 1.0,
          "recall": 0.029171528588098017,
          "total_positives": 1714
        },
        {
          "k": 100,
          "precision": 0.99,
          "recall": 0.057759626604434074,
          "total_positives": 1714
        }
      ]
    },
    "4": {
      "rows_test": 11504,
      "overall": [
        {
          "k": 10,
          "precision": 1.0,
          "recall": 0.00148720999405116,
          "total_positives": 6724
        },
        {
          "k": 25,
          "precision": 1.0,
          "recall": 0.0037180249851279,
          "total_positives": 6724
        },
        {
          "k": 50,
          "precision": 1.0,
          "recall": 0.0074360499702558,
          "total_positives": 6724
        },
        {
          "k": 100,
          "precision": 0.99,
          "recall": 0.014723378941106485,
          "total_positives": 6724
        }
      ],
      "priority_1": [
        {
          "k": 10,
          "precision": 1.0,
          "recall": 0.0021043771043771043,
          "total_positives": 4752
        },
        {
          "k": 25,
          "precision": 1.0,
          "recall": 0.005260942760942761,
          "total_positives": 4752
        },
        {
          "k": 50,
          "precision": 0.98,
          "recall": 0.010311447811447811,
          "total_positives": 4752
        },
        {
          "k": 100,
          "precision": 0.98,
          "recall": 0.020622895622895623,
          "total_positives": 4752
        }
      ],
      "other": [
        {
          "k": 10,
          "precision": 1.0,
          "recall": 0.005070993914807302,
          "total_positives": 1972
        },
        {
          "k": 25,
          "precision": 1.0,
          "recall": 0.012677484787018255,