{
  "within_event_time": {
    "1": {
      "rows_train": 47279,
      "rows_test": 14836,
      "auc": 0.6264644812521006,
      "brier": 0.21634430286881384,
      "pr_auc": 0.45393029474960656,
      "event_count": 1,
      "train_ratio": 0.8001777873555478,
      "pos_rate_train": 0.34611561158230925,
      "class_strategy": "none"
    },
    "2": {
      "rows_train": 47279,
      "rows_test": 14836,
      "auc": 0.664927654959665,
      "brier": 0.24158492895511072,
      "pr_auc": 0.6077879401650569,
      "event_count": 1,
      "train_ratio": 0.8001777873555478,
      "pos_rate_train": 0.46832631823854143,
      "class_strategy": "none"
    },
    "4": {
      "rows_train": 47279,
      "rows_test": 14836,
      "auc": 0.7162957293946975,
      "brier": 0.2145681968222754,
      "pr_auc": 0.7666355829817529,
      "event_count": 1,
      "train_ratio": 0.8001777873555478,
      "pos_rate_train": 0.5827534423316906,
      "class_strategy": "none"
    },
    "8": {
      "rows_train": 47279,
      "rows_test": 14836,
      "auc": 0.7150234638012575,
      "brier": 0.19730605914913463,
      "pr_auc": 0.8291884448390268,
      "event_count": 1,
      "train_ratio": 0.8001777873555478,
      "pos_rate_train": 0.6851667759470378,
      "class_strategy": "none"
    }
  },
  "groupkfold_event": {
    "1": {
      "rows_train": 74246,
      "rows_test": 0,
      "auc": null,
      "brier": null,
      "pr_auc": null,
      "event_count": 1,
      "folds": 0,
      "note": "insufficient training data"
    },
    "2": {
      "rows_train": 74246,
      "rows_test": 0,
      "auc": null,
      "brier": null,
      "pr_auc": null,
      "event_count": 1,
      "folds": 0,
      "note": "insufficient training data"
    },
    "4": {
      "rows_train": 74246,
      "rows_test": 0,
      "auc": null,
      "brier": null,
      "pr_auc": null,
      "event_count": 1,
      "folds": 0,
      "note": "insufficient training data"
    },
    "8": {
      "rows_train": 74246,
      "rows_test": 0,
      "auc": null,
      "brier": null,
      "pr_auc": null,
      "event_count": 1,
      "folds": 0,
      "note": "insufficient training data"
    }
  },
  "calibration": {
    "1": {
      "rows": 12131,
      "brier": 0.2201305724616397,
      "ece": 3.124475645923902e-17,
      "method": "isotonic"
    },
    "2": {
      "rows": 12131,
      "brier": 0.21819766888741632,
      "ece": 1.1577216438470226e-17,
      "method": "isotonic"
    },
    "4": {
      "rows": 12131,
      "brier": 0.20617451707727452,
      "ece": 2.6023569124735246e-17,
      "method": "isotonic"
    },
    "8": {
      "rows": 12131,
      "brier": 0.1711713707172978,
      "ece": 5.859993427314217e-17,
      "method": "isotonic"
    }
  },
  "ranking": {
    "1": {
      "rows_test": 14836,
      "overall": [
        {
          "k": 10,
          "precision": 0.9,
          "recall": 0.0018054162487462387,
          "total_positives": 4985
        },
        {
          "k": 25,
          "precision": 0.92,
          "recall": 0.004613841524573721,
          "total_positives": 4985
        },
        {
          "k": 50,
          "precision": 0.94,
          "recall": 0.009428284854563691,
          "total_positives": 4985
        },
        {
          "k": 100,
          "precision": 0.82,
          "recall": 0.016449348044132398,
          "total_positives": 4985
        }
      ],
      "priority_1": [
        {
          "k": 10,
          "precision": 0.9,
          "recall": 0.0027256208358570565,
          "total_positives": 3302
        },
        {
          "k": 25,
          "precision": 0.8,
          "recall": 0.0060569351907934586,
          "total_positives": 3302
        },
        {
          "k": 50,
          "precision": 0.68,
          "recall": 0.01029678982434888,
          "total_positives": 3302
        },
        {
          "k": 100,
          "precision": 0.6,
          "recall": 0.018170805572380374,
          "total_positives": 3302
        }
      ],
      "other": [
        {
          "k": 10,
          "precision": 1.0,
          "recall": 0.0059417706476530005,
          "total_positives": 1683
        },
        {
          "k": 25,
          "precision": 0.96,
          "recall": 0.0142602495543672,
          "total_positives": 1683
        },
        {
          "k": 50,
          "precision": 0.96,
          "recall": 0.0285204991087344,
          "total_positives": 1683
        },
        {
          "k": 100,
          "precision": 0.84,
          "recall": 0.049910873440285206,
          "total_positives": 1683
        }
      ]
    },
    "2": {
      "rows_test": 14836,
      "overall": [
        {
          "k": 10,
          "precision": 0.9,
          "recall": 0.0013778322106552357,
          "total_positives": 6532
        },
        {
          "k": 25,
          "precision": 0.96,
          "recall": 0.003674219228413962,
          "total_positives": 6532
        },
        {
          "k": 50,
          "precision": 0.98,
          "recall": 0.007501530924678506,
          "total_positives": 6532
        },
        {
          "k": 100,
          "precision": 0.98,
          "recall": 0.015003061849357012,
          "total_positives": 6532
        }
      ],
      "priority_1": [
        {
          "k": 10,
          "precision": 1.0,
          "recall": 0.0022670596236681025,
          "total_positives": 4411
        },
        {
          "k": 25,
          "precision": 0.96,
          "recall": 0.005440943096803446,
          "total_positives": 4411
        },
        {
          "k": 50,
          "precision": 0.94,
          "recall": 0.010655180231240081,
          "total_positives": 4411
        },
        {
          "k": 100,
          "precision": 0.92,
          "recall": 0.020856948537746542,
          "total_positives": 4411
        }
      ],
      "other": [
        {
          "k": 10,
          "precision": 0.9,
          "recall": 0.004243281471004243,
          "total_positives": 2121
        },
        {
          "k": 25,
          "precision": 0.96,
          "recall": 0.011315417256011316,
          "total_positives": 2121
        },
        {
          "k": 50,
          "precision": 0.98,
          "recall": 0.0231023102310231,
          "total_positives": 2121
        },
        {
          "k": 100,
          "precision": 0.95,
          "recall": 0.04479019330504479,
          "total_positives": 2121
        }
      ]
    },
    "4": {
      "rows_test": 14836,
      "overall": [
        {
          "k": 10,
          "precision": 0.8,
          "recall": 0.0009487666034155598,
          "total_positives": 8432
        },
        {
          "k": 25,
          "precision": 0.92,
          "recall": 0.002727703984819734,
          "total_positives": 8432
        },
        {
          "k": 50,
          "precision": 0.96,
          "recall": 0.0056925996204933585,
          "total_positives": 8432
        },
        {
          "k": 100,
          "precision": 0.97,
          "recall": 0.011503795066413662,
          "total_positives": 8432
        }
      ],
      "priority_1": [
        {
          "k": 10,
          "precision": 1.0,
          "recall": 0.0017196904557179708,
          "total_positives": 5815
        },
        {
          "k": 25,
          "precision": 0.92,
          "recall": 0.003955288048151333,
          "total_positives": 5815
        },
        {
          "k": 50,
          "precision": 0.96,
          "recall": 0.00825451418744626,
          "total_positives": 5815
        },
        {
          "k": 100,
          "precision": 0.97,
          "recall": 0.016680997420464316,
          "total_positives": 5815
        }
      ],
      "other": [
        {
          "k": 10,
          "precision": 1.0,
          "recall": 0.0038211692777990066,
          "total_positives": 2617
        },
        {
          "k": 25,
          "precision": 0.96,