{
  "within_event_time": {
    "1": {
      "rows_train": 55847,
      "rows_test": 18483,
      "auc": 0.6689569408162402,
      "brier": 0.20187517075662897,
      "pr_auc": 0.4657698662844895,
      "event_count": 1,
      "train_ratio": 0.7908050660419002,
      "pos_rate_train": 0.3554711980947947,
      "class_strategy": "none"
    },
    "2": {
      "rows_train": 55847,
      "rows_test": 18483,
      "auc": 0.6689279926160786,
      "brier": 0.22643830149518074,
      "pr_auc": 0.5680463334595552,
      "event_count": 1,
      "train_ratio": 0.7908050660419002,
      "pos_rate_train": 0.4766236324243021,
      "class_strategy": "none"
    },
    "4": {
      "rows_train": 55847,
      "rows_test": 18483,
      "auc": 0.7041549702615026,
      "brier": 0.22593547508330744,
      "pr_auc": 0.707958570749434,
      "event_count": 1,
      "train_ratio": 0.7908050660419002,
      "pos_rate_train": 0.5892527799165578,
      "class_strategy": "none"
    },
    "8": {
      "rows_train": 55847,
      "rows_test": 18483,
      "auc": 0.7480190630894524,
      "brier": 0.21224131912354952,
      "pr_auc": 0.8144575336012896,
      "event_count": 1,
      "train_ratio": 0.7908050660419002,
      "pos_rate_train": 0.6912457249270327,
      "class_strategy": "none"
    }
  },
  "groupkfold_event": {
    "1": {
      "rows_train": 88353,
      "rows_test": 0,
      "auc": null,
      "brier": null,
      "pr_auc": null,
      "event_count": 1,
      "folds": 0,
      "note": "insufficient training data"
    },
    "2": {
      "rows_train": 88353,
      "rows_test": 0,
      "auc": null,
      "brier": null,
      "pr_auc": null,
      "event_count": 1,
      "folds": 0,
      "note": "insufficient training data"
    },
    "4": {
      "rows_train": 88353,
      "rows_test": 0,
      "auc": null,
      "brier": null,
      "pr_auc": null,
      "event_count": 1,
      "folds": 0,
      "note": "insufficient training data"
    },
    "8": {
      "rows_train": 88353,
      "rows_test": 0,
      "auc": null,
      "brier": null,
      "pr_auc": null,
      "event_count": 1,
      "folds": 0,
      "note": "insufficient training data"
    }
  },
  "calibration": {
    "1": {
      "rows": 14023,
      "brier": 0.20751441240638865,
      "ece": 3.145783648627242e-17,
      "method": "isotonic"
    },
    "2": {
      "rows": 14023,
      "brier": 0.220873310034769,
      "ece": 1.9990823198876992e-17,
      "method": "isotonic"
    },
    "4": {
      "rows": 14023,
      "brier": 0.2058461119133401,
      "ece": 3.541146711397111e-17,
      "method": "isotonic"
    },
    "8": {
      "rows": 14023,
      "brier": 0.16415551807408865,
      "ece": 4.303766927092884e-17,
      "method": "isotonic"
    }
  },
  "ranking": {
    "1": {
      "rows_test": 18483,
      "overall": [
        {
          "k": 10,
          "precision": 0.8,
          "recall": 0.0013698630136986301,
          "total_positives": 5840
        },
        {
          "k": 25,
          "precision": 0.84,
          "recall": 0.003595890410958904,
          "total_positives": 5840
        },
        {
          "k": 50,
          "precision": 0.86,
          "recall": 0.007363013698630137,
          "total_positives": 5840
        },
        {
          "k": 100,
          "precision": 0.73,
          "recall": 0.0125,
          "total_positives": 5840
        }
      ],
      "priority_1": [
        {
          "k": 10,
          "precision": 0.2,
          "recall": 0.0005433306166802499,
          "total_positives": 3681
        },
        {
          "k": 25,
          "precision": 0.4,
          "recall": 0.0027166530834012497,
          "total_positives": 3681
        },
        {
          "k": 50,
          "precision": 0.44,
          "recall": 0.00597663678348275,
          "total_positives": 3681
        },
        {
          "k": 100,
          "precision": 0.48,
          "recall": 0.013039934800325998,
          "total_positives": 3681
        }
      ],
      "other": [
        {
          "k": 10,
          "precision": 0.6,
          "recall": 0.002779064381658175,
          "total_positives": 2159
        },
        {
          "k": 25,
          "precision": 0.8,
          "recall": 0.009263547938860583,
          "total_positives": 2159
        },
        {
          "k": 50,
          "precision": 0.88,
          "recall": 0.020379805465493284,
          "total_positives": 2159
        },
        {
          "k": 100,
          "precision": 0.89,
          "recall": 0.041222788327929596,
          "total_positives": 2159
        }
      ]
    },
    "2": {
      "rows_test": 18483,
      "overall": [
        {
          "k": 10,
          "precision": 0.9,
          "recall": 0.001185302252074279,
          "total_positives": 7593
        },
        {
          "k": 25,
          "precision": 0.84,
          "recall": 0.002765705254839984,
          "total_positives": 7593
        },
        {
          "k": 50,
          "precision": 0.82,
          "recall": 0.0053997102594494925,
          "total_positives": 7593
        },
        {
          "k": 100,
          "precision": 0.86,
          "recall": 0.011326221519820887,
          "total_positives": 7593
        }
      ],
      "priority_1": [
        {
          "k": 10,
          "precision": 0.6,
          "recall": 0.001219016659894352,
          "total_positives": 4922
        },
        {
          "k": 25,
          "precision": 0.68,
          "recall": 0.00345388053636733,
          "total_positives": 4922
        },
        {
          "k": 50,
          "precision": 0.7,
          "recall": 0.007110930516050386,
          "total_positives": 4922
        },
        {
          "k": 100,
          "precision": 0.67,
          "recall": 0.013612352702153597,
          "total_positives": 4922
        }
      ],
      "other": [
        {
          "k": 10,
          "precision": 1.0,
          "recall": 0.0037439161362785474,
          "total_positives": 2671
        },
        {
          "k": 25,
          "precision": 1.0,
          "recall": 0.009359790340696368,
          "total_positives": 2671
        },
        {
          "k": 50,
          "precision": 0.98,
          "recall": 0.018345189067764882,
          "total_positives": 2671
        },
        {
          "k": 100,
          "precision": 0.97,
          "recall": 0.03631598652190191,
          "total_positives": 2671
        }
      ]
    },
    "4": {
      "rows_test": 18483,
      "overall": [
        {
          "k": 10,
          "precision": 1.0,
          "recall": 0.0010619093129446745,
          "total_positives": 9417
        },
        {
          "k": 25,
          "precision": 1.0,
          "recall": 0.002654773282361686,
          "total_positives": 9417
        },
        {
          "k": 50,
          "precision": 0.98,
          "recall": 0.0052033556334289055,
          "total_positives": 9417
        },
        {
          "k": 100,
          "precision": 0.98,
          "recall": 0.010406711266857811,
          "total_positives": 9417
        }
      ],
      "priority_1": [
        {
          "k": 10,
          "precision": 1.0,
          "recall": 0.001584786053882726,
          "total_positives": 6310
        },
        {
          "k": 25,
          "precision": 0.96,
          "recall": 0.003803486529318542,
          "total_positives": 6310
        },
        {
          "k": 50,
          "precision": 0.94,
          "recall": 0.007448494453248812,
          "total_positives": 6310
        },
        {
          "k": 100,
          "precision": 0.95,
          "recall": 0.015055467511885896,
          "total_positives": 6310
        }
      ],
      "other": [
        {
          "k": 10,
          "precision": 1.0,
          "recall": 0.0032185387833923397,
          "total_positives": 3107
        },
        {
          "k": 25,
          "precision": 1.0,
          "recall": 0.00804634695848085,