{
  "within_event_time": {
    "1": {
      "rows_train": 26224,
      "rows_test": 8459,
      "auc": 0.6614117632919914,
      "brier": 0.2697967588020313,
      "pr_auc": 0.5540457029347478,
      "event_count": 1,
      "train_ratio": 0.7945647950262289,
      "pos_rate_train": 0.3089154972544234,
      "class_strategy": "none"
    },
    "2": {
      "rows_train": 26224,
      "rows_test": 8459,
      "auc": 0.6660042655466706,
      "brier": 0.23522342549426845,
      "pr_auc": 0.6877772174482183,
      "event_count": 1,
      "train_ratio": 0.7945647950262289,
      "pos_rate_train": 0.42159853569249545,
      "class_strategy": "none"
    },
    "4": {
      "rows_train": 26224,
      "rows_test": 8459,
      "auc": 0.6455240252573023,
      "brier": 0.27015144742110114,
      "pr_auc": 0.7632219778517055,
      "event_count": 1,
      "train_ratio": 0.7945647950262289,
      "pos_rate_train": 0.5231848688224527,
      "class_strategy": "none"
    },
    "8": {
      "rows_train": 26224,
      "rows_test": 8459,
      "auc": 0.6339839458951976,
      "brier": 0.2649516076368854,
      "pr_auc": 0.786345376120878,
      "event_count": 1,
      "train_ratio": 0.7945647950262289,
      "pos_rate_train": 0.6080308114704088,
      "class_strategy": "none"
    }
  },
  "groupkfold_event": {
    "1": {
      "rows_train": 41176,
      "rows_test": 0,
      "auc": null,
      "brier": null,
      "pr_auc": null,
      "event_count": 1,
      "folds": 0,
      "note": "insufficient training data"
    },
    "2": {
      "rows_train": 41176,
      "rows_test": 0,
      "auc": null,
      "brier": null,
      "pr_auc": null,
      "event_count": 1,
      "folds": 0,
      "note": "insufficient training data"
    },
    "4": {
      "rows_train": 41176,
      "rows_test": 0,
      "auc": null,
      "brier": null,
      "pr_auc": null,
      "event_count": 1,
      "folds": 0,
      "note": "insufficient training data"
    },
    "8": {
      "rows_train": 41176,
      "rows_test": 0,
      "auc": null,
      "brier": null,
      "pr_auc": null,
      "event_count": 1,
      "folds": 0,
      "note": "insufficient training data"
    }
  },
  "calibration": {
    "1": {
      "rows": 6493,
      "brier": 0.19733710382273748,
      "ece": 3.300062278648625e-18,
      "method": "isotonic"
    },
    "2": {
      "rows": 6493,
      "brier": 0.21823824437834308,
      "ece": 2.1672688798897056e-17,
      "method": "isotonic"
    },
    "4": {
      "rows": 6493,
      "brier": 0.19230345198774995,
      "ece": 2.843525165488426e-17,
      "method": "isotonic"
    },
    "8": {
      "rows": 6493,
      "brier": 0.13760030916365418,
      "ece": 2.631072969570244e-17,
      "method": "isotonic"
    }
  },
  "ranking": {
    "1": {
      "rows_test": 8459,
      "overall": [
        {
          "k": 10,
          "precision": 1.0,
          "recall": 0.002884338044418806,
          "total_positives": 3467
        },
        {
          "k": 25,
          "precision": 1.0,
          "recall": 0.007210845111047015,
          "total_positives": 3467
        },
        {
          "k": 50,
          "precision": 0.96,
          "recall": 0.013844822613210269,
          "total_positives": 3467
        },
        {
          "k": 100,
          "precision": 0.85,
          "recall": 0.02451687337755985,
          "total_positives": 3467
        }
      ],
      "priority_1": [
        {
          "k": 10,
          "precision": 1.0,
          "recall": 0.0036231884057971015,
          "total_positives": 2760
        },
        {
          "k": 25,
          "precision": 0.84,
          "recall": 0.007608695652173913,
          "total_positives": 2760
        },
        {
          "k": 50,
          "precision": 0.76,
          "recall": 0.013768115942028985,
          "total_positives": 2760
        },
        {
          "k": 100,
          "precision": 0.8,
          "recall": 0.028985507246376812,
          "total_positives": 2760
        }
      ],
      "other": [
        {
          "k": 10,
          "precision": 1.0,
          "recall": 0.014144271570014143,
          "total_positives": 707
        },
        {
          "k": 25,
          "precision": 1.0,
          "recall": 0.03536067892503536,
          "total_positives": 707
        },
        {
          "k": 50,
          "precision": 0.9,
          "recall": 0.06364922206506365,
          "total_positives": 707
        },
        {
          "k": 100,
          "precision": 0.69,
          "recall": 0.09759547383309759,
          "total_positives": 707
        }
      ]
    },
    "2": {
      "rows_test": 8459,
      "overall": [
        {
          "k": 10,
          "precision": 1.0,
          "recall": 0.002175805047867711,
          "total_positives": 4596
        },
        {
          "k": 25,
          "precision": 0.92,
          "recall": 0.005004351610095736,
          "total_positives": 4596
        },
        {
          "k": 50,
          "precision": 0.94,
          "recall": 0.010226283724978242,
          "total_positives": 4596
        },
        {
          "k": 100,
          "precision": 0.96,
          "recall": 0.020887728459530026,
          "total_positives": 4596
        }
      ],
      "priority_1": [
        {
          "k": 10,
          "precision": 0.9,
          "recall": 0.002435723951285521,
          "total_positives": 3695
        },
        {
          "k": 25,
          "precision": 0.96,
          "recall": 0.006495263870094722,
          "total_positives": 3695
        },
        {
          "k": 50,
          "precision": 0.94,
          "recall": 0.012719891745602166,
          "total_positives": 3695
        },
        {
          "k": 100,
          "precision": 0.94,
          "recall": 0.02543978349120433,
          "total_positives": 3695
        }
      ],
      "other": [
        {
          "k": 10,
          "precision": 0.9,
          "recall": 0.009988901220865706,
          "total_positives": 901
        },
        {
          "k": 25,
          "precision": 0.92,
          "recall": 0.025527192008879023,
          "total_positives": 901
        },
        {
          "k": 50,
          "precision": 0.94,
          "recall": 0.05216426193118757,
          "total_positives": 901
        },
        {
          "k": 100,
          "precision": 0.82,
          "recall": 0.09100998890122086,
          "total_positives": 901
        }
      ]
    },
    "4": {
      "rows_test": 8459,
      "overall": [
        {
          "k": 10,
          "precision": 1.0,
          "recall": 0.001763046544428773,
          "total_positives": 5672
        },
        {
          "k": 25,
          "precision": 0.8,
          "recall": 0.003526093088857546,
          "total_positives": 5672
        },
        {
          "k": 50,
          "precision": 0.86,
          "recall": 0.007581100141043724,
          "total_positives": 5672
        },
        {
          "k": 100,
          "precision": 0.81,
          "recall": 0.014280677009873061,
          "total_positives": 5672
        }
      ],
      "priority_1": [
        {
          "k": 10,
          "precision": 1.0,
          "recall": 0.002220248667850799,
          "total_positives": 4504
        },
        {
          "k": 25,
          "precision": 0.96,
          "recall": 0.0053285968028419185,
          "total_positives": 4504
        },
        {
          "k": 50,
          "precision": 0.9,
          "recall": 0.009991119005328597,
          "total_positives": 4504
        },
        {
          "k": 100,
          "precision": 0.9,
          "recall": 0.019982238010657193,
          "total_positives": 4504
        }
      ],
      "other": [
        {
          "k": 10,
          "precision": 0.7,
          "recall": 0.0059931506849315065,
          "total_positives": 1168
        },
        {
          "k": 25,
          "precision": 0.8,
          "recall": 0.017123287671232876,