{
  "within_event_time": {
    "1": {
      "rows_train": 37584,
      "rows_test": 11891,
      "auc": 0.6834189356990273,
      "brier": 0.2164408792121292,
      "pr_auc": 0.5532966373269625,
      "event_count": 1,
      "train_ratio": 0.7982695733310713,
      "pos_rate_train": 0.3342113665389527,
      "class_strategy": "none"
    },
    "2": {
      "rows_train": 37584,
      "rows_test": 11891,
      "auc": 0.6710899823675154,
      "brier": 0.23218215624436875,
      "pr_auc": 0.6425213768879502,
      "event_count": 1,
      "train_ratio": 0.7982695733310713,
      "pos_rate_train": 0.453544061302682,
      "class_strategy": "none"
    },
    "4": {
      "rows_train": 37584,
      "rows_test": 11891,
      "auc": 0.693269666923534,
      "brier": 0.2243968463851349,
      "pr_auc": 0.7475085518433886,
      "event_count": 1,
      "train_ratio": 0.7982695733310713,
      "pos_rate_train": 0.56468177948063,
      "class_strategy": "none"
    },
    "8": {
      "rows_train": 37584,
      "rows_test": 11891,
      "auc": 0.7185850419067377,
      "brier": 0.20128327780482005,
      "pr_auc": 0.8289067818012525,
      "event_count": 1,
      "train_ratio": 0.7982695733310713,
      "pos_rate_train": 0.6678639846743295,
      "class_strategy": "none"
    }
  },
  "groupkfold_event": {
    "1": {
      "rows_train": 58945,
      "rows_test": 0,
      "auc": null,
      "brier": null,
      "pr_auc": null,
      "event_count": 1,
      "folds": 0,
      "note": "insufficient training data"
    },
    "2": {
      "rows_train": 58945,
      "rows_test": 0,
      "auc": null,
      "brier": null,
      "pr_auc": null,
      "event_count": 1,
      "folds": 0,
      "note": "insufficient training data"
    },
    "4": {
      "rows_train": 58945,
      "rows_test": 0,
      "auc": null,
      "brier": null,
      "pr_auc": null,
      "event_count": 1,
      "folds": 0,
      "note": "insufficient training data"
    },
    "8": {
      "rows_train": 58945,
      "rows_test": 0,
      "auc": null,
      "brier": null,
      "pr_auc": null,
      "event_count": 1,
      "folds": 0,
      "note": "insufficient training data"
    }
  },
  "calibration": {
    "1": {
      "rows": 9470,
      "brier": 0.2162422451262187,
      "ece": 1.072780841046523e-17,
      "method": "isotonic"
    },
    "2": {
      "rows": 9470,
      "brier": 0.21648340473437297,
      "ece": 8.110958812955801e-17,
      "method": "isotonic"
    },
    "4": {
      "rows": 9470,
      "brier": 0.18340428279551166,
      "ece": 2.6084965467697714e-19,
      "method": "isotonic"
    },
    "8": {
      "rows": 9470,
      "brier": 0.14537181958370454,
      "ece": 7.121488662181112e-17,
      "method": "isotonic"
    }
  },
  "ranking": {
    "1": {
      "rows_test": 11891,
      "overall": [
        {
          "k": 10,
          "precision": 1.0,
          "recall": 0.002280501710376283,
          "total_positives": 4385
        },
        {
          "k": 25,
          "precision": 0.96,
          "recall": 0.005473204104903079,
          "total_positives": 4385
        },
        {
          "k": 50,
          "precision": 0.84,
          "recall": 0.009578107183580388,
          "total_positives": 4385
        },
        {
          "k": 100,
          "precision": 0.83,
          "recall": 0.018928164196123146,
          "total_positives": 4385
        }
      ],
      "priority_1": [
        {
          "k": 10,
          "precision": 0.8,
          "recall": 0.002717391304347826,
          "total_positives": 2944
        },
        {
          "k": 25,
          "precision": 0.76,
          "recall": 0.006453804347826087,
          "total_positives": 2944
        },
        {
          "k": 50,
          "precision": 0.74,
          "recall": 0.012567934782608696,
          "total_positives": 2944
        },
        {
          "k": 100,
          "precision": 0.69,
          "recall": 0.0234375,
          "total_positives": 2944
        }
      ],
      "other": [
        {
          "k": 10,
          "precision": 1.0,
          "recall": 0.006939625260235947,
          "total_positives": 1441
        },
        {
          "k": 25,
          "precision": 0.96,
          "recall": 0.016655100624566273,
          "total_positives": 1441
        },
        {
          "k": 50,
          "precision": 0.94,
          "recall": 0.03261623872310895,
          "total_positives": 1441
        },
        {
          "k": 100,
          "precision": 0.89,
          "recall": 0.06176266481609993,
          "total_positives": 1441
        }
      ]
    },
    "2": {
      "rows_test": 11891,
      "overall": [
        {
          "k": 10,
          "precision": 0.9,
          "recall": 0.0015859030837004405,
          "total_positives": 5675
        },
        {
          "k": 25,
          "precision": 0.76,
          "recall": 0.0033480176211453743,
          "total_positives": 5675
        },
        {
          "k": 50,
          "precision": 0.84,
          "recall": 0.0074008810572687225,
          "total_positives": 5675
        },
        {
          "k": 100,
          "precision": 0.87,
          "recall": 0.015330396475770926,
          "total_positives": 5675
        }
      ],
      "priority_1": [
        {
          "k": 10,
          "precision": 0.7,
          "recall": 0.0018200728029121164,
          "total_positives": 3846
        },
        {
          "k": 25,
          "precision": 0.68,
          "recall": 0.004420176807072283,
          "total_positives": 3846
        },
        {
          "k": 50,
          "precision": 0.8,
          "recall": 0.010400416016640665,
          "total_positives": 3846
        },
        {
          "k": 100,
          "precision": 0.83,
          "recall": 0.02158086323452938,
          "total_positives": 3846
        }
      ],
      "other": [
        {
          "k": 10,
          "precision": 1.0,
          "recall": 0.005467468562055768,
          "total_positives": 1829
        },
        {
          "k": 25,
          "precision": 0.96,
          "recall": 0.013121924548933843,
          "total_positives": 1829
        },
        {
          "k": 50,
          "precision": 0.94,
          "recall": 0.02569710224166211,
          "total_positives": 1829
        },
        {
          "k": 100,
          "precision": 0.94,
          "recall": 0.05139420448332422,
          "total_positives": 1829
        }
      ]
    },
    "4": {
      "rows_test": 11891,
      "overall": [
        {
          "k": 10,
          "precision": 1.0,
          "recall": 0.0014812620352540364,
          "total_positives": 6751
        },
        {
          "k": 25,
          "precision": 1.0,
          "recall": 0.0037031550881350913,
          "total_positives": 6751
        },
        {
          "k": 50,
          "precision": 0.98,
          "recall": 0.0072581839727447785,
          "total_positives": 6751
        },
        {
          "k": 100,
          "precision": 0.98,
          "recall": 0.014516367945489557,
          "total_positives": 6751
        }
      ],
      "priority_1": [
        {
          "k": 10,
          "precision": 1.0,
          "recall": 0.002153779883695886,
          "total_positives": 4643
        },
        {
          "k": 25,
          "precision": 0.96,
          "recall": 0.005169071720870127,
          "total_positives": 4643
        },
        {
          "k": 50,
          "precision": 0.98,
          "recall": 0.010553521430109843,
          "total_positives": 4643
        },
        {
          "k": 100,
          "precision": 0.96,
          "recall": 0.02067628688348051,
          "total_positives": 4643
        }
      ],
      "other": [
        {
          "k": 10,
          "precision": 1.0,
          "recall": 0.004743833017077799,
          "total_positives": 2108
        },
        {
          "k": 25,
          "precision": 1.0,
          "recall": 0.011859582542694497,