{
  "within_event_time": {
    "1": {
      "rows_train": 26784,
      "rows_test": 8444,
      "auc": 0.6527210171824812,
      "brier": 0.23022476699996616,
      "pr_auc": 0.5423048499153811,
      "event_count": 1,
      "train_ratio": 0.7988230529149691,
      "pos_rate_train": 0.3101851851851852,
      "class_strategy": "none"
    },
    "2": {
      "rows_train": 26784,
      "rows_test": 8444,
      "auc": 0.66512822160282,
      "brier": 0.23211120828168372,
      "pr_auc": 0.6769356498098038,
      "event_count": 1,
      "train_ratio": 0.7988230529149691,
      "pos_rate_train": 0.4229390681003584,
      "class_strategy": "none"
    },
    "4": {
      "rows_train": 26784,
      "rows_test": 8444,
      "auc": 0.654528714373961,
      "brier": 0.30627217467011786,
      "pr_auc": 0.7478894944858098,
      "event_count": 1,
      "train_ratio": 0.7988230529149691,
      "pos_rate_train": 0.5244175627240143,
      "class_strategy": "none"
    },
    "8": {
      "rows_train": 26784,
      "rows_test": 8444,
      "auc": 0.6436027759479118,
      "brier": 0.28002227254843853,
      "pr_auc": 0.7846226325584789,
      "event_count": 1,
      "train_ratio": 0.7988230529149691,
      "pos_rate_train": 0.6099163679808841,
      "class_strategy": "none"
    }
  },
  "groupkfold_event": {
    "1": {
      "rows_train": 41973,
      "rows_test": 0,
      "auc": null,
      "brier": null,
      "pr_auc": null,
      "event_count": 1,
      "folds": 0,
      "note": "insufficient training data"
    },
    "2": {
      "rows_train": 41973,
      "rows_test": 0,
      "auc": null,
      "brier": null,
      "pr_auc": null,
      "event_count": 1,
      "folds": 0,
      "note": "insufficient training data"
    },
    "4": {
      "rows_train": 41973,
      "rows_test": 0,
      "auc": null,
      "brier": null,
      "pr_auc": null,
      "event_count": 1,
      "folds": 0,
      "note": "insufficient training data"
    },
    "8": {
      "rows_train": 41973,
      "rows_test": 0,
      "auc": null,
      "brier": null,
      "pr_auc": null,
      "event_count": 1,
      "folds": 0,
      "note": "insufficient training data"
    }
  },
  "calibration": {
    "1": {
      "rows": 6745,
      "brier": 0.20388322417748336,
      "ece": 1.681382979473087e-17,
      "method": "isotonic"
    },
    "2": {
      "rows": 6745,
      "brier": 0.2131450840281919,
      "ece": 5.723121507222638e-17,
      "method": "isotonic"
    },
    "4": {
      "rows": 6745,
      "brier": 0.19459997566753678,
      "ece": 3.46070260826448e-17,
      "method": "isotonic"
    },
    "8": {
      "rows": 6745,
      "brier": 0.1271078949577987,
      "ece": 4.055729477652165e-17,
      "method": "isotonic"
    }
  },
  "ranking": {
    "1": {
      "rows_test": 8444,
      "overall": [
        {
          "k": 10,
          "precision": 0.8,
          "recall": 0.0023439789041898623,
          "total_positives": 3413
        },
        {
          "k": 25,
          "precision": 0.88,
          "recall": 0.006445941986522121,
          "total_positives": 3413
        },
        {
          "k": 50,
          "precision": 0.84,
          "recall": 0.012305889246996778,
          "total_positives": 3413
        },
        {
          "k": 100,
          "precision": 0.84,
          "recall": 0.024611778493993555,
          "total_positives": 3413
        }
      ],
      "priority_1": [
        {
          "k": 10,
          "precision": 0.7,
          "recall": 0.002668699961875715,
          "total_positives": 2623
        },
        {
          "k": 25,
          "precision": 0.72,
          "recall": 0.006862371330537552,
          "total_positives": 2623
        },
        {
          "k": 50,
          "precision": 0.74,
          "recall": 0.014105985512771636,
          "total_positives": 2623
        },
        {
          "k": 100,
          "precision": 0.73,
          "recall": 0.02783072817384674,
          "total_positives": 2623
        }
      ],
      "other": [
        {
          "k": 10,
          "precision": 1.0,
          "recall": 0.012658227848101266,
          "total_positives": 790
        },
        {
          "k": 25,
          "precision": 0.96,
          "recall": 0.030379746835443037,
          "total_positives": 790
        },
        {
          "k": 50,
          "precision": 0.86,
          "recall": 0.05443037974683544,
          "total_positives": 790
        },
        {
          "k": 100,
          "precision": 0.75,
          "recall": 0.0949367088607595,
          "total_positives": 790
        }
      ]
    },
    "2": {
      "rows_test": 8444,
      "overall": [
        {
          "k": 10,
          "precision": 1.0,
          "recall": 0.0022177866489243737,
          "total_positives": 4509
        },
        {
          "k": 25,
          "precision": 1.0,
          "recall": 0.005544466622310933,
          "total_positives": 4509
        },
        {
          "k": 50,
          "precision": 1.0,
          "recall": 0.011088933244621867,
          "total_positives": 4509
        },
        {
          "k": 100,
          "precision": 0.97,
          "recall": 0.02151253049456642,
          "total_positives": 4509
        }
      ],
      "priority_1": [
        {
          "k": 10,
          "precision": 1.0,
          "recall": 0.0028481913984619764,
          "total_positives": 3511
        },
        {
          "k": 25,
          "precision": 1.0,
          "recall": 0.007120478496154941,
          "total_positives": 3511
        },
        {
          "k": 50,
          "precision": 1.0,
          "recall": 0.014240956992309883,
          "total_positives": 3511
        },
        {
          "k": 100,
          "precision": 0.91,
          "recall": 0.025918541726003986,
          "total_positives": 3511
        }
      ],
      "other": [
        {
          "k": 10,
          "precision": 0.9,
          "recall": 0.009018036072144289,
          "total_positives": 998
        },
        {
          "k": 25,
          "precision": 0.96,
          "recall": 0.02404809619238477,
          "total_positives": 998
        },
        {
          "k": 50,
          "precision": 0.96,
          "recall": 0.04809619238476954,
          "total_positives": 998
        },
        {
          "k": 100,
          "precision": 0.82,
          "recall": 0.08216432865731463,
          "total_positives": 998
        }
      ]
    },
    "4": {
      "rows_test": 8444,
      "overall": [
        {
          "k": 10,
          "precision": 0.6,
          "recall": 0.001088139281828074,
          "total_positives": 5514
        },
        {
          "k": 25,
          "precision": 0.8,
          "recall": 0.003627130939426913,
          "total_positives": 5514
        },
        {
          "k": 50,
          "precision": 0.82,
          "recall": 0.007435618425825173,
          "total_positives": 5514
        },
        {
          "k": 100,
          "precision": 0.81,
          "recall": 0.014689880304679,
          "total_positives": 5514
        }
      ],
      "priority_1": [
        {
          "k": 10,
          "precision": 0.7,
          "recall": 0.0016282856478250756,
          "total_positives": 4299
        },
        {
          "k": 25,
          "precision": 0.72,
          "recall": 0.00418702023726448,
          "total_positives": 4299
        },
        {
          "k": 50,
          "precision": 0.68,
          "recall": 0.007908816003721796,
          "total_positives": 4299
        },
        {
          "k": 100,
          "precision": 0.74,
          "recall": 0.017213305419865085,
          "total_positives": 4299
        }
      ],
      "other": [
        {
          "k": 10,
          "precision": 0.8,
          "recall": 0.006584362139917695,
          "total_positives": 1215
        },
        {
          "k": 25,
          "precision": 0.72,
          "recall": 0.014814814814814815,