{
  "within_event_time": {
    "1": {
      "rows_train": 40844,
      "rows_test": 12455,
      "auc": 0.6519666502361362,
      "brier": 0.21507670049129438,
      "pr_auc": 0.512783061751828,
      "event_count": 1,
      "train_ratio": 0.8041173880221439,
      "pos_rate_train": 0.3394133777298991,
      "class_strategy": "none"
    },
    "2": {
      "rows_train": 40844,
      "rows_test": 12455,
      "auc": 0.6602801312124422,
      "brier": 0.23396570541103173,
      "pr_auc": 0.6214235866689388,
      "event_count": 1,
      "train_ratio": 0.8041173880221439,
      "pos_rate_train": 0.46011654098521204,
      "class_strategy": "none"
    },
    "4": {
      "rows_train": 40844,
      "rows_test": 12455,
      "auc": 0.6686775469286517,
      "brier": 0.23742157429519395,
      "pr_auc": 0.7079303167598706,
      "event_count": 1,
      "train_ratio": 0.8041173880221439,
      "pos_rate_train": 0.5762902751934189,
      "class_strategy": "none"
    },
    "8": {
      "rows_train": 40844,
      "rows_test": 12455,
      "auc": 0.6905886419907348,
      "brier": 0.22325042297442907,
      "pr_auc": 0.7903820240029213,
      "event_count": 1,
      "train_ratio": 0.8041173880221439,
      "pos_rate_train": 0.6819361472921359,
      "class_strategy": "none"
    }
  },
  "groupkfold_event": {
    "1": {
      "rows_train": 63584,
      "rows_test": 0,
      "auc": null,
      "brier": null,
      "pr_auc": null,
      "event_count": 1,
      "folds": 0,
      "note": "insufficient training data"
    },
    "2": {
      "rows_train": 63584,
      "rows_test": 0,
      "auc": null,
      "brier": null,
      "pr_auc": null,
      "event_count": 1,
      "folds": 0,
      "note": "insufficient training data"
    },
    "4": {
      "rows_train": 63584,
      "rows_test": 0,
      "auc": null,
      "brier": null,
      "pr_auc": null,
      "event_count": 1,
      "folds": 0,
      "note": "insufficient training data"
    },
    "8": {
      "rows_train": 63584,
      "rows_test": 0,
      "auc": null,
      "brier": null,
      "pr_auc": null,
      "event_count": 1,
      "folds": 0,
      "note": "insufficient training data"
    }
  },
  "calibration": {
    "1": {
      "rows": 10285,
      "brier": 0.21573268111536764,
      "ece": 6.446525914498234e-17,
      "method": "isotonic"
    },
    "2": {
      "rows": 10285,
      "brier": 0.21107771522851057,
      "ece": 4.444400338490934e-17,
      "method": "isotonic"
    },
    "4": {
      "rows": 10285,
      "brier": 0.18763568271476966,
      "ece": 5.681864528918416e-17,
      "method": "isotonic"
    },
    "8": {
      "rows": 10285,
      "brier": 0.14540098631745055,
      "ece": 2.8368168290859616e-17,
      "method": "isotonic"
    }
  },
  "ranking": {
    "1": {
      "rows_test": 12455,
      "overall": [
        {
          "k": 10,
          "precision": 0.9,
          "recall": 0.0020247469066366703,
          "total_positives": 4445
        },
        {
          "k": 25,
          "precision": 0.92,
          "recall": 0.005174353205849269,
          "total_positives": 4445
        },
        {
          "k": 50,
          "precision": 0.94,
          "recall": 0.010573678290213724,
          "total_positives": 4445
        },
        {
          "k": 100,
          "precision": 0.91,
          "recall": 0.02047244094488189,
          "total_positives": 4445
        }
      ],
      "priority_1": [
        {
          "k": 10,
          "precision": 0.8,
          "recall": 0.0025948751216347712,
          "total_positives": 3083
        },
        {
          "k": 25,
          "precision": 0.76,
          "recall": 0.006162828413882582,
          "total_positives": 3083
        },
        {
          "k": 50,
          "precision": 0.84,
          "recall": 0.013623094388582549,
          "total_positives": 3083
        },
        {
          "k": 100,
          "precision": 0.84,
          "recall": 0.027246188777165097,
          "total_positives": 3083
        }
      ],
      "other": [
        {
          "k": 10,
          "precision": 0.9,
          "recall": 0.006607929515418502,
          "total_positives": 1362
        },
        {
          "k": 25,
          "precision": 0.96,
          "recall": 0.01762114537444934,
          "total_positives": 1362
        },
        {
          "k": 50,
          "precision": 0.92,
          "recall": 0.033773861967694566,
          "total_positives": 1362
        },
        {
          "k": 100,
          "precision": 0.89,
          "recall": 0.06534508076358296,
          "total_positives": 1362
        }
      ]
    },
    "2": {
      "rows_test": 12455,
      "overall": [
        {
          "k": 10,
          "precision": 0.9,
          "recall": 0.0015884221673138016,
          "total_positives": 5666
        },
        {
          "k": 25,
          "precision": 0.96,
          "recall": 0.004235792446170138,
          "total_positives": 5666
        },
        {
          "k": 50,
          "precision": 0.92,
          "recall": 0.008118602188492764,
          "total_positives": 5666
        },
        {
          "k": 100,
          "precision": 0.93,
          "recall": 0.016413695728909283,
          "total_positives": 5666
        }
      ],
      "priority_1": [
        {
          "k": 10,
          "precision": 1.0,
          "recall": 0.0024962556165751375,
          "total_positives": 4006
        },
        {
          "k": 25,
          "precision": 0.88,
          "recall": 0.0054917623564653024,
          "total_positives": 4006
        },
        {
          "k": 50,
          "precision": 0.88,
          "recall": 0.010983524712930605,
          "total_positives": 4006
        },
        {
          "k": 100,
          "precision": 0.84,
          "recall": 0.020968547179231155,
          "total_positives": 4006
        }
      ],
      "other": [
        {
          "k": 10,
          "precision": 1.0,
          "recall": 0.006024096385542169,
          "total_positives": 1660
        },
        {
          "k": 25,
          "precision": 1.0,
          "recall": 0.015060240963855422,
          "total_positives": 1660
        },
        {
          "k": 50,
          "precision": 1.0,
          "recall": 0.030120481927710843,
          "total_positives": 1660
        },
        {
          "k": 100,
          "precision": 0.95,
          "recall": 0.0572289156626506,
          "total_positives": 1660
        }
      ]
    },
    "4": {
      "rows_test": 12455,
      "overall": [
        {
          "k": 10,
          "precision": 0.8,
          "recall": 0.0011818584724479244,
          "total_positives": 6769
        },
        {
          "k": 25,
          "precision": 0.84,
          "recall": 0.0031023784901758012,
          "total_positives": 6769
        },
        {
          "k": 50,
          "precision": 0.9,
          "recall": 0.006647953907519575,
          "total_positives": 6769
        },
        {
          "k": 100,
          "precision": 0.9,
          "recall": 0.01329590781503915,
          "total_positives": 6769
        }
      ],
      "priority_1": [
        {
          "k": 10,
          "precision": 1.0,
          "recall": 0.002073828287017835,
          "total_positives": 4822
        },
        {
          "k": 25,
          "precision": 0.96,
          "recall": 0.004977187888842804,
          "total_positives": 4822
        },
        {
          "k": 50,
          "precision": 0.94,
          "recall": 0.009746992948983823,
          "total_positives": 4822
        },
        {
          "k": 100,
          "precision": 0.92,
          "recall": 0.01907922024056408,
          "total_positives": 4822
        }
      ],
      "other": [
        {
          "k": 10,
          "precision": 1.0,
          "recall": 0.005136106831022085,
          "total_positives": 1947
        },
        {
          "k": 25,
          "precision": 1.0,