{
  "within_event_time": {
    "1": {
      "rows_train": 44325,
      "rows_test": 13794,
      "auc": 0.6514975607687973,
      "brier": 0.21727166171696485,
      "pr_auc": 0.504830454407943,
      "event_count": 1,
      "train_ratio": 0.8006330486059923,
      "pos_rate_train": 0.34601240834743374,
      "class_strategy": "none"
    },
    "2": {
      "rows_train": 44325,
      "rows_test": 13794,
      "auc": 0.6572705227815921,
      "brier": 0.2314336462656051,
      "pr_auc": 0.6208888775428637,
      "event_count": 1,
      "train_ratio": 0.8006330486059923,
      "pos_rate_train": 0.4668020304568528,
      "class_strategy": "none"
    },
    "4": {
      "rows_train": 44325,
      "rows_test": 13794,
      "auc": 0.6985995761508798,
      "brier": 0.21844671776851737,
      "pr_auc": 0.7569581316751821,
      "event_count": 1,
      "train_ratio": 0.8006330486059923,
      "pos_rate_train": 0.5823801466441061,
      "class_strategy": "none"
    },
    "8": {
      "rows_train": 44325,
      "rows_test": 13794,
      "auc": 0.7342123186602806,
      "brier": 0.19100357730947073,
      "pr_auc": 0.8353346751747107,
      "event_count": 1,
      "train_ratio": 0.8006330486059923,
      "pos_rate_train": 0.6847602932882121,
      "class_strategy": "none"
    }
  },
  "groupkfold_event": {
    "1": {
      "rows_train": 69189,
      "rows_test": 0,
      "auc": null,
      "brier": null,
      "pr_auc": null,
      "event_count": 1,
      "folds": 0,
      "note": "insufficient training data"
    },
    "2": {
      "rows_train": 69189,
      "rows_test": 0,
      "auc": null,
      "brier": null,
      "pr_auc": null,
      "event_count": 1,
      "folds": 0,
      "note": "insufficient training data"
    },
    "4": {
      "rows_train": 69189,
      "rows_test": 0,
      "auc": null,
      "brier": null,
      "pr_auc": null,
      "event_count": 1,
      "folds": 0,
      "note": "insufficient training data"
    },
    "8": {
      "rows_train": 69189,
      "rows_test": 0,
      "auc": null,
      "brier": null,
      "pr_auc": null,
      "event_count": 1,
      "folds": 0,
      "note": "insufficient training data"
    }
  },
  "calibration": {
    "1": {
      "rows": 11070,
      "brier": 0.21027440860618954,
      "ece": 1.4973468615766566e-17,
      "method": "isotonic"
    },
    "2": {
      "rows": 11070,
      "brier": 0.22095336649431982,
      "ece": 3.9890804701414276e-17,
      "method": "isotonic"
    },
    "4": {
      "rows": 11070,
      "brier": 0.20095755040988278,
      "ece": 2.9204782725460305e-17,
      "method": "isotonic"
    },
    "8": {
      "rows": 11070,
      "brier": 0.16852941456701376,
      "ece": 7.657479989854766e-17,
      "method": "isotonic"
    }
  },
  "ranking": {
    "1": {
      "rows_test": 13794,
      "overall": [
        {
          "k": 10,
          "precision": 1.0,
          "recall": 0.002057189878625797,
          "total_positives": 4861
        },
        {
          "k": 25,
          "precision": 0.96,
          "recall": 0.004937255708701913,
          "total_positives": 4861
        },
        {
          "k": 50,
          "precision": 0.9,
          "recall": 0.009257354453816088,
          "total_positives": 4861
        },
        {
          "k": 100,
          "precision": 0.88,
          "recall": 0.018103270931907015,
          "total_positives": 4861
        }
      ],
      "priority_1": [
        {
          "k": 10,
          "precision": 0.8,
          "recall": 0.0026472534745201853,
          "total_positives": 3022
        },
        {
          "k": 25,
          "precision": 0.88,
          "recall": 0.00727994705493051,
          "total_positives": 3022
        },
        {
          "k": 50,
          "precision": 0.82,
          "recall": 0.013567174056915949,
          "total_positives": 3022
        },
        {
          "k": 100,
          "precision": 0.74,
          "recall": 0.024487094639311716,
          "total_positives": 3022
        }
      ],
      "other": [
        {
          "k": 10,
          "precision": 0.9,
          "recall": 0.004893964110929853,
          "total_positives": 1839
        },
        {
          "k": 25,
          "precision": 0.96,
          "recall": 0.013050570962479609,
          "total_positives": 1839
        },
        {
          "k": 50,
          "precision": 0.9,
          "recall": 0.024469820554649267,
          "total_positives": 1839
        },
        {
          "k": 100,
          "precision": 0.84,
          "recall": 0.04567699836867863,
          "total_positives": 1839
        }
      ]
    },
    "2": {
      "rows_test": 13794,
      "overall": [
        {
          "k": 10,
          "precision": 1.0,
          "recall": 0.0015701051970482022,
          "total_positives": 6369
        },
        {
          "k": 25,
          "precision": 0.96,
          "recall": 0.0037682524729156855,
          "total_positives": 6369
        },
        {
          "k": 50,
          "precision": 0.9,
          "recall": 0.00706547338671691,
          "total_positives": 6369
        },
        {
          "k": 100,
          "precision": 0.94,
          "recall": 0.0147589888522531,
          "total_positives": 6369
        }
      ],
      "priority_1": [
        {
          "k": 10,
          "precision": 0.9,
          "recall": 0.0022026431718061676,
          "total_positives": 4086
        },
        {
          "k": 25,
          "precision": 0.88,
          "recall": 0.0053842388644150755,
          "total_positives": 4086
        },
        {
          "k": 50,
          "precision": 0.92,
          "recall": 0.011257953989231522,
          "total_positives": 4086
        },
        {
          "k": 100,
          "precision": 0.9,
          "recall": 0.022026431718061675,
          "total_positives": 4086
        }
      ],
      "other": [
        {
          "k": 10,
          "precision": 0.9,
          "recall": 0.003942181340341655,
          "total_positives": 2283
        },
        {
          "k": 25,
          "precision": 0.96,
          "recall": 0.010512483574244415,
          "total_positives": 2283
        },
        {
          "k": 50,
          "precision": 0.96,
          "recall": 0.02102496714848883,
          "total_positives": 2283
        },
        {
          "k": 100,
          "precision": 0.93,
          "recall": 0.040735873850197106,
          "total_positives": 2283
        }
      ]
    },
    "4": {
      "rows_test": 13794,
      "overall": [
        {
          "k": 10,
          "precision": 1.0,
          "recall": 0.0012759984688018374,
          "total_positives": 7837
        },
        {
          "k": 25,
          "precision": 0.96,
          "recall": 0.00306239632512441,
          "total_positives": 7837
        },
        {
          "k": 50,
          "precision": 0.94,
          "recall": 0.005997192803368636,
          "total_positives": 7837
        },
        {
          "k": 100,
          "precision": 0.96,
          "recall": 0.01224958530049764,
          "total_positives": 7837
        }
      ],
      "priority_1": [
        {
          "k": 10,
          "precision": 1.0,
          "recall": 0.0019413706076490001,
          "total_positives": 5151
        },
        {
          "k": 25,
          "precision": 1.0,
          "recall": 0.0048534265191225,
          "total_positives": 5151
        },
        {
          "k": 50,
          "precision": 0.98,
          "recall": 0.009512715977480102,
          "total_positives": 5151
        },
        {
          "k": 100,
          "precision": 0.95,
          "recall": 0.018443020772665502,
          "total_positives": 5151
        }
      ],
      "other": [
        {
          "k": 10,
          "precision": 1.0,
          "recall": 0.0037230081906180195,
          "total_positives": 2686
        },
        {
          "k": 25,
          "precision": 0.96,