{
  "within_event_time": {
    "1": {
      "rows_train": 48677,
      "rows_test": 15040,
      "auc": 0.6676922802643335,
      "brier": 0.21051023795758905,
      "pr_auc": 0.49568189824498265,
      "event_count": 1,
      "train_ratio": 0.8018105867935219,
      "pos_rate_train": 0.34570741828789775,
      "class_strategy": "none"
    },
    "2": {
      "rows_train": 48677,
      "rows_test": 15040,
      "auc": 0.671386937341925,
      "brier": 0.23157800791777858,
      "pr_auc": 0.6135517399527416,
      "event_count": 1,
      "train_ratio": 0.8018105867935219,
      "pos_rate_train": 0.4696057686381659,
      "class_strategy": "none"
    },
    "4": {
      "rows_train": 48677,
      "rows_test": 15040,
      "auc": 0.6857735356671667,
      "brier": 0.22536674536147439,
      "pr_auc": 0.7482859811324358,
      "event_count": 1,
      "train_ratio": 0.8018105867935219,
      "pos_rate_train": 0.5841362450438605,
      "class_strategy": "none"
    },
    "8": {
      "rows_train": 48677,
      "rows_test": 15040,
      "auc": 0.7169084299443392,
      "brier": 0.1922666203905969,
      "pr_auc": 0.8357351490010771,
      "event_count": 1,
      "train_ratio": 0.8018105867935219,
      "pos_rate_train": 0.6887647143414755,
      "class_strategy": "none"
    }
  },
  "groupkfold_event": {
    "1": {
      "rows_train": 75887,
      "rows_test": 0,
      "auc": null,
      "brier": null,
      "pr_auc": null,
      "event_count": 1,
      "folds": 0,
      "note": "insufficient training data"
    },
    "2": {
      "rows_train": 75887,
      "rows_test": 0,
      "auc": null,
      "brier": null,
      "pr_auc": null,
      "event_count": 1,
      "folds": 0,
      "note": "insufficient training data"
    },
    "4": {
      "rows_train": 75887,
      "rows_test": 0,
      "auc": null,
      "brier": null,
      "pr_auc": null,
      "event_count": 1,
      "folds": 0,
      "note": "insufficient training data"
    },
    "8": {
      "rows_train": 75887,
      "rows_test": 0,
      "auc": null,
      "brier": null,
      "pr_auc": null,
      "event_count": 1,
      "folds": 0,
      "note": "insufficient training data"
    }
  },
  "calibration": {
    "1": {
      "rows": 12170,
      "brier": 0.21240620045813338,
      "ece": 5.978053804740057e-17,
      "method": "isotonic"
    },
    "2": {
      "rows": 12170,
      "brier": 0.2181843761011217,
      "ece": 1.7424206877847567e-18,
      "method": "isotonic"
    },
    "4": {
      "rows": 12170,
      "brier": 0.2043167070342189,
      "ece": 2.4152140161833214e-17,
      "method": "isotonic"
    },
    "8": {
      "rows": 12170,
      "brier": 0.1711193126298769,
      "ece": 9.142235038028765e-17,
      "method": "isotonic"
    }
  },
  "ranking": {
    "1": {
      "rows_test": 15040,
      "overall": [
        {
          "k": 10,
          "precision": 1.0,
          "recall": 0.0019062142584826535,
          "total_positives": 5246
        },
        {
          "k": 25,
          "precision": 0.96,
          "recall": 0.004574914220358368,
          "total_positives": 5246
        },
        {
          "k": 50,
          "precision": 0.98,
          "recall": 0.009340449866565003,
          "total_positives": 5246
        },
        {
          "k": 100,
          "precision": 0.89,
          "recall": 0.016965306900495615,
          "total_positives": 5246
        }
      ],
      "priority_1": [
        {
          "k": 10,
          "precision": 0.9,
          "recall": 0.002528800224782242,
          "total_positives": 3559
        },
        {
          "k": 25,
          "precision": 0.76,
          "recall": 0.005338578252318067,
          "total_positives": 3559
        },
        {
          "k": 50,
          "precision": 0.72,
          "recall": 0.010115200899128969,
          "total_positives": 3559
        },
        {
          "k": 100,
          "precision": 0.71,
          "recall": 0.019949423995504357,
          "total_positives": 3559
        }
      ],
      "other": [
        {
          "k": 10,
          "precision": 0.9,
          "recall": 0.005334914048606995,
          "total_positives": 1687
        },
        {
          "k": 25,
          "precision": 0.96,
          "recall": 0.014226437462951986,
          "total_positives": 1687
        },
        {
          "k": 50,
          "precision": 0.98,
          "recall": 0.029045643153526972,
          "total_positives": 1687
        },
        {
          "k": 100,
          "precision": 0.86,
          "recall": 0.05097806757557795,
          "total_positives": 1687
        }
      ]
    },
    "2": {
      "rows_test": 15040,
      "overall": [
        {
          "k": 10,
          "precision": 0.8,
          "recall": 0.0011918951132300357,
          "total_positives": 6712
        },
        {
          "k": 25,
          "precision": 0.92,
          "recall": 0.0034266984505363527,
          "total_positives": 6712
        },
        {
          "k": 50,
          "precision": 0.96,
          "recall": 0.007151370679380214,
          "total_positives": 6712
        },
        {
          "k": 100,
          "precision": 0.96,
          "recall": 0.014302741358760428,
          "total_positives": 6712
        }
      ],
      "priority_1": [
        {
          "k": 10,
          "precision": 0.9,
          "recall": 0.001962066710268149,
          "total_positives": 4587
        },
        {
          "k": 25,
          "precision": 0.88,
          "recall": 0.004796163069544364,
          "total_positives": 4587
        },
        {
          "k": 50,
          "precision": 0.9,
          "recall": 0.009810333551340745,
          "total_positives": 4587
        },
        {
          "k": 100,
          "precision": 0.85,
          "recall": 0.018530630041421407,
          "total_positives": 4587
        }
      ],
      "other": [
        {
          "k": 10,
          "precision": 1.0,
          "recall": 0.004705882352941176,
          "total_positives": 2125
        },
        {
          "k": 25,
          "precision": 1.0,
          "recall": 0.011764705882352941,
          "total_positives": 2125
        },
        {
          "k": 50,
          "precision": 1.0,
          "recall": 0.023529411764705882,
          "total_positives": 2125
        },
        {
          "k": 100,
          "precision": 0.95,
          "recall": 0.04470588235294118,
          "total_positives": 2125
        }
      ]
    },
    "4": {
      "rows_test": 15040,
      "overall": [
        {
          "k": 10,
          "precision": 1.0,
          "recall": 0.0011642798928862498,
          "total_positives": 8589
        },
        {
          "k": 25,
          "precision": 1.0,
          "recall": 0.0029106997322156246,
          "total_positives": 8589
        },
        {
          "k": 50,
          "precision": 0.96,
          "recall": 0.005588543485853999,
          "total_positives": 8589
        },
        {
          "k": 100,
          "precision": 0.95,
          "recall": 0.011060658982419374,
          "total_positives": 8589
        }
      ],
      "priority_1": [
        {
          "k": 10,
          "precision": 1.0,
          "recall": 0.0016789791806581598,
          "total_positives": 5956
        },
        {
          "k": 25,
          "precision": 0.96,
          "recall": 0.004029550033579583,
          "total_positives": 5956
        },
        {
          "k": 50,
          "precision": 0.96,
          "recall": 0.008059100067159167,
          "total_positives": 5956
        },
        {
          "k": 100,
          "precision": 0.97,
          "recall": 0.01628609805238415,
          "total_positives": 5956
        }
      ],
      "other": [
        {
          "k": 10,
          "precision": 0.9,
          "recall": 0.003418154196733764,
          "total_positives": 2633
        },
        {
          "k": 25,
          "precision": 0.96,