{
  "within_event_time": {
    "1": {
      "rows_train": 27672,
      "rows_test": 8991,
      "auc": 0.6729214698998071,
      "brier": 0.2706929665729445,
      "pr_auc": 0.5705118638967202,
      "event_count": 1,
      "train_ratio": 0.7938316899793625,
      "pos_rate_train": 0.3083622434229546,
      "class_strategy": "none"
    },
    "2": {
      "rows_train": 27672,
      "rows_test": 8991,
      "auc": 0.6742181842908157,
      "brier": 0.22578001698778985,
      "pr_auc": 0.7043446942478062,
      "event_count": 1,
      "train_ratio": 0.7938316899793625,
      "pos_rate_train": 0.42111159294593814,
      "class_strategy": "none"
    },
    "4": {
      "rows_train": 27672,
      "rows_test": 8991,
      "auc": 0.7044845853093756,
      "brier": 0.2587541340562928,
      "pr_auc": 0.7777820706162532,
      "event_count": 1,
      "train_ratio": 0.7938316899793625,
      "pos_rate_train": 0.5235255854293148,
      "class_strategy": "none"
    },
    "8": {
      "rows_train": 27672,
      "rows_test": 8991,
      "auc": 0.6864294111977267,
      "brier": 0.24990059247149285,
      "pr_auc": 0.8121558086938836,
      "event_count": 1,
      "train_ratio": 0.7938316899793625,
      "pos_rate_train": 0.611809771610292,
      "class_strategy": "none"
    }
  },
  "groupkfold_event": {
    "1": {
      "rows_train": 43610,
      "rows_test": 0,
      "auc": null,
      "brier": null,
      "pr_auc": null,
      "event_count": 1,
      "folds": 0,
      "note": "insufficient training data"
    },
    "2": {
      "rows_train": 43610,
      "rows_test": 0,
      "auc": null,
      "brier": null,
      "pr_auc": null,
      "event_count": 1,
      "folds": 0,
      "note": "insufficient training data"
    },
    "4": {
      "rows_train": 43610,
      "rows_test": 0,
      "auc": null,
      "brier": null,
      "pr_auc": null,
      "event_count": 1,
      "folds": 0,
      "note": "insufficient training data"
    },
    "8": {
      "rows_train": 43610,
      "rows_test": 0,
      "auc": null,
      "brier": null,
      "pr_auc": null,
      "event_count": 1,
      "folds": 0,
      "note": "insufficient training data"
    }
  },
  "calibration": {
    "1": {
      "rows": 6947,
      "brier": 0.2002711606487064,
      "ece": 1.5681680479536994e-17,
      "method": "isotonic"
    },
    "2": {
      "rows": 6947,
      "brier": 0.21852996381351977,
      "ece": 4.0420779977446054e-17,
      "method": "isotonic"
    },
    "4": {
      "rows": 6947,
      "brier": 0.17501098549021532,
      "ece": 9.85648553962236e-18,
      "method": "isotonic"
    },
    "8": {
      "rows": 6947,
      "brier": 0.11906909020708646,
      "ece": 5.654194704367071e-17,
      "method": "isotonic"
    }
  },
  "ranking": {
    "1": {
      "rows_test": 8991,
      "overall": [
        {
          "k": 10,
          "precision": 1.0,
          "recall": 0.0026925148088314485,
          "total_positives": 3714
        },
        {
          "k": 25,
          "precision": 0.96,
          "recall": 0.006462035541195477,
          "total_positives": 3714
        },
        {
          "k": 50,
          "precision": 0.96,
          "recall": 0.012924071082390954,
          "total_positives": 3714
        },
        {
          "k": 100,
          "precision": 0.91,
          "recall": 0.02450188476036618,
          "total_positives": 3714
        }
      ],
      "priority_1": [
        {
          "k": 10,
          "precision": 1.0,
          "recall": 0.0035574528637495554,
          "total_positives": 2811
        },
        {
          "k": 25,
          "precision": 0.96,
          "recall": 0.008537886872998933,
          "total_positives": 2811
        },
        {
          "k": 50,
          "precision": 0.96,
          "recall": 0.017075773745997867,
          "total_positives": 2811
        },
        {
          "k": 100,
          "precision": 0.85,
          "recall": 0.03023834934187122,
          "total_positives": 2811
        }
      ],
      "other": [
        {
          "k": 10,
          "precision": 1.0,
          "recall": 0.01107419712070875,
          "total_positives": 903
        },
        {
          "k": 25,
          "precision": 1.0,
          "recall": 0.02768549280177187,
          "total_positives": 903
        },
        {
          "k": 50,
          "precision": 0.88,
          "recall": 0.048726467331118496,
          "total_positives": 903
        },
        {
          "k": 100,
          "precision": 0.73,
          "recall": 0.08084163898117387,
          "total_positives": 903
        }
      ]
    },
    "2": {
      "rows_test": 8991,
      "overall": [
        {
          "k": 10,
          "precision": 1.0,
          "recall": 0.0020329335230737954,
          "total_positives": 4919
        },
        {
          "k": 25,
          "precision": 0.92,
          "recall": 0.00467574710306973,
          "total_positives": 4919
        },
        {
          "k": 50,
          "precision": 0.9,
          "recall": 0.00914820085383208,
          "total_positives": 4919
        },
        {
          "k": 100,
          "precision": 0.91,
          "recall": 0.018499695059971538,
          "total_positives": 4919
        }
      ],
      "priority_1": [
        {
          "k": 10,
          "precision": 0.8,
          "recall": 0.0021344717182497333,
          "total_positives": 3748
        },
        {
          "k": 25,
          "precision": 0.88,
          "recall": 0.005869797225186766,
          "total_positives": 3748
        },
        {
          "k": 50,
          "precision": 0.9,
          "recall": 0.01200640341515475,
          "total_positives": 3748
        },
        {
          "k": 100,
          "precision": 0.89,
          "recall": 0.023745997865528282,
          "total_positives": 3748
        }
      ],
      "other": [
        {
          "k": 10,
          "precision": 1.0,
          "recall": 0.008539709649871904,
          "total_positives": 1171
        },
        {
          "k": 25,
          "precision": 1.0,
          "recall": 0.02134927412467976,
          "total_positives": 1171
        },
        {
          "k": 50,
          "precision": 0.96,
          "recall": 0.04099060631938514,
          "total_positives": 1171
        },
        {
          "k": 100,
          "precision": 0.91,
          "recall": 0.07771135781383433,
          "total_positives": 1171
        }
      ]
    },
    "4": {
      "rows_test": 8991,
      "overall": [
        {
          "k": 10,
          "precision": 0.9,
          "recall": 0.0015592515592515593,
          "total_positives": 5772
        },
        {
          "k": 25,
          "precision": 0.84,
          "recall": 0.0036382536382536385,
          "total_positives": 5772
        },
        {
          "k": 50,
          "precision": 0.9,
          "recall": 0.007796257796257797,
          "total_positives": 5772
        },
        {
          "k": 100,
          "precision": 0.9,
          "recall": 0.015592515592515593,
          "total_positives": 5772
        }
      ],
      "priority_1": [
        {
          "k": 10,
          "precision": 0.9,
          "recall": 0.0020646937370956643,
          "total_positives": 4359
        },
        {
          "k": 25,
          "precision": 0.92,
          "recall": 0.005276439550355586,
          "total_positives": 4359
        },
        {
          "k": 50,
          "precision": 0.92,
          "recall": 0.010552879100711171,
          "total_positives": 4359
        },
        {
          "k": 100,
          "precision": 0.89,
          "recall": 0.02041752695572379,
          "total_positives": 4359
        }
      ],
      "other": [
        {
          "k": 10,
          "precision": 1.0,
          "recall": 0.007077140835102618,
          "total_positives": 1413
        },
        {
          "k": 25,
          "precision": 1.0,
          "recall": 0.017692852087756547,