{
  "rows_train": 15536,
  "rows_test": 3800,
  "MAE_hours": 4.194379699270613,
  "RMSE_hours": 5.880456209772792,
  "cutoff_utc": "2025-12-27 19:44:10.336801024+00:00"
}